order_id,customer_id,seller_id,order_date,order_value,quantity,product_category,discount_pct,payment_method,customer_state,delivery_zone,customer_order_count,customer_previous_rto_count,customer_previous_cancel_count,previous_successful_orders,customer_previous_rto_rate,days_since_last_order,seller_previous_orders,seller_previous_rto_count,seller_previous_rto_rate,orders_last_24h,orders_last_7d,device_order_count_7d,multiple_accounts_device,address_order_count,distance_seller_customer_km,estimated_delivery_days,is_weekend,is_holiday,seller_rating,customer_account_age_days,cod_amount,address_change_count_30d,failed_delivery_attempts_previous,night_order,rto
ORD000001,17270,1161,2024-01-01 00:00:00,644.31,2,Beauty,22.2,Wallet,Maharashtra,Urban,10,3,1,6,0.3,4.6,767,115,0.1499,0,5,3,0,3,417.4,4,0,0,3.57,1895,0.0,0,0,1,0
ORD000002,17603,1745,2024-01-01 01:00:00,1827.83,1,Beauty,17.2,UPI,West Bengal,Rural,10,3,1,6,0.3,17.6,745,113,0.1517,2,7,4,0,3,36.8,5,0,0,4.19,1634,0.0,0,1,1,0
ORD000003,10860,1379,2024-01-01 02:00:00,1015.89,1,Footwear,28.2,COD,Delhi,Urban,4,1,0,3,0.25,75.6,720,15,0.0208,0,10,3,1,3,70.0,3,0,0,4.21,1256,1015.89,0,0,1,1
ORD000004,15390,1655,2024-01-01 03:00:00,950.85,1,Footwear,12.0,Credit Card,West Bengal,Rural,10,0,1,9,0.0,18.1,761,127,0.1669,1,4,2,0,3,54.7,3,0,0,4.1,906,0.0,2,0,1,0
ORD000005,15226,1357,2024-01-01 04:00:00,1261.08,4,Home,15.2,Wallet,West Bengal,Urban,5,1,2,2,0.2,22.9,792,198,0.25,1,3,4,0,1,93.9,4,0,0,3.95,1969,0.0,0,0,1,0
ORD000006,15191,1187,2024-01-01 05:00:00,1689.97,1,Fashion,19.9,COD,Bihar,Semi-Urban,6,0,3,3,0.0,14.0,753,12,0.0159,4,8,1,0,5,111.9,6,0,0,3.88,1164,1689.97,0,1,1,1
ORD000007,13772,1321,2024-01-01 06:00:00,616.84,3,Home,7.3,COD,Maharashtra,Urban,6,2,0,4,0.3333,41.5,719,109,0.1516,4,11,1,1,3,144.5,5,0,0,4.22,643,616.84,0,0,0,1
ORD000008,13092,1449,2024-01-01 07:00:00,1851.5,1,Electronics,21.2,UPI,Maharashtra,Urban,7,0,2,5,0.0,5.3,749,71,0.0948,1,6,3,0,1,346.2,6,0,0,3.38,369,0.0,0,1,0,0
ORD000009,15734,1473,2024-01-01 08:00:00,2617.34,4,Beauty,23.4,COD,Bihar,Semi-Urban,9,0,0,9,0.0,18.1,726,17,0.0234,2,10,4,0,1,215.7,2,0,0,4.22,1707,2617.34,1,0,0,0
ORD000010,16265,1012,2024-01-01 09:00:00,466.07,2,Home,25.1,Wallet,Karnataka,Urban,11,0,5,6,0.0,10.8,719,113,0.1572,3,5,3,0,2,97.7,2,0,0,3.96,1230,0.0,0,0,0,1
ORD000011,10466,1183,2024-01-01 10:00:00,1295.92,1,Beauty,3.8,Credit Card,Bihar,Semi-Urban,9,0,0,9,0.0,47.9,765,53,0.0693,2,5,3,1,2,161.9,2,0,0,4.77,417,0.0,1,1,0,0
ORD000012,15334,1110,2024-01-01 11:00:00,913.28,2,Beauty,6.0,COD,Bihar,Rural,10,0,1,9,0.0,15.2,723,48,0.0664,3,8,4,0,5,10.2,4,0,0,3.62,108,913.28,0,0,0,1
ORD000013,14426,1507,2024-01-01 12:00:00,1668.26,1,Home,19.7,Debit Card,Bihar,Urban,11,1,0,10,0.0909,6.5,721,123,0.1706,2,6,4,0,2,167.1,2,0,0,3.9,1219,0.0,0,0,0,0
ORD000014,15578,1289,2024-01-01 13:00:00,528.48,1,Home,8.5,Debit Card,West Bengal,Urban,8,1,0,7,0.125,55.9,797,275,0.345,3,6,5,0,2,216.8,1,0,0,4.39,1190,0.0,2,0,0,0
ORD000015,16231,1294,2024-01-01 14:00:00,2914.24,1,Footwear,16.6,COD,Maharashtra,Semi-Urban,8,1,1,6,0.125,19.6,748,64,0.0856,1,9,5,0,4,162.8,5,0,0,3.82,1709,2914.24,0,0,0,1
ORD000016,13444,1450,2024-01-01 15:00:00,417.91,1,Fashion,15.5,UPI,Karnataka,Rural,6,3,0,3,0.5,45.6,740,161,0.2176,2,8,2,0,4,133.3,2,0,0,4.08,20,0.0,0,0,0,0
ORD000017,13171,1214,2024-01-01 16:00:00,947.13,1,Footwear,19.4,COD,Delhi,Semi-Urban,14,2,0,12,0.1429,12.1,740,50,0.0676,0,5,2,0,5,77.6,3,0,0,4.73,215,947.13,0,0,0,1
ORD000018,12919,1631,2024-01-01 17:00:00,1423.08,2,Fashion,10.4,COD,Delhi,Urban,8,0,0,8,0.0,79.4,728,118,0.1621,0,2,2,0,3,100.8,2,0,0,4.22,985,1423.08,0,0,0,1
ORD000019,17831,1566,2024-01-01 18:00:00,726.47,2,Home,11.4,COD,Delhi,Semi-Urban,13,3,0,10,0.2308,29.0,762,47,0.0617,3,7,1,0,9,39.9,4,0,0,3.57,1764,726.47,0,1,0,0
ORD000020,10130,1026,2024-01-01 19:00:00,661.14,1,Fashion,24.6,COD,Karnataka,Urban,11,1,0,10,0.0909,77.6,752,23,0.0306,4,8,2,1,5,187.7,3,0,0,4.1,1104,661.14,0,0,0,1
ORD000021,11685,1629,2024-01-01 20:00:00,1253.06,3,Electronics,5.5,Credit Card,Delhi,Urban,6,0,0,6,0.0,8.0,762,66,0.0866,0,7,4,0,3,186.6,1,0,0,4.07,1741,0.0,0,0,0,0
ORD000022,17476,1732,2024-01-01 21:00:00,1149.01,2,Footwear,8.1,Debit Card,Karnataka,Semi-Urban,12,2,0,10,0.1667,22.9,744,62,0.0833,3,6,4,0,2,31.4,4,0,0,4.13,206,0.0,0,1,0,0
ORD000023,10769,1230,2024-01-01 22:00:00,1100.55,4,Footwear,14.2,COD,Delhi,Semi-Urban,10,2,2,6,0.2,4.9,764,19,0.0249,4,10,3,0,3,22.7,4,0,0,4.46,684,1100.55,2,0,1,0
ORD000024,12391,1564,2024-01-01 23:00:00,1835.76,2,Footwear,10.4,COD,Delhi,Urban,10,2,0,8,0.2,1.3,749,71,0.0948,0,6,4,1,2,196.1,2,0,0,3.71,486,1835.76,0,0,1,1
ORD000025,15611,1320,2024-01-02 00:00:00,865.51,1,Beauty,7.8,COD,Karnataka,Semi-Urban,7,0,0,7,0.0,4.0,770,29,0.0377,3,7,4,0,5,129.8,7,0,0,4.1,1451,865.51,0,0,1,1
ORD000026,17581,1232,2024-01-02 01:00:00,1328.43,1,Beauty,7.5,Debit Card,Maharashtra,Urban,12,0,0,12,0.0,33.4,778,89,0.1144,2,9,2,0,1,104.1,5,0,0,4.23,838,0.0,0,1,1,0
ORD000027,16949,1669,2024-01-02 02:00:00,809.19,2,Home,8.8,Credit Card,Karnataka,Urban,14,1,1,12,0.0714,50.1,703,72,0.1024,2,11,2,0,2,229.3,5,0,0,3.46,1974,0.0,0,0,1,0
ORD000028,12433,1436,2024-01-02 03:00:00,658.79,1,Home,11.5,UPI,Karnataka,Rural,10,0,1,9,0.0,1.6,760,64,0.0842,1,9,4,0,3,72.0,3,0,0,4.13,42,0.0,0,0,1,0
ORD000029,15311,1780,2024-01-02 04:00:00,924.4,1,Beauty,10.9,Credit Card,Bihar,Urban,12,1,0,11,0.0833,11.2,745,69,0.0926,1,8,2,1,2,73.8,4,0,0,4.39,569,0.0,0,0,1,0
ORD000030,15051,1532,2024-01-02 05:00:00,813.01,1,Footwear,10.6,COD,West Bengal,Urban,8,0,1,7,0.0,18.5,791,96,0.1214,2,7,3,0,4,195.1,4,0,0,4.34,39,813.01,2,0,1,1
ORD000031,16420,1402,2024-01-02 06:00:00,837.75,1,Beauty,6.5,COD,West Bengal,Semi-Urban,14,1,0,13,0.0714,15.2,722,46,0.0637,4,9,4,0,1,67.8,3,0,0,4.3,1913,837.75,0,0,0,0
ORD000032,11184,1052,2024-01-02 07:00:00,2206.57,1,Fashion,26.7,COD,Maharashtra,Semi-Urban,6,0,2,4,0.0,1.6,781,70,0.0896,2,7,1,0,8,96.1,6,0,0,4.27,1714,2206.57,0,0,0,1
ORD000033,14555,1786,2024-01-02 08:00:00,941.56,1,Footwear,10.4,UPI,Maharashtra,Semi-Urban,5,0,0,5,0.0,8.1,715,110,0.1538,0,2,2,0,3,60.4,5,0,0,4.34,1768,0.0,0,2,0,0
ORD000034,13385,1312,2024-01-02 09:00:00,736.76,1,Beauty,27.4,UPI,Maharashtra,Rural,6,1,0,5,0.1667,15.3,745,92,0.1235,2,11,3,0,2,101.9,4,0,0,3.62,109,0.0,2,0,0,0
ORD000035,14117,1280,2024-01-02 10:00:00,1115.26,2,Home,4.0,COD,West Bengal,Urban,9,2,0,7,0.2222,0.7,743,104,0.14,1,9,3,0,1,78.3,3,0,0,4.06,449,1115.26,0,0,0,1
ORD000036,16396,1725,2024-01-02 11:00:00,1167.4,1,Beauty,44.4,COD,Maharashtra,Urban,7,0,0,7,0.0,20.6,763,151,0.1979,1,5,6,0,2,94.1,2,0,0,4.16,1388,1167.4,0,0,0,1
ORD000037,14843,1030,2024-01-02 12:00:00,538.01,1,Electronics,20.9,UPI,Maharashtra,Semi-Urban,8,0,0,8,0.0,33.4,769,293,0.381,3,8,3,0,3,106.5,5,0,0,4.78,1678,0.0,0,0,0,0
ORD000038,12904,1336,2024-01-02 13:00:00,916.86,1,Beauty,9.2,COD,Karnataka,Urban,6,0,0,6,0.0,5.7,772,86,0.1114,1,8,5,0,1,152.7,3,0,0,4.32,246,916.86,1,0,0,0
ORD000039,17728,1182,2024-01-02 14:00:00,894.97,1,Footwear,11.3,COD,Karnataka,Semi-Urban,2,0,0,2,0.0,16.4,745,113,0.1517,1,7,3,0,4,638.0,5,0,0,3.79,804,894.97,0,0,0,0
ORD000040,10474,1022,2024-01-02 15:00:00,989.02,1,Beauty,18.6,COD,West Bengal,Semi-Urban,5,0,0,5,0.0,14.1,697,21,0.0301,2,8,2,0,2,190.4,5,0,0,3.85,104,989.02,0,1,0,0
ORD000041,11082,1543,2024-01-02 16:00:00,1694.79,1,Home,21.1,COD,Karnataka,Semi-Urban,9,1,1,7,0.1111,10.0,737,71,0.0963,4,9,6,0,3,297.1,2,0,0,4.03,23,1694.79,0,1,0,1
ORD000042,12558,1445,2024-01-02 17:00:00,1190.35,1,Fashion,9.4,UPI,Maharashtra,Semi-Urban,5,1,0,4,0.2,31.0,748,73,0.0976,2,9,3,0,3,177.1,5,0,0,3.13,1132,0.0,1,0,0,1
ORD000043,17849,1073,2024-01-02 18:00:00,2291.04,2,Electronics,9.5,COD,Karnataka,Urban,8,1,0,7,0.125,36.1,761,200,0.2628,1,5,2,1,1,168.3,3,0,0,4.08,1614,2291.04,0,0,0,0
ORD000044,12047,1009,2024-01-02 19:00:00,1088.99,1,Footwear,25.7,Debit Card,Bihar,Semi-Urban,3,0,0,3,0.0,7.5,779,38,0.0488,0,5,6,0,2,198.0,6,0,0,4.28,1849,0.0,1,0,0,0
ORD000045,17643,1483,2024-01-02 20:00:00,3183.23,1,Home,12.8,COD,Karnataka,Semi-Urban,6,1,0,5,0.1667,114.8,744,47,0.0632,1,5,3,0,2,123.4,1,0,0,3.66,1511,3183.23,1,1,0,0
ORD000046,12747,1455,2024-01-02 21:00:00,831.75,1,Electronics,6.6,UPI,West Bengal,Semi-Urban,12,0,0,12,0.0,16.2,740,51,0.0689,1,6,3,0,1,103.7,4,0,0,3.93,1940,0.0,0,3,0,0
ORD000047,10975,1565,2024-01-02 22:00:00,691.08,2,Beauty,12.8,Debit Card,Maharashtra,Urban,10,2,1,7,0.2,82.0,749,47,0.0628,0,6,6,0,5,99.9,7,0,0,4.51,750,0.0,0,0,1,0
ORD000048,11806,1563,2024-01-02 23:00:00,1522.92,3,Electronics,7.4,COD,Maharashtra,Urban,10,0,1,9,0.0,2.3,772,78,0.101,1,5,2,0,1,323.5,6,0,0,3.8,1060,1522.92,2,0,1,1
ORD000049,10189,1659,2024-01-03 00:00:00,2486.05,2,Fashion,8.3,COD,West Bengal,Urban,4,2,0,2,0.5,45.3,758,12,0.0158,1,3,5,0,3,132.0,5,0,0,3.6,370,2486.05,2,1,1,1
ORD000050,17101,1159,2024-01-03 01:00:00,479.49,1,Electronics,10.2,COD,Karnataka,Rural,13,1,0,12,0.0769,21.8,786,202,0.257,0,3,1,0,3,159.2,4,0,0,4.66,997,479.49,1,0,1,0
ORD000051,12734,1013,2024-01-03 02:00:00,974.38,1,Electronics,38.3,COD,Maharashtra,Urban,8,2,0,6,0.25,77.9,770,25,0.0325,0,6,2,0,1,168.4,7,0,0,4.56,1599,974.38,0,0,1,0
ORD000052,13005,1177,2024-01-03 03:00:00,760.16,1,Beauty,7.5,UPI,Maharashtra,Semi-Urban,10,2,1,7,0.2,26.1,766,196,0.2559,4,10,2,0,2,49.8,3,0,0,3.93,591,0.0,1,0,1,0
ORD000053,14658,1411,2024-01-03 04:00:00,1194.77,3,Beauty,15.1,COD,Bihar,Urban,8,0,2,6,0.0,29.0,751,12,0.016,0,5,2,0,3,121.9,2,0,0,4.48,1948,1194.77,0,0,1,1
ORD000054,11899,1052,2024-01-03 05:00:00,1103.24,1,Footwear,8.8,COD,West Bengal,Semi-Urban,14,3,1,10,0.2143,25.7,739,215,0.2909,1,5,2,0,2,297.6,4,0,0,4.43,429,1103.24,0,0,1,1
ORD000055,17734,1407,2024-01-03 06:00:00,2458.31,4,Beauty,24.0,Wallet,Karnataka,Urban,11,1,1,9,0.0909,4.5,743,92,0.1238,1,7,6,0,3,184.9,2,0,0,3.32,1564,0.0,1,1,0,0
ORD000056,11267,1021,2024-01-03 07:00:00,1027.58,2,Electronics,3.3,UPI,Karnataka,Rural,9,0,1,8,0.0,23.5,742,131,0.1765,1,7,2,0,2,73.9,7,0,0,4.54,40,0.0,0,0,0,0
ORD000057,16975,1029,2024-01-03 08:00:00,2502.06,2,Fashion,5.7,COD,Maharashtra,Rural,10,1,0,9,0.1,13.0,754,276,0.366,3,8,5,0,4,97.2,5,0,0,4.43,1239,2502.06,0,0,0,0
ORD000058,11528,1702,2024-01-03 09:00:00,907.72,1,Beauty,17.6,COD,Delhi,Urban,9,0,0,9,0.0,32.1,736,136,0.1848,1,10,2,0,5,58.2,3,0,0,3.64,663,907.72,0,0,0,0
ORD000059,13202,1259,2024-01-03 10:00:00,1911.97,2,Footwear,15.9,COD,Bihar,Semi-Urban,10,0,1,9,0.0,10.4,750,8,0.0107,2,6,4,0,3,252.8,4,0,0,4.21,1340,1911.97,0,1,0,0
ORD000060,13556,1204,2024-01-03 11:00:00,1257.9,1,Footwear,8.0,COD,Bihar,Semi-Urban,11,1,0,10,0.0909,34.8,717,145,0.2022,3,9,1,0,3,435.1,5,0,0,3.84,1672,1257.9,0,0,0,0
ORD000061,13890,1058,2024-01-03 12:00:00,3096.2,1,Electronics,16.7,COD,Bihar,Semi-Urban,7,1,0,6,0.1429,80.3,767,71,0.0926,1,6,2,0,1,77.8,3,0,0,4.4,885,3096.2,0,0,0,0
ORD000062,10646,1470,2024-01-03 13:00:00,452.05,1,Beauty,25.3,UPI,Maharashtra,Semi-Urban,13,0,1,12,0.0,3.1,746,125,0.1676,0,4,2,0,2,252.4,2,0,0,4.23,1222,0.0,0,0,0,0
ORD000063,16164,1775,2024-01-03 14:00:00,545.49,3,Beauty,8.6,COD,West Bengal,Rural,9,1,0,8,0.1111,19.1,768,85,0.1107,6,8,5,0,2,28.2,4,0,0,4.49,371,545.49,0,0,0,0
ORD000064,12888,1465,2024-01-03 15:00:00,3291.09,1,Footwear,12.3,Credit Card,West Bengal,Urban,6,0,2,4,0.0,26.2,762,180,0.2362,1,5,3,0,5,377.9,3,0,0,4.26,293,0.0,0,0,0,0
ORD000065,16310,1011,2024-01-03 16:00:00,706.3,1,Beauty,20.0,COD,Bihar,Urban,13,4,3,6,0.3077,13.2,804,143,0.1779,1,7,3,0,1,484.7,4,0,0,4.27,529,706.3,0,0,0,0
ORD000066,15393,1630,2024-01-03 17:00:00,733.71,1,Electronics,22.4,Credit Card,Delhi,Semi-Urban,12,0,1,11,0.0,41.3,794,71,0.0894,3,10,2,0,2,126.8,3,0,0,4.12,403,0.0,0,0,0,0
ORD000067,12435,1289,2024-01-03 18:00:00,648.44,2,Fashion,21.4,COD,Delhi,Semi-Urban,10,0,1,9,0.0,53.4,762,85,0.1115,1,6,3,0,3,189.6,5,0,0,4.34,552,648.44,0,0,0,0
ORD000068,10600,1759,2024-01-03 19:00:00,2184.34,2,Electronics,14.1,UPI,Karnataka,Urban,7,0,1,6,0.0,19.2,701,98,0.1398,3,6,3,0,4,38.4,1,0,0,4.67,1675,0.0,1,0,0,0
ORD000069,12363,1353,2024-01-03 20:00:00,516.94,2,Beauty,39.3,COD,Delhi,Urban,6,0,1,5,0.0,14.9,753,29,0.0385,3,10,4,0,1,337.2,5,0,0,4.03,802,516.94,0,0,0,1
ORD000070,12061,1638,2024-01-03 21:00:00,1111.51,1,Electronics,21.2,COD,Bihar,Semi-Urban,13,2,0,11,0.1538,33.1,786,83,0.1056,3,9,3,0,2,20.0,4,0,0,4.2,1657,1111.51,1,0,0,0
ORD000071,10241,1074,2024-01-03 22:00:00,935.08,1,Home,8.0,Credit Card,Karnataka,Semi-Urban,8,1,2,5,0.125,3.2,749,63,0.0841,1,6,4,1,2,67.2,1,0,0,3.86,1094,0.0,0,2,1,1
ORD000072,12041,1715,2024-01-03 23:00:00,2042.46,1,Home,10.3,COD,Bihar,Urban,11,2,1,8,0.1818,23.1,783,39,0.0498,3,6,2,0,3,6.6,5,0,0,3.94,1789,2042.46,0,0,1,1
ORD000073,12824,1560,2024-01-04 00:00:00,781.95,1,Beauty,18.4,Debit Card,West Bengal,Rural,9,1,0,8,0.1111,7.1,707,48,0.0679,1,6,2,0,2,158.4,1,0,0,4.01,1847,0.0,0,1,1,0
ORD000074,17513,1590,2024-01-04 01:00:00,1406.93,3,Beauty,30.9,Credit Card,Bihar,Urban,6,0,1,5,0.0,77.3,690,125,0.1812,2,4,2,0,1,18.0,3,0,0,3.88,1151,0.0,0,0,1,0
ORD000075,12612,1440,2024-01-04 02:00:00,543.09,1,Fashion,4.1,COD,Karnataka,Urban,10,1,0,9,0.1,22.1,715,18,0.0252,4,14,1,0,1,97.3,2,0,0,3.76,832,543.09,0,0,1,1
ORD000076,17041,1240,2024-01-04 03:00:00,4291.38,1,Electronics,8.9,Wallet,Bihar,Urban,13,5,0,8,0.3846,54.4,766,85,0.111,3,8,3,0,4,107.9,6,0,0,3.83,1909,0.0,0,0,1,1
ORD000077,11363,1153,2024-01-04 04:00:00,949.79,1,Fashion,6.9,COD,Maharashtra,Rural,8,2,1,5,0.25,8.6,748,83,0.111,2,5,2,0,5,136.1,3,0,0,3.99,1238,949.79,0,0,1,0
ORD000078,16235,1785,2024-01-04 05:00:00,1102.41,2,Beauty,15.4,COD,Karnataka,Semi-Urban,10,2,2,6,0.2,18.1,751,104,0.1385,2,6,4,0,5,257.7,5,0,0,4.32,542,1102.41,1,0,1,1
ORD000079,15486,1095,2024-01-04 06:00:00,2959.73,1,Beauty,30.5,Debit Card,Delhi,Urban,11,1,0,10,0.0909,6.2,799,218,0.2728,5,8,6,0,2,331.2,3,0,0,4.65,131,0.0,0,0,0,0
ORD000080,17099,1725,2024-01-04 07:00:00,771.24,1,Footwear,21.4,Wallet,West Bengal,Urban,14,3,1,10,0.2143,37.9,761,41,0.0539,2,9,3,0,3,78.0,3,0,0,4.09,818,0.0,0,0,0,1
ORD000081,11478,1293,2024-01-04 08:00:00,2982.24,2,Fashion,9.8,COD,Delhi,Semi-Urban,9,0,0,9,0.0,16.1,747,105,0.1406,1,14,2,1,2,179.3,6,0,0,4.26,1294,2982.24,0,1,0,0
ORD000082,17595,1208,2024-01-04 09:00:00,856.73,1,Beauty,29.7,UPI,Bihar,Semi-Urban,8,0,1,7,0.0,3.8,750,30,0.04,2,11,4,0,3,76.6,4,0,0,3.43,926,0.0,0,0,0,0
ORD000083,12556,1342,2024-01-04 10:00:00,1640.93,2,Home,16.4,COD,Delhi,Rural,10,2,1,7,0.2,4.8,725,134,0.1848,0,6,3,0,4,209.3,4,0,0,3.83,1705,1640.93,0,0,0,1
ORD000084,10775,1087,2024-01-04 11:00:00,777.74,1,Footwear,18.5,Credit Card,Karnataka,Semi-Urban,7,1,0,6,0.1429,37.6,727,85,0.1169,3,7,2,0,2,75.1,3,0,0,4.37,288,0.0,0,1,0,0
ORD000085,14014,1775,2024-01-04 12:00:00,486.08,2,Electronics,16.6,COD,Maharashtra,Urban,4,1,0,3,0.25,2.3,703,41,0.0583,3,11,2,0,2,379.7,5,0,0,3.64,1133,486.08,0,0,0,0
ORD000086,10034,1389,2024-01-04 13:00:00,1406.36,1,Footwear,15.7,COD,Delhi,Semi-Urban,6,1,0,5,0.1667,16.3,707,22,0.0311,1,10,4,0,2,349.5,3,0,0,3.24,492,1406.36,1,1,0,1
ORD000087,16349,1324,2024-01-04 14:00:00,1609.92,1,Electronics,14.6,COD,Bihar,Urban,8,0,0,8,0.0,7.6,711,116,0.1632,2,7,1,0,6,82.8,5,0,0,3.87,1488,1609.92,1,0,0,0
ORD000088,13152,1156,2024-01-04 15:00:00,497.93,3,Home,10.8,COD,Delhi,Rural,8,0,0,8,0.0,64.6,736,99,0.1345,3,9,3,0,2,307.0,3,0,0,3.79,1463,497.93,0,0,0,1
ORD000089,11955,1667,2024-01-04 16:00:00,912.11,1,Electronics,20.0,UPI,Delhi,Urban,11,1,0,10,0.0909,6.7,759,63,0.083,1,3,3,0,3,37.9,5,0,0,3.67,1493,0.0,0,0,0,0
ORD000090,11585,1650,2024-01-04 17:00:00,2253.99,1,Fashion,9.9,COD,Karnataka,Urban,7,0,2,5,0.0,4.6,717,93,0.1297,3,7,1,0,5,90.7,2,0,0,4.6,1670,2253.99,0,0,0,0
ORD000091,13943,1632,2024-01-04 18:00:00,1571.95,1,Electronics,18.7,UPI,Bihar,Urban,10,5,0,5,0.5,15.0,728,59,0.081,6,13,1,0,5,133.6,4,0,0,3.97,1147,0.0,0,0,0,0
ORD000092,17555,1576,2024-01-04 19:00:00,865.12,2,Electronics,25.7,UPI,Bihar,Urban,10,1,0,9,0.1,27.9,767,129,0.1682,5,8,3,0,4,80.2,4,0,1,4.44,1739,0.0,0,0,0,0
ORD000093,13073,1618,2024-01-04 20:00:00,766.23,1,Footwear,3.8,COD,Maharashtra,Urban,9,1,0,8,0.1111,29.3,753,63,0.0837,2,6,2,0,5,109.8,5,0,0,4.36,1672,766.23,1,0,0,1
ORD000094,11021,1658,2024-01-04 21:00:00,3529.62,4,Home,15.2,COD,Karnataka,Urban,5,0,0,5,0.0,26.0,769,11,0.0143,0,1,3,0,3,59.1,3,0,0,5.0,1070,3529.62,1,0,0,0
ORD000095,13461,1136,2024-01-04 22:00:00,460.28,4,Electronics,9.3,COD,Karnataka,Urban,9,1,0,8,0.1111,9.6,748,37,0.0495,3,12,1,0,4,51.2,5,0,0,4.07,139,460.28,0,0,1,0
ORD000096,12613,1673,2024-01-04 23:00:00,1058.37,2,Fashion,27.7,COD,West Bengal,Urban,8,1,0,7,0.125,0.7,733,72,0.0982,3,7,2,0,3,223.2,6,0,0,3.43,30,1058.37,0,0,1,0
ORD000097,15225,1427,2024-01-05 00:00:00,455.4,1,Footwear,20.8,COD,Maharashtra,Rural,9,0,0,9,0.0,26.8,753,28,0.0372,2,9,3,0,7,283.0,4,0,0,4.44,714,455.4,0,1,1,1
ORD000098,13843,1451,2024-01-05 01:00:00,2413.63,1,Home,4.1,COD,Maharashtra,Urban,11,0,1,10,0.0,57.7,662,50,0.0755,1,3,1,0,1,229.4,3,0,0,3.87,1530,2413.63,0,0,1,1
ORD000099,17989,1611,2024-01-05 02:00:00,1091.96,2,Home,10.9,COD,Bihar,Rural,8,0,0,8,0.0,9.6,821,60,0.0731,1,7,4,0,3,34.9,1,0,0,4.32,173,1091.96,0,0,1,0
ORD000100,11500,1140,2024-01-05 03:00:00,1220.36,1,Beauty,28.6,UPI,Bihar,Urban,12,1,0,11,0.0833,4.1,720,164,0.2278,0,6,3,0,1,37.5,3,0,0,4.02,313,0.0,0,0,1,0
ORD000101,14798,1082,2024-01-05 04:00:00,5775.24,1,Fashion,11.4,COD,Maharashtra,Urban,10,0,1,9,0.0,9.0,775,24,0.031,2,6,1,0,2,170.4,4,0,0,4.26,1918,5775.24,0,0,1,0
ORD000102,16545,1176,2024-01-05 05:00:00,768.1,1,Footwear,40.0,UPI,Karnataka,Semi-Urban,8,0,0,8,0.0,20.3,766,207,0.2702,1,5,4,0,4,94.0,3,0,0,4.25,1232,0.0,1,0,1,0
ORD000103,16873,1197,2024-01-05 06:00:00,3131.12,1,Footwear,33.2,UPI,West Bengal,Urban,5,0,0,5,0.0,36.5,764,177,0.2317,4,7,4,0,2,268.0,4,0,0,4.1,1213,0.0,0,0,0,0
ORD000104,15675,1623,2024-01-05 07:00:00,867.45,1,Fashion,26.0,Credit Card,Bihar,Urban,8,1,1,6,0.125,28.5,727,59,0.0812,3,5,4,0,3,126.0,4,0,0,3.96,611,0.0,0,0,0,0
ORD000105,10161,1567,2024-01-05 08:00:00,953.26,1,Home,11.8,COD,West Bengal,Rural,8,2,0,6,0.25,20.8,744,78,0.1048,1,4,2,0,4,133.7,3,0,0,3.81,610,953.26,0,1,0,0
ORD000106,14297,1690,2024-01-05 09:00:00,5339.6,2,Electronics,19.7,COD,Maharashtra,Urban,9,0,1,8,0.0,52.5,768,71,0.0924,2,8,2,0,1,137.6,7,0,0,4.01,1792,5339.6,1,0,0,0
ORD000107,11981,1420,2024-01-05 10:00:00,995.6,1,Fashion,13.3,Credit Card,Karnataka,Urban,10,1,2,7,0.1,36.6,746,17,0.0228,1,7,2,1,5,156.0,2,0,0,4.3,1741,0.0,1,1,0,0
ORD000108,10995,1400,2024-01-05 11:00:00,480.76,1,Footwear,18.0,COD,West Bengal,Semi-Urban,7,0,1,6,0.0,5.6,750,107,0.1427,1,4,4,0,2,147.5,4,0,0,4.23,801,480.76,1,0,0,1
ORD000109,16413,1697,2024-01-05 12:00:00,1298.74,1,Fashion,9.8,COD,Delhi,Urban,16,2,0,14,0.125,33.1,778,76,0.0977,0,8,2,1,2,206.9,4,0,0,4.58,1798,1298.74,0,0,0,0
ORD000110,14911,1470,2024-01-05 13:00:00,988.67,1,Home,17.8,UPI,Maharashtra,Semi-Urban,8,0,0,8,0.0,7.5,818,71,0.0868,3,8,3,0,3,105.9,2,0,0,4.56,1972,0.0,0,0,0,0
ORD000111,13342,1217,2024-01-05 14:00:00,1366.84,1,Beauty,34.6,Credit Card,Karnataka,Urban,7,1,1,5,0.1429,107.6,777,29,0.0373,3,6,2,0,2,173.6,1,0,0,3.86,1457,0.0,0,0,0,0
ORD000112,14551,1728,2024-01-05 15:00:00,1012.16,2,Beauty,18.5,COD,Maharashtra,Urban,13,1,0,12,0.0769,8.3,719,157,0.2184,3,14,3,0,2,565.6,3,0,1,4.42,1097,1012.16,1,0,0,0
ORD000113,17629,1631,2024-01-05 16:00:00,4143.63,4,Electronics,10.2,COD,Maharashtra,Urban,9,0,1,8,0.0,1.8,748,87,0.1163,3,12,5,0,2,218.2,2,0,0,3.6,408,4143.63,0,0,0,0
ORD000114,13798,1174,2024-01-05 17:00:00,1531.56,1,Electronics,22.5,COD,West Bengal,Rural,11,2,1,8,0.1818,25.2,751,83,0.1105,3,11,2,0,2,253.4,3,0,0,4.67,844,1531.56,0,1,0,0
ORD000115,11275,1022,2024-01-05 18:00:00,575.37,1,Home,38.9,COD,West Bengal,Urban,12,3,0,9,0.25,24.6,756,53,0.0701,0,5,1,0,3,251.3,3,0,0,4.39,527,575.37,0,0,0,0
ORD000116,11016,1724,2024-01-05 19:00:00,1181.72,1,Electronics,18.2,Credit Card,Delhi,Urban,12,1,0,11,0.0833,35.7,737,48,0.0651,3,8,2,0,2,85.6,3,0,0,4.31,413,0.0,0,0,0,0
ORD000117,17869,1234,2024-01-05 20:00:00,678.73,4,Beauty,9.2,Debit Card,Bihar,Urban,8,1,2,5,0.125,41.3,773,137,0.1772,1,6,3,0,3,152.3,3,0,0,3.78,1529,0.0,2,0,0,0
ORD000118,16439,1012,2024-01-05 21:00:00,945.18,2,Home,8.7,COD,Delhi,Urban,12,0,2,10,0.0,90.6,764,77,0.1008,0,5,1,0,4,124.1,2,0,0,4.37,1094,945.18,0,0,0,1
ORD000119,17892,1100,2024-01-05 22:00:00,635.07,3,Home,7.8,COD,Karnataka,Urban,9,1,0,8,0.1111,36.0,762,146,0.1916,2,5,2,0,4,135.0,5,0,0,4.5,846,635.07,1,0,1,0
ORD000120,16863,1535,2024-01-05 23:00:00,3882.64,1,Home,14.2,Credit Card,Karnataka,Urban,14,0,0,14,0.0,48.1,728,113,0.1552,0,5,3,0,4,252.5,6,0,0,4.12,1649,0.0,0,2,1,0
ORD000121,17916,1522,2024-01-06 00:00:00,724.27,4,Fashion,20.7,COD,Maharashtra,Semi-Urban,9,3,0,6,0.3333,69.0,796,31,0.0389,1,6,2,0,7,75.5,4,1,0,4.4,188,724.27,0,0,1,1
ORD000122,10337,1784,2024-01-06 01:00:00,1656.63,1,Electronics,2.1,COD,West Bengal,Rural,9,2,2,5,0.2222,7.4,739,64,0.0866,2,4,4,0,1,192.1,2,1,0,4.01,1503,1656.63,1,0,1,0
ORD000123,10878,1451,2024-01-06 02:00:00,903.17,1,Footwear,11.2,COD,Maharashtra,Urban,15,1,5,9,0.0667,5.1,782,86,0.11,2,6,5,0,3,120.5,3,1,0,4.18,232,903.17,0,0,1,0
ORD000124,11076,1430,2024-01-06 03:00:00,547.28,3,Beauty,27.5,COD,Bihar,Urban,14,2,2,10,0.1429,19.9,736,72,0.0978,1,5,1,1,5,185.9,6,1,0,4.48,1019,547.28,0,0,1,0
ORD000125,14887,1792,2024-01-06 04:00:00,1234.71,3,Electronics,28.8,COD,Maharashtra,Rural,9,0,4,5,0.0,11.3,790,332,0.4203,0,6,1,0,3,81.5,4,1,0,3.4,357,1234.71,0,0,1,0
ORD000126,13993,1605,2024-01-06 05:00:00,1394.67,1,Beauty,9.0,COD,Karnataka,Rural,11,2,0,9,0.1818,1.0,729,216,0.2963,1,5,1,0,2,114.2,4,1,0,4.88,591,1394.67,0,0,1,1
ORD000127,16360,1712,2024-01-06 06:00:00,1533.3,1,Electronics,24.5,UPI,Karnataka,Urban,7,1,1,5,0.1429,42.4,785,223,0.2841,4,11,5,0,2,174.1,2,1,0,2.99,1418,0.0,0,0,0,0
ORD000128,14859,1532,2024-01-06 07:00:00,227.39,1,Footwear,25.7,UPI,Delhi,Urban,9,0,1,8,0.0,6.4,723,96,0.1328,2,7,4,0,3,15.5,5,1,0,4.16,297,0.0,0,0,0,0
ORD000129,16331,1722,2024-01-06 08:00:00,522.74,1,Beauty,12.7,UPI,Maharashtra,Urban,9,4,3,2,0.4444,15.0,721,37,0.0513,2,6,5,0,2,216.7,3,1,0,4.21,414,0.0,0,0,0,0
ORD000130,10379,1651,2024-01-06 09:00:00,1947.95,1,Footwear,8.6,Credit Card,West Bengal,Urban,10,5,0,5,0.5,37.0,749,59,0.0788,1,5,3,0,3,48.8,2,1,0,4.08,729,0.0,0,1,0,0
ORD000131,10492,1292,2024-01-06 10:00:00,630.07,4,Beauty,7.7,Credit Card,Bihar,Urban,6,0,0,6,0.0,21.8,758,36,0.0475,0,4,3,0,4,271.3,2,1,0,4.4,1864,0.0,0,0,0,0
ORD000132,17208,1100,2024-01-06 11:00:00,1238.64,2,Fashion,6.2,COD,Bihar,Rural,7,0,2,5,0.0,97.2,725,31,0.0428,0,4,2,0,5,149.2,3,1,0,3.57,935,1238.64,0,0,0,0
ORD000133,15276,1501,2024-01-06 12:00:00,515.52,2,Fashion,3.1,UPI,West Bengal,Urban,8,0,0,8,0.0,45.4,718,70,0.0975,4,10,3,0,5,154.5,3,1,0,4.26,607,0.0,0,0,0,0
ORD000134,12062,1303,2024-01-06 13:00:00,1700.98,2,Beauty,32.1,Credit Card,Bihar,Urban,10,2,0,8,0.2,45.2,753,42,0.0558,3,7,4,0,3,65.8,2,1,0,3.86,1933,0.0,0,0,0,0
ORD000135,13884,1539,2024-01-06 14:00:00,1917.47,1,Beauty,14.6,Credit Card,West Bengal,Semi-Urban,9,0,3,6,0.0,39.9,679,128,0.1885,2,6,1,0,4,80.4,4,1,0,3.74,56,0.0,1,1,0,0
ORD000136,10064,1552,2024-01-06 15:00:00,1701.3,2,Footwear,29.9,COD,West Bengal,Urban,11,3,0,8,0.2727,34.5,723,83,0.1148,3,4,2,0,1,95.6,6,1,0,3.94,1822,1701.3,0,1,0,0
ORD000137,12568,1354,2024-01-06 16:00:00,2037.61,1,Home,37.5,COD,Delhi,Urban,10,5,3,2,0.5,21.8,725,53,0.0731,2,6,3,0,2,91.2,3,1,0,3.14,170,2037.61,0,0,0,1
ORD000138,15463,1302,2024-01-06 17:00:00,2802.7,1,Beauty,28.0,UPI,Maharashtra,Rural,14,0,1,13,0.0,37.2,751,33,0.0439,3,9,5,0,4,185.8,3,1,1,4.19,971,0.0,0,0,0,0
ORD000139,15248,1495,2024-01-06 18:00:00,542.16,1,Electronics,6.0,UPI,Karnataka,Urban,9,2,1,6,0.2222,23.3,776,32,0.0412,1,6,4,0,4,293.1,4,1,0,4.51,1931,0.0,0,0,0,0
ORD000140,12027,1657,2024-01-06 19:00:00,683.21,1,Electronics,41.8,COD,Karnataka,Rural,9,0,0,9,0.0,14.1,741,49,0.0661,2,6,2,0,3,214.7,5,1,0,4.09,365,683.21,0,1,0,1
ORD000141,12695,1767,2024-01-06 20:00:00,1879.06,2,Electronics,29.0,COD,Maharashtra,Urban,10,5,0,5,0.5,18.7,769,15,0.0195,1,5,3,0,1,47.3,3,1,0,4.83,596,1879.06,0,1,0,1
ORD000142,11495,1226,2024-01-06 21:00:00,2160.58,4,Fashion,17.7,UPI,Bihar,Urban,10,2,1,7,0.2,19.6,757,129,0.1704,2,7,2,0,2,232.9,3,1,0,5.0,785,0.0,0,1,0,0
ORD000143,17230,1235,2024-01-06 22:00:00,731.72,1,Footwear,31.0,COD,West Bengal,Rural,7,0,0,7,0.0,105.1,786,102,0.1298,4,8,2,0,5,115.0,6,1,0,4.37,343,731.72,0,0,1,1
ORD000144,15258,1454,2024-01-06 23:00:00,701.81,2,Fashion,10.3,COD,Karnataka,Urban,6,0,0,6,0.0,16.6,731,88,0.1204,6,9,3,0,3,180.2,3,1,0,3.74,796,701.81,0,0,1,1
ORD000145,15618,1012,2024-01-07 00:00:00,741.5,1,Electronics,23.2,Debit Card,Delhi,Semi-Urban,6,0,1,5,0.0,36.6,761,46,0.0604,3,8,3,0,2,82.6,2,1,1,4.9,60,0.0,0,0,1,0
ORD000146,16736,1209,2024-01-07 01:00:00,418.61,2,Beauty,22.5,COD,Bihar,Urban,8,1,0,7,0.125,22.6,783,52,0.0664,0,7,3,0,3,124.3,2,1,0,4.72,761,418.61,0,1,1,0
ORD000147,10391,1740,2024-01-07 02:00:00,511.4,1,Electronics,7.7,COD,Delhi,Urban,8,2,3,3,0.25,16.0,757,113,0.1493,2,13,2,0,3,85.9,3,1,1,4.27,949,511.4,0,0,1,0
ORD000148,15794,1396,2024-01-07 03:00:00,518.85,1,Beauty,22.8,Credit Card,Karnataka,Semi-Urban,10,1,0,9,0.1,53.9,734,129,0.1757,2,5,4,0,2,59.4,3,1,0,4.24,587,0.0,1,0,1,0
ORD000149,14514,1099,2024-01-07 04:00:00,919.23,1,Footwear,13.9,COD,Maharashtra,Semi-Urban,6,0,0,6,0.0,27.0,726,133,0.1832,3,11,3,0,1,83.1,7,1,0,3.73,21,919.23,1,0,1,0
ORD000150,16432,1030,2024-01-07 05:00:00,1290.13,2,Home,10.7,COD,Maharashtra,Rural,11,0,3,8,0.0,46.4,802,192,0.2394,2,8,4,0,2,17.6,2,1,0,4.62,323,1290.13,1,0,1,1
ORD000151,14474,1527,2024-01-07 06:00:00,1422.38,1,Beauty,32.3,UPI,Delhi,Urban,6,0,0,6,0.0,61.4,764,56,0.0733,2,8,2,0,4,91.0,4,1,0,4.0,754,0.0,1,0,0,0
ORD000152,15892,1648,2024-01-07 07:00:00,808.24,3,Fashion,12.2,COD,Bihar,Semi-Urban,8,0,0,8,0.0,30.0,726,68,0.0937,2,10,3,0,6,114.2,5,1,0,3.76,1303,808.24,0,1,0,0
ORD000153,13561,1328,2024-01-07 08:00:00,820.25,1,Electronics,21.7,COD,Karnataka,Urban,8,2,1,5,0.25,5.6,754,73,0.0968,0,3,1,1,1,40.5,4,1,0,4.34,372,820.25,0,0,0,0
ORD000154,12278,1165,2024-01-07 09:00:00,1181.09,3,Electronics,3.7,COD,West Bengal,Semi-Urban,9,0,0,9,0.0,48.4,719,27,0.0376,2,3,4,0,2,50.6,3,1,1,3.78,1821,1181.09,1,0,0,1
ORD000155,17161,1458,2024-01-07 10:00:00,446.93,2,Electronics,11.1,COD,Maharashtra,Urban,5,0,0,5,0.0,2.5,737,124,0.1682,1,3,2,0,5,181.9,5,1,0,4.05,432,446.93,0,1,0,0
ORD000156,16184,1099,2024-01-07 11:00:00,1950.16,1,Beauty,12.0,Credit Card,Delhi,Urban,8,0,1,7,0.0,3.3,742,109,0.1469,2,7,1,0,4,46.0,4,1,0,4.16,1995,0.0,1,1,0,1
ORD000157,13099,1620,2024-01-07 12:00:00,2371.39,1,Footwear,7.5,Debit Card,Karnataka,Urban,14,1,1,12,0.0714,14.2,716,19,0.0265,5,13,6,0,2,135.7,3,1,0,3.61,1127,0.0,0,1,0,0
ORD000158,16278,1172,2024-01-07 13:00:00,753.44,2,Beauty,19.2,COD,Bihar,Urban,9,1,0,8,0.1111,1.3,733,44,0.06,1,4,2,0,3,280.9,3,1,0,3.85,727,753.44,3,0,0,0
ORD000159,10200,1748,2024-01-07 14:00:00,863.45,2,Fashion,10.8,COD,West Bengal,Semi-Urban,10,0,0,10,0.0,1.2,755,122,0.1616,5,12,3,0,2,194.2,3,1,0,5.0,273,863.45,0,0,0,0
ORD000160,15959,1161,2024-01-07 15:00:00,2312.28,2,Electronics,6.6,COD,West Bengal,Urban,8,0,0,8,0.0,121.0,778,89,0.1144,3,11,2,0,3,14.9,3,1,0,4.22,1058,2312.28,2,0,0,0
ORD000161,14875,1727,2024-01-07 16:00:00,1018.58,1,Beauty,3.8,COD,Maharashtra,Semi-Urban,5,0,0,5,0.0,30.4,763,91,0.1193,1,7,2,0,1,89.6,4,1,0,4.48,82,1018.58,0,0,0,0
ORD000162,17073,1775,2024-01-07 17:00:00,1560.79,1,Electronics,20.8,Credit Card,West Bengal,Urban,12,2,2,8,0.1667,37.7,749,62,0.0828,2,11,2,0,5,130.9,1,1,0,3.94,524,0.0,0,1,0,0
ORD000163,13104,1262,2024-01-07 18:00:00,1037.55,4,Fashion,1.7,Credit Card,Karnataka,Urban,9,3,0,6,0.3333,50.4,810,106,0.1309,1,3,3,0,4,313.1,2,1,0,3.55,188,0.0,0,0,0,0
ORD000164,17215,1273,2024-01-07 19:00:00,2789.97,1,Home,4.1,COD,Maharashtra,Urban,11,0,0,11,0.0,1.0,731,76,0.104,1,8,3,0,1,111.2,7,1,0,4.36,771,2789.97,1,0,0,0
ORD000165,14598,1002,2024-01-07 20:00:00,1471.52,1,Home,8.0,COD,Maharashtra,Rural,9,0,1,8,0.0,13.9,709,146,0.2059,1,6,2,0,3,196.4,5,1,0,3.39,335,1471.52,0,1,0,1
ORD000166,12454,1027,2024-01-07 21:00:00,1523.24,1,Home,13.8,COD,Maharashtra,Rural,9,0,0,9,0.0,47.9,713,71,0.0996,1,6,4,0,3,131.9,5,1,0,4.09,1980,1523.24,0,1,0,0
ORD000167,13645,1325,2024-01-07 22:00:00,1540.38,2,Electronics,9.5,Credit Card,Karnataka,Urban,8,1,2,5,0.125,35.1,744,71,0.0954,1,8,3,1,3,150.1,2,1,0,4.17,1069,0.0,0,0,1,0
ORD000168,15847,1148,2024-01-07 23:00:00,785.98,2,Beauty,15.6,COD,Delhi,Urban,7,0,1,6,0.0,3.3,800,86,0.1075,2,8,3,0,1,127.7,1,1,0,4.11,1195,785.98,0,0,1,0
ORD000169,10804,1539,2024-01-08 00:00:00,830.52,1,Electronics,9.7,COD,West Bengal,Urban,9,1,0,8,0.1111,69.7,799,116,0.1452,0,9,7,0,6,246.9,4,0,0,3.81,183,830.52,0,1,1,1
ORD000170,16242,1487,2024-01-08 01:00:00,1739.84,1,Footwear,8.5,Debit Card,West Bengal,Semi-Urban,15,0,1,14,0.0,45.0,746,157,0.2105,3,7,3,0,1,89.9,7,0,1,3.6,25,0.0,0,0,1,0
ORD000171,12731,1437,2024-01-08 02:00:00,1183.05,1,Beauty,21.8,Debit Card,Delhi,Semi-Urban,8,1,0,7,0.125,12.7,812,177,0.218,4,6,2,0,4,551.4,6,0,0,4.39,1829,0.0,1,0,1,1
ORD000172,15991,1064,2024-01-08 03:00:00,541.01,1,Fashion,12.1,COD,Maharashtra,Urban,11,0,0,11,0.0,68.4,719,116,0.1613,3,6,3,0,3,208.9,6,0,0,3.32,285,541.01,0,0,1,0
ORD000173,12773,1355,2024-01-08 04:00:00,3374.03,1,Home,4.0,COD,Bihar,Urban,10,0,1,9,0.0,41.3,712,23,0.0323,2,5,3,0,3,147.8,3,0,0,4.44,980,3374.03,1,0,1,0
ORD000174,11570,1532,2024-01-08 05:00:00,1972.08,4,Beauty,5.4,COD,Karnataka,Semi-Urban,6,3,2,1,0.5,3.8,775,125,0.1613,2,6,2,0,2,88.5,7,0,0,4.04,539,1972.08,0,0,1,1
ORD000175,15056,1251,2024-01-08 06:00:00,1121.67,1,Beauty,15.0,COD,Maharashtra,Urban,10,1,1,8,0.1,11.9,772,29,0.0376,1,7,2,0,5,182.3,5,0,0,4.05,1324,1121.67,0,0,0,0
ORD000176,17906,1234,2024-01-08 07:00:00,930.67,1,Home,17.8,UPI,Maharashtra,Semi-Urban,9,0,0,9,0.0,12.2,763,108,0.1415,1,10,1,0,3,105.9,5,0,0,4.31,241,0.0,1,0,0,0
ORD000177,16756,1226,2024-01-08 08:00:00,1235.47,3,Fashion,7.7,UPI,Maharashtra,Urban,3,0,0,3,0.0,68.8,795,54,0.0679,3,8,2,0,1,30.4,3,0,0,3.88,940,0.0,0,0,0,0
ORD000178,15581,1524,2024-01-08 09:00:00,1495.94,1,Electronics,6.7,UPI,West Bengal,Semi-Urban,7,0,0,7,0.0,15.7,741,95,0.1282,4,6,3,1,5,167.9,1,0,0,4.24,80,0.0,0,0,0,1
ORD000179,12690,1312,2024-01-08 10:00:00,323.82,1,Electronics,16.5,COD,West Bengal,Urban,12,0,3,9,0.0,17.8,770,31,0.0403,1,5,6,0,5,310.0,4,0,0,4.3,808,323.82,0,0,0,0
ORD000180,13840,1048,2024-01-08 11:00:00,3894.85,1,Beauty,5.7,Credit Card,Bihar,Urban,5,2,0,3,0.4,4.4,775,75,0.0968,0,8,2,0,2,295.4,4,0,0,4.51,801,0.0,0,0,0,0
ORD000181,11028,1117,2024-01-08 12:00:00,682.71,1,Home,7.2,UPI,Karnataka,Semi-Urban,10,0,1,9,0.0,7.7,687,126,0.1834,0,5,5,0,3,362.8,5,0,0,4.16,10,0.0,0,0,0,0
ORD000182,17385,1053,2024-01-08 13:00:00,1095.38,3,Footwear,5.3,COD,Maharashtra,Urban,2,0,0,2,0.0,8.2,762,65,0.0853,2,6,2,0,3,111.2,6,0,0,4.04,1001,1095.38,1,0,0,1
ORD000183,10502,1649,2024-01-08 14:00:00,1119.82,1,Fashion,17.2,UPI,West Bengal,Urban,8,0,1,7,0.0,46.0,762,126,0.1654,1,10,5,0,6,182.1,6,0,0,3.91,1831,0.0,0,0,0,0
ORD000184,16910,1564,2024-01-08 15:00:00,3634.08,1,Electronics,22.0,Wallet,Delhi,Urban,13,2,1,10,0.1538,12.8,699,9,0.0129,2,9,5,0,2,242.2,1,0,0,4.45,538,0.0,0,0,0,0
ORD000185,14493,1043,2024-01-08 16:00:00,1040.16,2,Fashion,22.4,COD,West Bengal,Rural,9,5,0,4,0.5556,11.5,745,155,0.2081,2,9,2,0,2,148.5,2,0,0,4.1,713,1040.16,1,0,0,1
ORD000186,10870,1052,2024-01-08 17:00:00,2844.39,3,Fashion,24.3,COD,Maharashtra,Rural,10,1,0,9,0.1,20.4,714,66,0.0924,3,6,2,0,8,124.3,7,0,0,4.43,206,2844.39,0,1,0,0
ORD000187,16938,1585,2024-01-08 18:00:00,1399.73,1,Fashion,17.2,COD,Maharashtra,Urban,6,2,0,4,0.3333,7.4,774,95,0.1227,1,4,6,0,6,183.1,3,0,0,3.67,1917,1399.73,0,1,0,1
ORD000188,14488,1557,2024-01-08 19:00:00,615.77,1,Home,9.9,COD,West Bengal,Urban,5,0,1,4,0.0,1.1,761,95,0.1248,2,8,2,0,1,77.8,1,0,0,3.82,1728,615.77,2,0,0,0
ORD000189,10206,1524,2024-01-08 20:00:00,1188.95,4,Home,35.0,Credit Card,Delhi,Urban,4,0,0,4,0.0,19.8,782,90,0.1151,2,3,2,0,5,301.7,3,0,0,4.1,1569,0.0,1,0,0,0
ORD000190,15134,1676,2024-01-08 21:00:00,1021.36,1,Home,20.3,UPI,Delhi,Rural,6,0,3,3,0.0,11.8,759,92,0.1212,0,3,3,0,4,304.3,6,0,0,4.41,1337,0.0,2,0,0,0
ORD000191,15977,1101,2024-01-08 22:00:00,572.24,2,Beauty,3.9,UPI,Maharashtra,Rural,7,1,2,4,0.1429,15.7,765,78,0.102,4,11,2,0,2,252.8,2,0,0,3.8,1886,0.0,0,0,1,1
ORD000192,17721,1791,2024-01-08 23:00:00,1359.18,2,Home,13.1,Credit Card,West Bengal,Urban,7,1,0,6,0.1429,27.1,757,19,0.0251,2,10,2,0,1,419.7,6,0,0,4.52,503,0.0,0,0,1,1
ORD000193,17035,1769,2024-01-09 00:00:00,1111.27,2,Beauty,1.6,Wallet,Karnataka,Semi-Urban,5,0,1,4,0.0,51.2,728,13,0.0179,0,4,2,0,3,273.7,2,0,0,4.88,1356,0.0,0,0,1,1
ORD000194,11484,1397,2024-01-09 01:00:00,1531.27,1,Electronics,20.2,COD,Karnataka,Semi-Urban,9,3,0,6,0.3333,9.8,793,77,0.0971,1,6,1,0,4,112.8,2,0,0,4.38,1615,1531.27,1,0,1,1
ORD000195,17858,1137,2024-01-09 02:00:00,1231.53,1,Electronics,4.5,UPI,Maharashtra,Urban,9,2,1,6,0.2222,52.9,710,168,0.2366,3,9,1,0,3,324.6,1,0,0,4.11,1783,0.0,0,0,1,0
ORD000196,17742,1674,2024-01-09 03:00:00,741.99,2,Electronics,25.7,COD,Delhi,Urban,7,2,0,5,0.2857,25.2,765,136,0.1778,3,6,2,0,6,171.8,4,0,0,4.49,1944,741.99,1,1,1,0
ORD000197,10863,1386,2024-01-09 04:00:00,1738.89,1,Electronics,2.9,COD,Karnataka,Semi-Urban,10,1,1,8,0.1,70.0,763,56,0.0734,1,5,3,1,6,90.8,7,0,0,3.37,999,1738.89,0,0,1,0
ORD000198,12790,1110,2024-01-09 05:00:00,753.98,1,Electronics,24.9,Credit Card,West Bengal,Urban,8,2,1,5,0.25,20.4,780,48,0.0615,3,10,2,0,2,222.2,2,0,0,3.38,1146,0.0,0,0,1,0
ORD000199,17408,1613,2024-01-09 06:00:00,170.75,1,Home,15.5,UPI,Bihar,Urban,10,0,1,9,0.0,35.1,718,49,0.0682,2,8,3,0,5,432.5,5,0,0,3.85,1686,0.0,0,0,0,0
ORD000200,10563,1016,2024-01-09 07:00:00,1184.64,1,Footwear,21.2,COD,Bihar,Urban,10,0,1,9,0.0,1.0,787,139,0.1766,4,9,2,0,1,83.8,3,0,0,4.45,1962,1184.64,0,0,0,1
ORD000201,15116,1779,2024-01-09 08:00:00,786.47,4,Home,10.8,COD,Delhi,Rural,7,1,0,6,0.1429,1.5,725,112,0.1545,2,4,5,0,2,50.3,2,0,0,4.21,1301,786.47,0,0,0,1
ORD000202,14191,1181,2024-01-09 09:00:00,1379.23,1,Footwear,39.7,Credit Card,Bihar,Semi-Urban,9,2,0,7,0.2222,2.3,756,59,0.078,0,4,6,1,1,105.1,4,0,0,3.7,290,0.0,1,0,0,0
ORD000203,16019,1535,2024-01-09 10:00:00,3638.49,4,Home,12.7,Debit Card,West Bengal,Urban,9,0,0,9,0.0,50.5,718,168,0.234,1,3,3,0,6,49.8,2,0,0,3.83,698,0.0,0,0,0,1
ORD000204,11757,1540,2024-01-09 11:00:00,3702.06,1,Electronics,3.3,UPI,Maharashtra,Semi-Urban,8,1,1,6,0.125,4.6,689,88,0.1277,1,7,5,0,6,460.0,2,0,0,4.28,637,0.0,0,0,0,0
ORD000205,16628,1170,2024-01-09 12:00:00,993.19,1,Fashion,14.5,COD,Maharashtra,Rural,9,1,1,7,0.1111,5.4,741,23,0.031,2,4,5,0,5,154.3,3,0,0,3.28,1226,993.19,1,0,0,0
ORD000206,17574,1408,2024-01-09 13:00:00,667.87,1,Footwear,12.0,COD,West Bengal,Urban,8,1,0,7,0.125,1.6,734,70,0.0954,2,10,2,0,1,153.4,1,0,0,3.27,682,667.87,0,0,0,0
ORD000207,16374,1739,2024-01-09 14:00:00,1557.46,2,Fashion,19.7,COD,Maharashtra,Urban,8,1,0,7,0.125,50.0,778,32,0.0411,2,6,4,0,5,252.1,6,0,0,4.51,1507,1557.46,0,0,0,0
ORD000208,16892,1377,2024-01-09 15:00:00,878.19,2,Electronics,13.7,UPI,West Bengal,Urban,8,0,1,7,0.0,2.3,792,39,0.0492,2,8,5,0,4,44.6,2,0,0,4.36,320,0.0,0,0,0,1
ORD000209,11678,1187,2024-01-09 16:00:00,1387.23,1,Footwear,29.3,COD,West Bengal,Rural,9,2,1,6,0.2222,28.4,772,202,0.2617,1,10,2,0,3,12.6,6,0,0,4.2,1005,1387.23,1,0,0,0
ORD000210,13242,1229,2024-01-09 17:00:00,737.66,3,Fashion,9.2,COD,Bihar,Urban,8,2,0,6,0.25,11.1,745,82,0.1101,2,10,4,1,3,149.3,3,0,0,3.46,1068,737.66,1,0,0,0
ORD000211,14636,1118,2024-01-09 18:00:00,1274.64,1,Home,11.7,UPI,Bihar,Semi-Urban,13,1,0,12,0.0769,8.6,693,13,0.0188,4,5,2,0,3,87.6,2,0,0,4.52,783,0.0,0,0,0,0
ORD000212,11059,1155,2024-01-09 19:00:00,673.72,2,Electronics,3.2,UPI,Delhi,Urban,10,0,0,10,0.0,43.0,744,42,0.0565,2,5,1,0,2,52.4,4,0,0,4.11,679,0.0,0,0,0,0
ORD000213,16668,1783,2024-01-09 20:00:00,2231.77,4,Home,22.2,UPI,Bihar,Urban,8,0,2,6,0.0,11.1,795,128,0.161,3,4,2,0,3,137.0,5,0,0,3.49,952,0.0,0,0,0,1
ORD000214,15279,1686,2024-01-09 21:00:00,769.71,3,Home,1.3,Debit Card,Maharashtra,Urban,9,2,3,4,0.2222,0.7,764,35,0.0458,2,8,2,0,4,273.7,7,0,0,4.05,149,0.0,0,0,0,1
ORD000215,11722,1464,2024-01-09 22:00:00,1630.53,4,Electronics,31.3,UPI,Bihar,Urban,8,0,0,8,0.0,5.7,720,170,0.2361,3,5,2,0,2,188.3,4,0,0,3.86,779,0.0,1,0,1,0
ORD000216,13314,1103,2024-01-09 23:00:00,513.44,1,Footwear,12.2,COD,West Bengal,Urban,10,4,1,5,0.4,13.8,769,111,0.1443,6,13,3,0,1,160.9,2,0,0,3.27,1221,513.44,0,0,1,0
ORD000217,13157,1603,2024-01-10 00:00:00,1752.33,1,Beauty,18.7,Credit Card,Bihar,Urban,8,0,3,5,0.0,2.9,709,198,0.2793,2,11,3,1,1,93.3,3,0,0,3.91,985,0.0,1,0,1,0
ORD000218,15915,1697,2024-01-10 01:00:00,614.11,1,Beauty,14.1,COD,Maharashtra,Semi-Urban,12,1,1,10,0.0833,2.8,743,47,0.0633,1,6,2,0,3,428.5,2,0,0,3.76,1649,614.11,1,1,1,1
ORD000219,12625,1794,2024-01-10 02:00:00,1282.68,1,Electronics,13.2,COD,Delhi,Rural,6,2,1,3,0.3333,5.9,778,87,0.1118,2,8,3,0,4,237.3,5,0,0,4.56,655,1282.68,0,1,1,0
ORD000220,12729,1501,2024-01-10 03:00:00,2026.21,2,Beauty,16.9,UPI,Karnataka,Urban,10,5,1,4,0.5,19.4,756,117,0.1548,4,8,3,0,5,108.5,2,0,0,4.38,973,0.0,0,0,1,0
ORD000221,16700,1692,2024-01-10 04:00:00,972.64,1,Fashion,4.6,COD,West Bengal,Semi-Urban,7,0,0,7,0.0,30.8,761,30,0.0394,2,13,2,0,2,322.5,6,0,0,4.77,766,972.64,0,0,1,0
ORD000222,11597,1681,2024-01-10 05:00:00,591.4,2,Footwear,16.9,COD,Maharashtra,Rural,9,1,1,7,0.1111,27.1,761,65,0.0854,3,7,2,0,5,112.4,1,0,0,4.19,763,591.4,0,0,1,1
ORD000223,13060,1698,2024-01-10 06:00:00,1477.47,1,Home,5.5,UPI,Maharashtra,Urban,9,0,0,9,0.0,0.1,712,98,0.1376,2,5,7,0,2,64.8,3,0,0,4.54,1456,0.0,0,0,0,0
ORD000224,12693,1174,2024-01-10 07:00:00,662.1,1,Home,18.8,Wallet,Karnataka,Semi-Urban,8,1,0,7,0.125,14.9,758,21,0.0277,4,14,2,0,3,10.5,4,0,0,4.45,1775,0.0,0,0,0,0
ORD000225,14891,1733,2024-01-10 08:00:00,860.45,2,Electronics,23.3,UPI,Delhi,Semi-Urban,8,0,1,7,0.0,14.4,776,78,0.1005,2,5,3,0,3,244.7,2,0,0,3.25,1391,0.0,0,2,0,0
ORD000226,15147,1744,2024-01-10 09:00:00,1285.98,1,Home,20.5,COD,West Bengal,Urban,6,0,0,6,0.0,6.3,805,153,0.1901,2,12,3,0,3,201.7,6,0,0,4.07,812,1285.98,1,0,0,1
ORD000227,15739,1673,2024-01-10 10:00:00,2480.97,2,Fashion,6.3,COD,Delhi,Urban,9,0,0,9,0.0,22.6,785,62,0.079,2,8,5,0,3,174.1,3,0,0,3.89,1643,2480.97,1,0,0,0
ORD000228,13627,1420,2024-01-10 11:00:00,1114.24,1,Fashion,13.2,COD,Karnataka,Urban,5,0,2,3,0.0,7.5,706,110,0.1558,4,7,4,0,4,35.8,3,0,0,3.72,642,1114.24,0,1,0,0
ORD000229,11363,1133,2024-01-10 12:00:00,1111.78,2,Electronics,14.6,COD,West Bengal,Semi-Urban,14,5,1,8,0.3571,113.3,748,70,0.0936,2,6,4,0,4,137.5,3,0,0,4.62,1302,1111.78,1,1,0,0
ORD000230,17965,1390,2024-01-10 13:00:00,1707.03,1,Home,14.3,COD,Bihar,Urban,9,0,2,7,0.0,29.7,754,77,0.1021,4,8,1,0,2,92.8,3,0,0,3.79,627,1707.03,0,0,0,0
ORD000231,11981,1735,2024-01-10 14:00:00,1130.28,1,Beauty,10.1,UPI,Delhi,Urban,15,1,2,12,0.0667,62.2,749,156,0.2083,1,6,5,0,6,131.0,5,0,0,4.07,1717,0.0,1,0,0,0
ORD000232,15450,1500,2024-01-10 15:00:00,1605.7,2,Beauty,20.2,COD,Bihar,Semi-Urban,8,0,0,8,0.0,1.5,790,79,0.1,0,8,2,0,3,105.8,3,0,0,3.97,1383,1605.7,2,0,0,0
ORD000233,11663,1664,2024-01-10 16:00:00,2094.6,3,Footwear,18.7,Credit Card,West Bengal,Urban,12,1,1,10,0.0833,12.0,759,38,0.0501,0,6,4,0,3,145.7,5,0,0,4.08,1529,0.0,0,0,0,0
ORD000234,11529,1032,2024-01-10 17:00:00,900.87,1,Electronics,15.2,COD,Karnataka,Urban,7,0,3,4,0.0,2.2,739,52,0.0704,1,8,4,0,4,97.3,3,0,0,4.0,29,900.87,1,1,0,0
ORD000235,12038,1054,2024-01-10 18:00:00,153.7,1,Footwear,1.7,COD,Bihar,Urban,7,0,0,7,0.0,25.0,809,37,0.0457,3,11,4,0,2,108.6,2,0,0,3.99,1558,153.7,0,0,0,0
ORD000236,17515,1518,2024-01-10 19:00:00,671.32,1,Beauty,17.2,COD,Bihar,Rural,6,0,1,5,0.0,4.0,742,43,0.058,0,4,2,0,5,74.4,6,0,0,4.53,920,671.32,1,0,0,0
ORD000237,15592,1755,2024-01-10 20:00:00,2264.73,1,Beauty,1.9,Credit Card,Maharashtra,Urban,9,0,3,6,0.0,8.4,738,34,0.0461,3,8,4,0,3,165.7,3,0,0,4.4,1467,0.0,0,0,0,0
ORD000238,13302,1637,2024-01-10 21:00:00,1074.64,2,Beauty,29.0,Debit Card,West Bengal,Urban,9,0,1,8,0.0,17.7,732,63,0.0861,3,10,1,0,4,42.3,5,0,0,4.24,16,0.0,0,0,0,0
ORD000239,12237,1011,2024-01-10 22:00:00,894.73,2,Footwear,0.4,Wallet,Karnataka,Urban,10,1,0,9,0.1,73.9,743,113,0.1521,2,11,3,0,5,205.5,3,0,0,4.14,1405,0.0,0,0,1,0
ORD000240,17392,1527,2024-01-10 23:00:00,2208.5,1,Electronics,9.6,Wallet,Maharashtra,Urban,7,1,0,6,0.1429,70.6,720,114,0.1583,3,7,2,0,2,168.8,1,0,0,4.12,61,0.0,0,0,1,1
ORD000241,15504,1719,2024-01-11 00:00:00,1031.95,1,Fashion,7.4,Wallet,Delhi,Semi-Urban,10,3,0,7,0.3,16.6,760,71,0.0934,3,10,2,0,4,303.9,5,0,0,3.49,1941,0.0,0,0,1,0
ORD000242,15496,1554,2024-01-11 01:00:00,312.46,2,Fashion,12.7,UPI,Karnataka,Rural,6,1,0,5,0.1667,12.3,732,72,0.0984,0,6,5,0,2,21.6,1,0,0,4.73,913,0.0,0,0,1,0
ORD000243,11306,1372,2024-01-11 02:00:00,444.44,1,Beauty,22.4,UPI,Maharashtra,Semi-Urban,9,3,0,6,0.3333,10.3,729,274,0.3759,1,7,1,0,4,365.1,6,0,0,4.45,777,0.0,0,0,1,0
ORD000244,14029,1483,2024-01-11 03:00:00,1409.78,2,Electronics,20.2,COD,Delhi,Urban,10,1,1,8,0.1,80.1,745,142,0.1906,3,7,3,0,4,407.0,6,0,0,3.75,417,1409.78,0,0,1,0
ORD000245,16776,1646,2024-01-11 04:00:00,1053.49,1,Electronics,29.2,Credit Card,Karnataka,Urban,10,0,2,8,0.0,34.1,767,141,0.1838,1,6,6,1,3,73.1,4,0,0,4.75,1051,0.0,1,0,1,0
ORD000246,12675,1227,2024-01-11 05:00:00,2624.89,2,Home,38.3,UPI,Maharashtra,Urban,7,2,1,4,0.2857,20.3,746,70,0.0938,2,4,3,1,1,214.2,5,0,1,4.31,860,0.0,0,0,1,1
ORD000247,15068,1622,2024-01-11 06:00:00,706.3,1,Home,7.1,Credit Card,Karnataka,Urban,12,0,0,12,0.0,2.4,727,41,0.0564,2,11,3,0,2,87.0,4,0,0,4.67,1414,0.0,0,0,0,0
ORD000248,15864,1306,2024-01-11 07:00:00,910.78,2,Footwear,19.1,COD,Bihar,Semi-Urban,8,2,2,4,0.25,4.0,740,98,0.1324,3,9,3,0,4,61.9,3,0,0,4.1,718,910.78,1,0,0,0
ORD000249,11282,1456,2024-01-11 08:00:00,645.03,1,Home,25.4,Debit Card,Maharashtra,Urban,10,1,0,9,0.1,48.5,715,41,0.0573,0,4,1,0,2,222.3,4,0,0,4.08,1406,0.0,0,0,0,0
ORD000250,17526,1159,2024-01-11 09:00:00,802.43,1,Footwear,13.6,UPI,Bihar,Urban,9,0,0,9,0.0,82.1,748,114,0.1524,2,10,5,0,3,163.7,5,0,0,3.69,1649,0.0,0,0,0,0
ORD000251,10709,1330,2024-01-11 10:00:00,352.43,2,Fashion,14.3,COD,Maharashtra,Urban,11,0,0,11,0.0,41.5,743,19,0.0256,2,11,3,0,1,28.9,4,0,0,4.71,1319,352.43,2,0,0,0
ORD000252,15575,1775,2024-01-11 11:00:00,870.08,1,Beauty,7.9,COD,Bihar,Urban,8,2,0,6,0.25,14.0,711,25,0.0352,2,7,1,0,4,155.5,6,0,0,4.0,369,870.08,0,0,0,1
ORD000253,15530,1224,2024-01-11 12:00:00,1063.03,1,Electronics,15.7,Credit Card,West Bengal,Semi-Urban,3,0,2,1,0.0,6.9,741,190,0.2564,1,6,4,0,2,187.8,6,0,0,3.46,1365,0.0,0,0,0,0
ORD000254,14744,1728,2024-01-11 13:00:00,1010.5,1,Fashion,11.5,COD,Bihar,Urban,12,0,1,11,0.0,3.6,711,59,0.083,0,4,6,0,2,179.6,3,0,0,4.09,1705,1010.5,2,0,0,0
ORD000255,14413,1503,2024-01-11 14:00:00,3982.77,1,Fashion,17.1,COD,West Bengal,Semi-Urban,12,0,0,12,0.0,4.1,747,118,0.158,4,13,6,0,4,150.3,2,0,0,3.94,866,3982.77,1,0,0,0
ORD000256,13748,1455,2024-01-11 15:00:00,3294.77,3,Footwear,18.0,COD,Karnataka,Semi-Urban,5,1,0,4,0.2,11.4,768,16,0.0208,0,2,3,0,5,240.9,4,0,0,4.41,448,3294.77,1,0,0,1
ORD000257,17392,1044,2024-01-11 16:00:00,698.87,2,Beauty,32.5,COD,Delhi,Urban,10,0,1,9,0.0,34.1,781,133,0.1703,3,11,3,0,5,226.7,2,0,0,4.32,896,698.87,0,0,0,1
ORD000258,17986,1213,2024-01-11 17:00:00,321.71,1,Footwear,12.3,Debit Card,Delhi,Rural,10,1,0,9,0.1,31.7,762,58,0.0761,5,9,4,0,1,150.2,2,0,1,4.7,373,0.0,1,0,0,0
ORD000259,15353,1058,2024-01-11 18:00:00,1033.27,2,Fashion,20.2,COD,Delhi,Urban,7,0,1,6,0.0,14.7,740,62,0.0838,2,10,2,0,2,482.2,3,0,0,3.25,1666,1033.27,0,0,0,0
ORD000260,14779,1643,2024-01-11 19:00:00,1374.58,1,Electronics,17.1,COD,West Bengal,Urban,11,1,1,9,0.0909,11.8,717,107,0.1492,0,6,2,0,2,190.7,2,0,0,4.2,541,1374.58,0,0,0,1
ORD000261,10663,1615,2024-01-11 20:00:00,654.39,3,Home,8.7,UPI,Delhi,Semi-Urban,7,0,0,7,0.0,12.5,741,163,0.22,1,8,5,0,5,135.7,2,0,0,3.52,623,0.0,0,0,0,0
ORD000262,11998,1194,2024-01-11 21:00:00,674.12,1,Footwear,10.4,Credit Card,Delhi,Urban,9,3,0,6,0.3333,40.5,686,224,0.3265,2,11,2,0,4,81.5,1,0,0,3.65,1219,0.0,0,0,0,1
ORD000263,17994,1488,2024-01-11 22:00:00,2834.25,1,Fashion,8.0,Credit Card,Bihar,Urban,9,1,3,5,0.1111,3.8,754,39,0.0517,7,12,1,0,1,308.7,2,0,0,3.95,1758,0.0,1,0,1,0
ORD000264,13445,1156,2024-01-11 23:00:00,939.61,1,Home,17.8,COD,Delhi,Rural,6,0,1,5,0.0,3.6,795,58,0.073,1,5,4,0,3,57.4,2,0,0,3.72,1625,939.61,0,0,1,1
ORD000265,13743,1609,2024-01-12 00:00:00,1631.65,1,Home,22.6,Credit Card,West Bengal,Semi-Urban,5,0,0,5,0.0,2.8,784,257,0.3278,2,5,3,0,5,83.7,3,0,0,4.0,877,0.0,0,1,1,0
ORD000266,15727,1225,2024-01-12 01:00:00,627.55,1,Fashion,12.2,UPI,Bihar,Urban,7,0,2,5,0.0,61.5,709,20,0.0282,0,2,2,0,2,122.0,5,0,0,3.98,1851,0.0,0,1,1,1
ORD000267,11495,1411,2024-01-12 02:00:00,1059.8,1,Beauty,37.8,COD,West Bengal,Semi-Urban,14,2,0,12,0.1429,1.7,773,57,0.0737,2,7,1,0,6,189.7,4,0,0,4.19,1140,1059.8,3,0,1,0
ORD000268,13304,1204,2024-01-12 03:00:00,896.23,2,Fashion,30.6,UPI,Maharashtra,Semi-Urban,10,0,1,9,0.0,28.7,783,10,0.0128,0,2,4,0,2,142.7,4,0,0,3.95,1722,0.0,0,0,1,0
ORD000269,13763,1078,2024-01-12 04:00:00,731.27,1,Electronics,12.5,Credit Card,Delhi,Urban,5,0,0,5,0.0,16.4,726,81,0.1116,2,7,2,0,2,73.4,4,0,0,4.48,729,0.0,0,1,1,0
ORD000270,15232,1123,2024-01-12 05:00:00,2193.34,4,Home,31.0,UPI,West Bengal,Semi-Urban,12,1,4,7,0.0833,3.3,743,91,0.1225,2,5,5,0,3,29.2,3,0,0,4.84,558,0.0,0,0,1,1
ORD000271,11853,1470,2024-01-12 06:00:00,476.6,1,Electronics,42.2,Wallet,West Bengal,Rural,19,1,7,11,0.0526,14.5,730,54,0.074,2,11,2,0,2,289.2,5,0,0,4.25,1093,0.0,0,0,0,0
ORD000272,15616,1217,2024-01-12 07:00:00,1312.95,2,Footwear,23.1,COD,Bihar,Rural,10,2,0,8,0.2,8.5,747,39,0.0522,2,13,4,0,4,122.3,6,0,0,4.4,897,1312.95,0,0,0,1
ORD000273,16585,1515,2024-01-12 08:00:00,886.19,3,Home,17.3,UPI,Maharashtra,Urban,9,2,0,7,0.2222,15.1,744,59,0.0793,1,6,4,0,3,283.1,7,0,0,4.51,1657,0.0,0,0,0,1
ORD000274,14659,1601,2024-01-12 09:00:00,1406.55,2,Beauty,5.5,COD,Maharashtra,Urban,8,0,1,7,0.0,56.6,765,119,0.1556,2,10,4,0,3,127.8,1,0,0,4.27,1982,1406.55,0,0,0,1
ORD000275,11291,1103,2024-01-12 10:00:00,893.42,3,Fashion,30.3,Credit Card,Delhi,Semi-Urban,14,1,1,12,0.0714,5.4,750,107,0.1427,2,12,4,0,3,270.2,1,0,0,4.1,1022,0.0,1,0,0,0
ORD000276,13581,1392,2024-01-12 11:00:00,1845.15,2,Footwear,9.3,UPI,Karnataka,Urban,8,0,1,7,0.0,8.7,722,101,0.1399,3,7,2,0,3,480.3,4,0,0,3.76,1391,0.0,0,0,0,0
ORD000277,17974,1630,2024-01-12 12:00:00,624.02,1,Electronics,12.3,UPI,Karnataka,Semi-Urban,8,1,0,7,0.125,43.2,707,13,0.0184,3,7,3,0,1,105.0,4,0,0,4.17,431,0.0,1,0,0,0
ORD000278,13457,1644,2024-01-12 13:00:00,2196.31,2,Footwear,17.5,UPI,Bihar,Urban,7,1,0,6,0.1429,23.7,722,82,0.1136,4,9,2,0,2,84.2,3,0,0,3.77,535,0.0,0,1,0,0
ORD000279,17554,1607,2024-01-12 14:00:00,1077.84,1,Beauty,18.9,UPI,Delhi,Semi-Urban,5,2,0,3,0.4,4.8,732,122,0.1667,2,5,3,0,5,36.8,2,0,0,4.58,581,0.0,0,0,0,0
ORD000280,17280,1433,2024-01-12 15:00:00,494.18,1,Fashion,11.7,Credit Card,Bihar,Urban,11,0,0,11,0.0,66.0,764,43,0.0563,0,1,2,0,2,258.9,4,0,0,4.12,1163,0.0,0,0,0,0
ORD000281,11636,1330,2024-01-12 16:00:00,1649.34,1,Footwear,10.7,UPI,Delhi,Rural,12,1,0,11,0.0833,16.7,749,9,0.012,4,8,3,0,6,220.2,2,0,0,4.2,1690,0.0,0,0,0,0
ORD000282,13696,1142,2024-01-12 17:00:00,973.3,2,Electronics,10.5,UPI,Maharashtra,Urban,10,0,0,10,0.0,72.8,790,20,0.0253,1,6,2,0,4,315.6,6,0,0,3.78,1249,0.0,3,0,0,1
ORD000283,12999,1799,2024-01-12 18:00:00,393.59,1,Footwear,27.7,COD,Karnataka,Urban,7,1,0,6,0.1429,0.5,763,111,0.1455,1,9,5,0,3,122.3,3,0,0,3.57,1176,393.59,0,0,0,1
ORD000284,13152,1539,2024-01-12 19:00:00,1338.74,1,Fashion,6.6,COD,West Bengal,Semi-Urban,8,1,0,7,0.125,13.5,788,6,0.0076,0,10,3,0,3,221.3,3,0,0,3.77,802,1338.74,1,0,0,1
ORD000285,10698,1277,2024-01-12 20:00:00,2006.12,1,Footwear,19.3,UPI,Karnataka,Urban,12,0,0,12,0.0,14.1,758,229,0.3021,0,8,6,1,5,189.2,2,0,0,4.32,96,0.0,0,0,0,0
ORD000286,12160,1232,2024-01-12 21:00:00,2366.77,4,Electronics,27.2,UPI,Delhi,Urban,7,1,0,6,0.1429,9.4,750,43,0.0573,0,1,3,0,2,128.2,4,0,0,4.2,1548,0.0,0,0,0,0
ORD000287,14097,1528,2024-01-12 22:00:00,873.92,1,Fashion,9.0,COD,Karnataka,Rural,9,0,3,6,0.0,7.6,722,112,0.1551,1,9,6,0,4,86.2,4,0,0,4.32,249,873.92,0,0,1,1
ORD000288,14737,1570,2024-01-12 23:00:00,1196.54,1,Beauty,10.7,COD,West Bengal,Semi-Urban,8,1,0,7,0.125,5.9,724,43,0.0594,3,7,1,0,2,262.1,6,0,0,4.0,907,1196.54,0,0,1,1
ORD000289,16363,1089,2024-01-13 00:00:00,1130.39,1,Beauty,20.4,COD,Maharashtra,Semi-Urban,9,1,0,8,0.1111,22.9,744,42,0.0565,2,11,4,0,2,50.2,5,1,0,3.93,353,1130.39,0,0,1,0
ORD000290,15685,1491,2024-01-13 01:00:00,2680.83,4,Home,23.1,UPI,Maharashtra,Urban,6,1,0,5,0.1667,70.8,749,255,0.3405,4,9,4,0,3,182.0,3,1,0,4.03,1901,0.0,1,0,1,0
ORD000291,10854,1198,2024-01-13 02:00:00,674.32,4,Footwear,27.3,UPI,Delhi,Semi-Urban,10,0,2,8,0.0,33.5,809,26,0.0321,1,8,3,0,3,40.8,4,1,0,4.46,1041,0.0,0,1,1,0
ORD000292,15855,1361,2024-01-13 03:00:00,829.82,2,Electronics,5.5,COD,Karnataka,Urban,5,2,0,3,0.4,8.0,711,76,0.1069,2,5,1,0,2,85.1,2,1,0,3.94,1481,829.82,0,0,1,1
ORD000293,17392,1440,2024-01-13 04:00:00,664.59,3,Footwear,14.9,COD,Delhi,Urban,12,1,1,10,0.0833,21.0,744,20,0.0269,2,9,1,0,2,15.6,3,1,0,4.06,270,664.59,0,0,1,0
ORD000294,16528,1025,2024-01-13 05:00:00,459.67,1,Fashion,28.2,COD,Karnataka,Semi-Urban,12,5,0,7,0.4167,29.3,728,62,0.0852,2,7,2,0,1,153.0,3,1,0,3.48,309,459.67,0,0,1,1
ORD000295,13474,1024,2024-01-13 06:00:00,1272.42,4,Home,10.2,COD,Bihar,Urban,12,2,2,8,0.1667,17.4,710,82,0.1155,4,9,1,0,2,314.8,5,1,0,4.64,1336,1272.42,1,0,0,1
ORD000296,15757,1393,2024-01-13 07:00:00,2866.3,1,Electronics,12.4,COD,Delhi,Rural,6,0,0,6,0.0,22.4,751,52,0.0692,3,6,9,0,4,45.9,2,1,0,3.87,1686,2866.3,0,0,0,0
ORD000297,15249,1506,2024-01-13 08:00:00,973.51,1,Footwear,5.7,COD,Karnataka,Semi-Urban,10,0,1,9,0.0,22.0,716,186,0.2598,0,8,2,1,2,128.9,1,1,0,3.93,750,973.51,1,0,0,0
ORD000298,15172,1300,2024-01-13 09:00:00,646.04,1,Electronics,17.9,COD,Bihar,Semi-Urban,7,0,0,7,0.0,30.0,805,149,0.1851,0,4,1,0,4,114.7,4,1,0,3.66,1496,646.04,1,0,0,1
ORD000299,11707,1338,2024-01-13 10:00:00,1226.74,1,Fashion,13.4,COD,Delhi,Semi-Urban,10,2,0,8,0.2,14.3,731,31,0.0424,2,11,2,0,3,55.8,3,1,0,4.34,1791,1226.74,0,0,0,1
ORD000300,12777,1266,2024-01-13 11:00:00,1561.61,2,Home,22.5,COD,Maharashtra,Urban,10,0,0,10,0.0,32.3,740,29,0.0392,2,10,3,0,2,147.9,2,1,0,4.49,395,1561.61,0,0,0,0
ORD000301,15791,1460,2024-01-13 12:00:00,998.43,1,Electronics,9.2,UPI,Bihar,Urban,13,3,0,10,0.2308,53.1,735,28,0.0381,1,3,2,0,4,199.5,2,1,0,4.41,1547,0.0,0,0,0,0
ORD000302,11733,1692,2024-01-13 13:00:00,2545.6,4,Fashion,11.9,UPI,Delhi,Urban,11,3,0,8,0.2727,8.3,723,98,0.1355,3,10,1,0,3,42.9,3,1,0,3.87,83,0.0,0,1,0,1
ORD000303,15535,1455,2024-01-13 14:00:00,673.56,1,Beauty,19.3,COD,West Bengal,Urban,18,5,1,12,0.2778,9.1,690,41,0.0594,1,4,2,0,2,60.9,2,1,0,3.86,894,673.56,1,0,0,0
ORD000304,16390,1359,2024-01-13 15:00:00,923.17,1,Electronics,23.2,COD,Maharashtra,Rural,9,0,0,9,0.0,11.8,775,71,0.0916,1,7,6,1,4,455.2,1,1,0,3.8,726,923.17,1,0,0,1
ORD000305,14931,1067,2024-01-13 16:00:00,1309.75,1,Home,2.7,UPI,Bihar,Urban,13,0,3,10,0.0,5.6,776,47,0.0606,2,8,7,0,2,31.3,3,1,0,4.31,1540,0.0,0,0,0,0
ORD000306,13510,1411,2024-01-13 17:00:00,1388.22,2,Electronics,20.7,Debit Card,Karnataka,Semi-Urban,9,4,0,5,0.4444,84.4,744,49,0.0659,1,6,2,0,4,211.8,3,1,0,4.23,1790,0.0,0,0,0,0
ORD000307,10202,1490,2024-01-13 18:00:00,1128.15,2,Electronics,7.5,Wallet,West Bengal,Semi-Urban,10,0,3,7,0.0,16.9,766,142,0.1854,0,9,2,0,2,213.7,3,1,0,4.16,579,0.0,0,0,0,0
ORD000308,13255,1048,2024-01-13 19:00:00,509.25,1,Fashion,16.7,Credit Card,Karnataka,Semi-Urban,4,2,0,2,0.5,9.2,767,58,0.0756,2,6,3,0,1,108.1,7,1,0,4.37,1801,0.0,0,1,0,0
ORD000309,14218,1686,2024-01-13 20:00:00,4459.57,1,Footwear,16.2,UPI,West Bengal,Semi-Urban,11,0,0,11,0.0,22.8,724,42,0.058,1,3,3,0,5,282.0,2,1,0,3.9,817,0.0,1,0,0,0
ORD000310,14496,1563,2024-01-13 21:00:00,951.86,1,Footwear,13.2,Debit Card,Delhi,Urban,8,4,0,4,0.5,37.2,749,153,0.2043,2,7,3,0,4,66.0,4,1,0,4.01,522,0.0,0,1,0,0
ORD000311,10766,1101,2024-01-13 22:00:00,1171.64,2,Electronics,22.5,COD,Delhi,Rural,4,0,1,3,0.0,9.9,706,19,0.0269,3,8,3,0,3,24.4,4,1,0,4.18,89,1171.64,1,0,1,0
ORD000312,14389,1215,2024-01-13 23:00:00,1587.72,4,Home,16.0,UPI,Karnataka,Rural,7,0,1,6,0.0,4.8,735,56,0.0762,2,7,3,0,4,112.5,4,1,0,4.34,1491,0.0,0,1,1,0
ORD000313,12327,1437,2024-01-14 00:00:00,748.52,1,Home,10.6,COD,Karnataka,Semi-Urban,7,4,0,3,0.5714,76.0,751,242,0.3222,3,7,3,0,4,271.5,2,1,0,4.27,1291,748.52,0,1,1,1
ORD000314,12931,1699,2024-01-14 01:00:00,1134.74,3,Fashion,20.3,COD,Karnataka,Rural,9,2,1,6,0.2222,132.0,719,90,0.1252,0,2,4,0,4,610.8,4,1,0,3.93,604,1134.74,1,0,1,1
ORD000315,17777,1568,2024-01-14 02:00:00,730.47,1,Electronics,9.5,COD,Bihar,Urban,9,1,0,8,0.1111,8.1,749,87,0.1162,3,5,2,0,4,56.7,7,1,0,3.74,1203,730.47,0,0,1,0
ORD000316,10197,1558,2024-01-14 03:00:00,1407.16,1,Electronics,12.6,COD,Maharashtra,Urban,6,0,1,5,0.0,16.4,746,127,0.1702,4,6,2,0,2,132.3,6,1,0,4.63,547,1407.16,1,0,1,0
ORD000317,17125,1158,2024-01-14 04:00:00,929.26,4,Footwear,4.9,COD,Karnataka,Semi-Urban,12,0,0,12,0.0,0.7,814,48,0.059,3,11,1,0,5,33.0,4,1,0,4.47,1634,929.26,1,0,1,0
ORD000318,11930,1488,2024-01-14 05:00:00,1288.5,1,Fashion,4.3,COD,Delhi,Semi-Urban,5,0,0,5,0.0,42.0,775,18,0.0232,1,8,2,0,3,226.2,2,1,0,4.36,711,1288.5,0,1,1,1
ORD000319,13582,1685,2024-01-14 06:00:00,585.27,1,Beauty,3.6,COD,Delhi,Urban,6,0,1,5,0.0,1.0,766,74,0.0966,0,5,4,0,3,100.2,3,1,0,4.93,1739,585.27,0,0,0,0
ORD000320,16895,1241,2024-01-14 07:00:00,666.91,1,Home,20.0,UPI,Karnataka,Urban,9,0,3,6,0.0,36.6,761,46,0.0604,6,11,3,0,1,99.3,4,1,0,4.11,1437,0.0,1,0,0,0
ORD000321,16287,1793,2024-01-14 08:00:00,483.43,1,Home,31.1,COD,Karnataka,Urban,13,2,1,10,0.1538,8.1,769,113,0.1469,1,4,5,1,1,178.8,4,1,0,3.51,342,483.43,0,0,0,0
ORD000322,10608,1752,2024-01-14 09:00:00,716.0,2,Electronics,20.0,UPI,Delhi,Rural,7,2,0,5,0.2857,68.4,681,118,0.1733,2,4,2,0,3,273.3,1,1,0,4.13,302,0.0,1,0,0,1
ORD000323,13272,1004,2024-01-14 10:00:00,234.13,2,Fashion,14.2,Credit Card,Bihar,Semi-Urban,9,0,1,8,0.0,7.2,718,57,0.0794,1,9,2,0,1,155.6,4,1,0,4.11,790,0.0,0,0,0,0
ORD000324,11147,1595,2024-01-14 11:00:00,912.09,3,Beauty,28.0,UPI,West Bengal,Urban,11,0,0,11,0.0,175.5,756,7,0.0093,0,4,2,0,1,83.9,7,1,0,3.92,1587,0.0,0,0,0,0
ORD000325,14282,1360,2024-01-14 12:00:00,795.89,1,Home,20.8,COD,Delhi,Rural,12,1,0,11,0.0833,3.7,746,99,0.1327,2,8,2,0,3,67.2,3,1,0,4.03,1594,795.89,1,0,0,0
ORD000326,13397,1458,2024-01-14 13:00:00,1200.56,1,Fashion,6.6,COD,West Bengal,Urban,7,5,0,2,0.7143,57.1,738,74,0.1003,3,8,2,0,2,99.5,5,1,0,3.93,1950,1200.56,0,1,0,0
ORD000327,12511,1247,2024-01-14 14:00:00,1126.38,1,Beauty,17.3,COD,Karnataka,Urban,5,0,1,4,0.0,4.4,754,18,0.0239,1,8,4,0,4,119.6,3,1,0,3.77,1040,1126.38,1,0,0,0
ORD000328,17516,1565,2024-01-14 15:00:00,2331.46,1,Electronics,29.4,Credit Card,Maharashtra,Urban,10,0,2,8,0.0,43.7,782,195,0.2494,1,4,4,0,2,362.8,2,1,0,4.48,291,0.0,0,0,0,0
ORD000329,11794,1672,2024-01-14 16:00:00,5200.9,4,Footwear,14.9,COD,Karnataka,Urban,5,3,0,2,0.6,8.7,755,35,0.0464,2,9,5,0,4,49.7,3,1,0,4.45,1269,5200.9,0,0,0,1
ORD000330,10659,1421,2024-01-14 17:00:00,2170.09,2,Home,13.9,UPI,Karnataka,Urban,8,2,1,5,0.25,14.7,775,33,0.0426,1,5,2,0,3,63.8,1,1,0,3.36,1840,0.0,0,0,0,0
ORD000331,12811,1737,2024-01-14 18:00:00,835.59,1,Home,15.6,COD,Karnataka,Urban,10,1,0,9,0.1,18.5,698,184,0.2636,0,5,3,0,2,126.0,1,1,0,4.67,749,835.59,0,0,0,0
ORD000332,17098,1014,2024-01-14 19:00:00,815.63,3,Beauty,26.3,Debit Card,Delhi,Rural,9,3,2,4,0.3333,57.8,697,47,0.0674,3,8,1,0,3,168.3,3,1,0,4.3,1687,0.0,0,0,0,1
ORD000333,16051,1735,2024-01-14 20:00:00,1846.78,2,Footwear,12.1,COD,Delhi,Urban,20,2,1,17,0.1,4.6,784,31,0.0395,3,9,2,0,2,425.4,3,1,0,3.94,884,1846.78,0,0,0,0
ORD000334,16546,1572,2024-01-14 21:00:00,399.41,1,Fashion,18.9,UPI,Maharashtra,Urban,8,4,0,4,0.5,73.0,730,265,0.363,3,9,2,1,4,197.3,2,1,0,3.67,195,0.0,1,0,0,1
ORD000335,11369,1121,2024-01-14 22:00:00,907.67,2,Electronics,18.1,UPI,West Bengal,Semi-Urban,11,2,1,8,0.1818,6.0,754,91,0.1207,1,8,4,0,2,117.0,4,1,0,4.67,21,0.0,1,0,1,0
ORD000336,11986,1276,2024-01-14 23:00:00,950.61,1,Fashion,35.6,COD,West Bengal,Semi-Urban,3,0,0,3,0.0,26.5,738,165,0.2236,2,7,6,0,5,74.6,7,1,0,4.39,106,950.61,0,0,1,0
ORD000337,15630,1557,2024-01-15 00:00:00,1556.94,1,Beauty,36.6,COD,West Bengal,Rural,12,1,1,10,0.0833,31.0,742,32,0.0431,5,8,4,0,1,182.5,4,0,0,4.31,1597,1556.94,1,0,1,0
ORD000338,10146,1452,2024-01-15 01:00:00,1584.97,1,Home,30.6,COD,Karnataka,Urban,15,0,1,14,0.0,43.3,756,80,0.1058,3,10,3,0,5,254.1,6,0,0,4.03,1846,1584.97,0,0,1,0
ORD000339,13219,1389,2024-01-15 02:00:00,701.53,1,Home,22.1,UPI,Maharashtra,Semi-Urban,7,1,1,5,0.1429,95.1,758,103,0.1359,1,3,3,0,4,169.8,3,0,0,4.08,1878,0.0,0,0,1,0
ORD000340,12911,1293,2024-01-15 03:00:00,855.24,1,Fashion,25.5,UPI,Karnataka,Urban,14,2,0,12,0.1429,1.5,756,62,0.082,1,7,2,0,2,141.7,7,0,0,4.16,34,0.0,1,0,1,0
ORD000341,11734,1573,2024-01-15 04:00:00,1432.34,1,Electronics,27.6,COD,Maharashtra,Urban,8,0,3,5,0.0,37.9,774,4,0.0052,0,6,3,0,2,104.9,2,0,0,4.44,1867,1432.34,0,0,1,0
ORD000342,11843,1597,2024-01-15 05:00:00,679.02,1,Beauty,11.3,COD,Bihar,Urban,8,0,0,8,0.0,12.0,773,84,0.1087,1,8,2,0,2,243.7,4,0,0,4.38,1091,679.02,0,1,1,0
ORD000343,10488,1445,2024-01-15 06:00:00,2261.25,2,Electronics,22.3,COD,Delhi,Urban,9,0,1,8,0.0,30.3,765,133,0.1739,2,5,2,0,3,143.2,3,0,0,3.91,1831,2261.25,0,0,0,0
ORD000344,12976,1209,2024-01-15 07:00:00,1580.51,4,Beauty,36.5,COD,Karnataka,Urban,8,3,1,4,0.375,8.1,740,108,0.1459,2,5,3,0,2,206.1,7,0,0,4.61,1593,1580.51,0,0,0,1
ORD000345,11959,1589,2024-01-15 08:00:00,1215.49,2,Electronics,26.9,COD,Bihar,Semi-Urban,11,0,1,10,0.0,72.1,764,62,0.0812,4,8,4,0,4,253.2,3,0,0,4.04,708,1215.49,1,0,0,0
ORD000346,15759,1713,2024-01-15 09:00:00,1386.54,1,Fashion,4.9,COD,West Bengal,Urban,13,1,0,12,0.0769,34.7,763,101,0.1324,2,8,2,0,2,87.4,4,0,1,4.17,1079,1386.54,0,1,0,1
ORD000347,16694,1301,2024-01-15 10:00:00,828.71,1,Footwear,22.1,COD,Bihar,Rural,13,0,4,9,0.0,13.3,721,20,0.0277,4,7,4,1,3,105.5,5,0,0,4.14,739,828.71,0,0,0,0
ORD000348,12385,1222,2024-01-15 11:00:00,753.12,1,Beauty,29.8,UPI,Delhi,Rural,10,1,0,9,0.1,83.9,737,93,0.1262,0,7,3,1,4,380.4,2,0,0,3.83,1800,0.0,0,0,0,0
ORD000349,12919,1733,2024-01-15 12:00:00,849.94,1,Fashion,6.4,UPI,Delhi,Urban,9,1,1,7,0.1111,38.5,734,87,0.1185,4,11,3,0,2,62.2,5,0,0,4.76,430,0.0,0,0,0,0
ORD000350,14736,1002,2024-01-15 13:00:00,1480.27,1,Home,11.0,COD,Delhi,Semi-Urban,8,0,0,8,0.0,31.4,732,94,0.1284,3,8,3,0,6,195.6,3,0,0,4.62,1895,1480.27,1,0,0,0
ORD000351,11802,1517,2024-01-15 14:00:00,1237.2,2,Home,35.5,COD,Bihar,Urban,10,2,3,5,0.2,43.9,760,69,0.0908,3,6,5,0,3,240.4,6,0,0,3.91,268,1237.2,0,0,0,1
ORD000352,16616,1092,2024-01-15 15:00:00,850.97,2,Electronics,11.6,Credit Card,West Bengal,Urban,11,0,0,11,0.0,26.2,725,91,0.1255,5,10,2,0,2,332.5,3,0,0,4.44,87,0.0,0,0,0,0
ORD000353,16065,1519,2024-01-15 16:00:00,1719.43,2,Home,5.9,COD,Karnataka,Rural,14,3,3,8,0.2143,16.1,748,26,0.0348,2,9,3,1,4,65.2,6,0,0,4.2,715,1719.43,1,1,0,0
ORD000354,16294,1427,2024-01-15 17:00:00,987.95,1,Footwear,18.7,COD,West Bengal,Urban,7,2,0,5,0.2857,8.4,704,98,0.1392,2,10,3,0,1,360.7,3,0,0,4.83,1871,987.95,0,0,0,0
ORD000355,15534,1492,2024-01-15 18:00:00,723.44,1,Beauty,23.7,COD,Maharashtra,Urban,10,0,0,10,0.0,2.8,734,6,0.0082,2,13,3,0,3,172.8,1,0,0,4.59,1591,723.44,1,0,0,0
ORD000356,14061,1234,2024-01-15 19:00:00,1277.43,2,Electronics,23.8,UPI,Maharashtra,Urban,6,0,2,4,0.0,13.1,739,20,0.0271,1,4,4,0,4,353.4,5,0,0,3.73,1768,0.0,0,0,0,0
ORD000357,13369,1619,2024-01-15 20:00:00,597.16,1,Beauty,14.3,COD,Karnataka,Semi-Urban,8,1,0,7,0.125,15.9,698,59,0.0845,2,5,2,0,1,98.1,2,0,0,4.07,129,597.16,0,0,0,0
ORD000358,15730,1160,2024-01-15 21:00:00,398.48,1,Beauty,40.0,Wallet,Delhi,Urban,8,1,0,7,0.125,71.9,736,52,0.0707,2,6,4,0,4,103.1,7,0,0,3.91,931,0.0,0,0,0,0
ORD000359,10262,1720,2024-01-15 22:00:00,1093.28,1,Fashion,10.5,COD,Karnataka,Rural,6,1,0,5,0.1667,24.2,734,93,0.1267,1,8,4,0,4,70.1,7,0,0,4.48,1850,1093.28,0,0,1,0
ORD000360,15883,1751,2024-01-15 23:00:00,739.19,1,Home,35.5,COD,Bihar,Urban,5,1,0,4,0.2,1.3,754,184,0.244,1,6,3,0,3,89.6,2,0,0,4.25,865,739.19,0,1,1,1
ORD000361,16287,1330,2024-01-16 00:00:00,941.53,1,Beauty,11.9,UPI,Delhi,Rural,10,1,0,9,0.1,0.6,730,216,0.2959,2,5,2,0,6,128.6,3,0,0,3.85,896,0.0,0,0,1,0
ORD000362,16489,1332,2024-01-16 01:00:00,613.98,2,Footwear,12.6,COD,Karnataka,Rural,13,0,4,9,0.0,46.1,735,23,0.0313,2,10,5,0,2,192.5,3,0,0,4.81,1297,613.98,1,0,1,0
ORD000363,10623,1049,2024-01-16 02:00:00,2265.07,3,Footwear,9.2,COD,Karnataka,Semi-Urban,11,2,3,6,0.1818,22.4,773,243,0.3144,0,4,5,0,4,89.4,3,0,1,3.73,867,2265.07,0,0,1,0
ORD000364,11016,1522,2024-01-16 03:00:00,737.38,1,Home,15.9,UPI,Bihar,Semi-Urban,10,0,0,10,0.0,20.7,774,62,0.0801,0,3,2,1,3,32.6,7,0,0,4.03,662,0.0,0,0,1,0
ORD000365,13643,1667,2024-01-16 04:00:00,846.24,1,Home,11.2,COD,Bihar,Urban,6,2,1,3,0.3333,11.0,735,143,0.1946,2,5,4,0,3,138.4,3,0,0,3.74,224,846.24,0,2,1,1
ORD000366,14976,1491,2024-01-16 05:00:00,1375.72,2,Electronics,16.3,Credit Card,West Bengal,Rural,5,1,0,4,0.2,31.7,685,168,0.2453,5,9,3,0,3,249.4,2,0,0,4.13,1464,0.0,1,0,1,0
ORD000367,12049,1581,2024-01-16 06:00:00,480.12,1,Electronics,12.4,COD,Maharashtra,Semi-Urban,7,1,0,6,0.1429,44.8,692,13,0.0188,1,2,7,0,2,91.1,3,0,0,4.21,1122,480.12,0,0,0,0
ORD000368,17040,1680,2024-01-16 07:00:00,459.28,1,Electronics,16.0,COD,Karnataka,Urban,8,1,0,7,0.125,56.8,762,93,0.122,2,10,2,0,2,99.1,3,0,0,4.28,1738,459.28,0,0,0,1
ORD000369,15423,1271,2024-01-16 08:00:00,1378.25,1,Home,41.0,COD,West Bengal,Urban,10,1,0,9,0.1,14.7,704,19,0.027,3,8,1,0,3,457.3,3,0,0,3.8,1266,1378.25,0,0,0,0
ORD000370,16397,1579,2024-01-16 09:00:00,839.69,1,Beauty,11.7,COD,Delhi,Urban,11,0,0,11,0.0,2.2,731,70,0.0958,3,6,5,0,2,110.7,5,0,1,3.93,1115,839.69,0,1,0,0
ORD000371,13723,1251,2024-01-16 10:00:00,638.49,2,Fashion,6.8,UPI,Delhi,Semi-Urban,9,1,0,8,0.1111,50.6,756,85,0.1124,0,2,2,0,7,202.2,4,0,0,3.96,1114,0.0,0,0,0,0
ORD000372,14548,1559,2024-01-16 11:00:00,1575.02,2,Electronics,3.8,UPI,Maharashtra,Urban,5,0,0,5,0.0,28.7,749,126,0.1682,1,6,4,0,2,403.5,4,0,0,4.64,832,0.0,0,0,0,1
ORD000373,13108,1695,2024-01-16 12:00:00,673.74,1,Fashion,26.2,Debit Card,Delhi,Semi-Urban,8,2,0,6,0.25,31.5,723,186,0.2573,5,10,2,0,4,108.8,3,0,0,5.0,767,0.0,0,1,0,0
ORD000374,15279,1698,2024-01-16 13:00:00,930.1,1,Footwear,10.1,COD,Maharashtra,Semi-Urban,11,0,2,9,0.0,71.9,790,155,0.1962,0,1,5,0,4,135.0,3,0,0,3.93,158,930.1,0,0,0,1
ORD000375,14090,1089,2024-01-16 14:00:00,640.55,1,Home,6.0,Credit Card,Delhi,Urban,10,2,0,8,0.2,6.5,740,39,0.0527,3,10,1,0,5,4.0,4,0,0,4.05,955,0.0,0,0,0,0
ORD000376,17158,1445,2024-01-16 15:00:00,1315.62,1,Footwear,9.4,COD,Delhi,Rural,8,0,3,5,0.0,41.5,738,9,0.0122,3,6,6,0,5,236.7,3,0,0,4.01,585,1315.62,1,1,0,0
ORD000377,12056,1331,2024-01-16 16:00:00,2438.76,4,Electronics,6.9,COD,Karnataka,Semi-Urban,9,0,1,8,0.0,14.2,777,87,0.112,3,7,3,1,1,59.9,3,0,0,4.79,369,2438.76,1,0,0,1
ORD000378,17400,1138,2024-01-16 17:00:00,359.02,2,Beauty,7.4,Debit Card,Bihar,Urban,6,1,0,5,0.1667,69.6,820,49,0.0598,2,3,5,0,5,34.4,3,0,0,3.78,149,0.0,0,0,0,0
ORD000379,13170,1356,2024-01-16 18:00:00,1173.32,1,Electronics,3.4,COD,Karnataka,Rural,5,1,1,3,0.2,9.9,728,60,0.0824,0,5,3,0,2,206.6,2,0,0,3.92,1929,1173.32,0,0,0,0
ORD000380,11682,1600,2024-01-16 19:00:00,1833.45,2,Fashion,27.6,Credit Card,West Bengal,Rural,15,1,2,12,0.0667,21.5,768,169,0.2201,1,5,2,0,2,158.9,2,0,0,4.19,625,0.0,1,0,0,0
ORD000381,16959,1273,2024-01-16 20:00:00,851.6,2,Electronics,10.7,COD,Bihar,Semi-Urban,9,1,1,7,0.1111,27.3,779,38,0.0488,3,8,3,0,4,55.4,1,0,0,4.41,1838,851.6,0,1,0,0
ORD000382,12255,1018,2024-01-16 21:00:00,556.34,2,Beauty,6.4,COD,Karnataka,Urban,11,0,2,9,0.0,1.0,778,122,0.1568,2,6,3,0,3,116.4,6,0,0,3.27,1657,556.34,0,0,0,0
ORD000383,11154,1310,2024-01-16 22:00:00,1411.74,1,Beauty,14.2,UPI,Bihar,Urban,9,1,0,8,0.1111,25.8,789,147,0.1863,2,9,3,0,3,53.7,2,0,0,3.28,933,0.0,1,0,1,1
ORD000384,14499,1153,2024-01-16 23:00:00,2000.18,1,Home,17.3,Credit Card,Bihar,Rural,7,0,0,7,0.0,29.6,727,49,0.0674,1,4,5,0,1,88.4,2,0,0,3.95,1024,0.0,0,0,1,0
ORD000385,16295,1389,2024-01-17 00:00:00,1871.16,2,Home,20.8,Credit Card,Bihar,Semi-Urban,12,0,4,8,0.0,44.1,759,46,0.0606,0,7,7,0,2,95.8,5,0,0,4.37,1956,0.0,0,0,1,0
ORD000386,16197,1259,2024-01-17 01:00:00,1365.87,1,Beauty,4.6,Credit Card,Delhi,Urban,6,0,0,6,0.0,9.9,760,57,0.075,2,5,3,0,4,227.4,5,0,0,3.59,1469,0.0,1,1,1,0
ORD000387,13191,1619,2024-01-17 02:00:00,1162.99,4,Beauty,14.5,COD,Bihar,Rural,11,2,1,8,0.1818,31.8,716,50,0.0698,4,9,3,0,3,82.7,7,0,0,4.04,1318,1162.99,0,0,1,1
ORD000388,11696,1796,2024-01-17 03:00:00,639.44,2,Fashion,8.1,COD,Delhi,Urban,10,1,1,8,0.1,43.0,714,72,0.1008,0,10,2,0,2,81.8,5,0,0,4.12,1116,639.44,2,0,1,1
ORD000389,13991,1570,2024-01-17 04:00:00,1842.99,4,Electronics,9.7,UPI,Bihar,Urban,9,0,0,9,0.0,42.9,722,50,0.0693,2,4,1,0,3,107.6,6,0,0,3.83,514,0.0,0,0,1,0
ORD000390,14723,1124,2024-01-17 05:00:00,1782.86,1,Home,10.6,UPI,Delhi,Rural,12,1,2,9,0.0833,6.9,758,254,0.3351,3,8,5,1,1,74.1,4,0,0,4.43,1972,0.0,0,0,1,1
ORD000391,14682,1353,2024-01-17 06:00:00,554.0,3,Fashion,7.7,Wallet,Bihar,Urban,8,1,0,7,0.125,77.4,758,131,0.1728,2,6,4,0,2,196.8,2,0,0,4.54,1151,0.0,0,0,0,1
ORD000392,11648,1272,2024-01-17 07:00:00,1364.7,1,Electronics,2.6,COD,West Bengal,Urban,11,0,0,11,0.0,32.5,732,19,0.026,0,5,4,0,3,142.3,3,0,0,3.53,1089,1364.7,0,0,0,0
ORD000393,15539,1618,2024-01-17 08:00:00,1622.45,4,Home,36.8,COD,Karnataka,Rural,12,0,1,11,0.0,29.5,759,40,0.0527,2,6,3,0,5,179.1,3,0,0,3.49,1559,1622.45,0,0,0,0
ORD000394,11445,1244,2024-01-17 09:00:00,1861.74,1,Fashion,41.4,UPI,Bihar,Semi-Urban,10,1,1,8,0.1,41.8,786,33,0.042,1,7,3,0,4,90.7,4,0,0,3.91,368,0.0,0,0,0,0
ORD000395,14199,1449,2024-01-17 10:00:00,1048.39,1,Footwear,23.8,COD,West Bengal,Semi-Urban,11,1,1,9,0.0909,38.4,778,33,0.0424,1,3,6,0,4,344.8,1,0,0,3.59,1477,1048.39,0,1,0,0
ORD000396,13923,1246,2024-01-17 11:00:00,655.54,2,Footwear,23.0,COD,Karnataka,Semi-Urban,16,1,0,15,0.0625,5.9,753,75,0.0996,3,12,2,0,2,314.9,7,0,0,3.97,365,655.54,0,0,0,1
ORD000397,10253,1519,2024-01-17 12:00:00,811.37,1,Home,21.3,UPI,Maharashtra,Urban,9,0,3,6,0.0,23.2,718,67,0.0933,4,7,3,0,2,138.0,6,0,0,3.79,802,0.0,0,0,0,0
ORD000398,17394,1140,2024-01-17 13:00:00,599.23,1,Fashion,10.3,Debit Card,Bihar,Urban,6,0,1,5,0.0,42.4,781,38,0.0487,1,8,2,0,4,323.8,4,0,0,3.78,838,0.0,1,0,0,0
ORD000399,13183,1361,2024-01-17 14:00:00,1063.55,4,Electronics,21.5,COD,Maharashtra,Semi-Urban,13,2,1,10,0.1538,27.8,786,96,0.1221,2,6,2,0,3,87.7,2,0,0,3.93,569,1063.55,2,0,0,0
ORD000400,12557,1007,2024-01-17 15:00:00,945.65,1,Electronics,15.8,COD,Karnataka,Urban,7,0,0,7,0.0,21.7,792,126,0.1591,2,6,2,0,2,153.2,5,0,0,4.04,1857,945.65,0,0,0,1
ORD000401,15592,1477,2024-01-17 16:00:00,3971.99,2,Fashion,24.1,Debit Card,Karnataka,Semi-Urban,8,0,3,5,0.0,8.0,762,106,0.1391,1,7,3,0,1,213.7,3,0,0,3.63,132,0.0,0,0,0,0
ORD000402,10098,1351,2024-01-17 17:00:00,1875.83,1,Footwear,7.8,Debit Card,Bihar,Urban,12,2,0,10,0.1667,37.7,783,119,0.152,4,9,3,0,2,36.9,2,0,0,3.64,527,0.0,1,0,0,0
ORD000403,12200,1494,2024-01-17 18:00:00,1962.02,2,Fashion,2.8,COD,West Bengal,Urban,9,1,1,7,0.1111,1.4,712,31,0.0435,2,9,2,0,1,121.3,5,0,0,3.57,25,1962.02,0,0,0,1
ORD000404,15980,1605,2024-01-17 19:00:00,1455.07,2,Footwear,26.6,UPI,Bihar,Urban,10,0,0,10,0.0,29.1,760,57,0.075,1,9,3,0,1,67.9,3,0,0,4.41,1592,0.0,1,0,0,1
ORD000405,12961,1426,2024-01-17 20:00:00,879.73,1,Footwear,24.3,COD,West Bengal,Urban,10,2,0,8,0.2,36.8,782,101,0.1292,2,5,3,0,2,290.4,3,0,0,4.06,193,879.73,2,0,0,0
ORD000406,16015,1038,2024-01-17 21:00:00,929.61,1,Electronics,19.1,Debit Card,Bihar,Rural,11,2,0,9,0.1818,65.4,817,71,0.0869,3,8,2,1,3,55.9,6,0,0,4.03,336,0.0,0,0,0,0
ORD000407,14973,1592,2024-01-17 22:00:00,982.09,1,Home,8.3,UPI,West Bengal,Urban,10,0,1,9,0.0,33.6,737,19,0.0258,3,6,5,0,2,154.2,4,0,1,3.64,1031,0.0,0,0,1,0
ORD000408,14433,1186,2024-01-17 23:00:00,1227.75,1,Beauty,7.8,COD,Delhi,Urban,11,1,1,9,0.0909,18.6,753,117,0.1554,1,7,2,0,3,256.3,1,0,0,4.33,1359,1227.75,0,0,1,0
ORD000409,13777,1595,2024-01-18 00:00:00,1385.06,1,Fashion,9.6,Credit Card,West Bengal,Urban,10,4,1,5,0.4,5.5,735,127,0.1728,3,9,1,0,2,345.6,3,0,0,3.88,305,0.0,0,0,1,1
ORD000410,12869,1599,2024-01-18 01:00:00,1097.1,2,Footwear,35.1,Wallet,West Bengal,Urban,10,0,1,9,0.0,12.7,772,156,0.2021,0,6,3,1,3,156.8,6,0,0,4.93,410,0.0,0,0,1,0
ORD000411,13234,1753,2024-01-18 02:00:00,921.17,1,Fashion,13.5,COD,Karnataka,Urban,8,0,2,6,0.0,2.5,770,196,0.2545,2,7,2,0,2,99.7,1,0,0,3.63,258,921.17,0,0,1,0
ORD000412,13791,1092,2024-01-18 03:00:00,767.8,1,Home,3.5,COD,Maharashtra,Urban,8,0,0,8,0.0,14.6,772,228,0.2953,4,7,2,0,4,193.3,3,0,0,2.96,478,767.8,0,1,1,1
ORD000413,10956,1085,2024-01-18 04:00:00,475.52,2,Home,17.2,UPI,Bihar,Semi-Urban,5,0,0,5,0.0,4.0,718,90,0.1253,3,7,2,0,2,66.2,3,0,0,4.28,1670,0.0,0,0,1,1
ORD000414,15800,1043,2024-01-18 05:00:00,2368.54,1,Beauty,13.1,UPI,Karnataka,Semi-Urban,4,0,0,4,0.0,4.1,760,75,0.0987,0,3,2,0,1,196.5,3,0,0,4.37,1482,0.0,2,0,1,1
ORD000415,14067,1136,2024-01-18 06:00:00,4118.8,1,Beauty,6.1,UPI,Maharashtra,Rural,10,0,0,10,0.0,5.5,751,7,0.0093,2,6,2,0,4,116.3,3,0,0,3.94,657,0.0,1,0,0,0
ORD000416,10160,1420,2024-01-18 07:00:00,2252.06,1,Footwear,26.2,COD,Karnataka,Semi-Urban,11,3,0,8,0.2727,30.1,749,5,0.0067,3,9,4,0,3,98.6,2,0,0,4.15,33,2252.06,0,1,0,0
ORD000417,15699,1073,2024-01-18 08:00:00,515.2,1,Beauty,14.2,COD,Karnataka,Urban,5,0,0,5,0.0,8.8,741,261,0.3522,2,3,4,0,2,152.8,2,0,0,4.08,133,515.2,0,1,0,0
ORD000418,16944,1547,2024-01-18 09:00:00,1758.49,2,Footwear,28.8,Credit Card,Bihar,Semi-Urban,5,0,0,5,0.0,28.5,772,92,0.1192,1,6,1,0,5,119.0,3,0,0,3.84,936,0.0,1,0,0,0
ORD000419,14493,1612,2024-01-18 10:00:00,2026.91,2,Electronics,32.7,Debit Card,Delhi,Semi-Urban,12,0,0,12,0.0,39.3,742,10,0.0135,0,6,1,0,3,103.2,3,0,0,3.95,783,0.0,0,0,0,0
ORD000420,11300,1511,2024-01-18 11:00:00,860.86,1,Footwear,8.4,Credit Card,Karnataka,Urban,8,1,0,7,0.125,77.5,761,181,0.2378,2,9,2,0,3,19.4,1,0,0,4.78,397,0.0,0,1,0,0
ORD000421,14911,1155,2024-01-18 12:00:00,1470.5,1,Beauty,12.7,UPI,Bihar,Urban,10,6,0,4,0.6,2.2,765,143,0.1869,4,8,5,0,5,242.9,5,0,0,3.49,224,0.0,1,0,0,0
ORD000422,13987,1254,2024-01-18 13:00:00,833.99,1,Fashion,9.7,COD,West Bengal,Urban,7,2,0,5,0.2857,0.5,775,58,0.0748,2,6,8,0,2,72.6,1,0,0,4.0,1320,833.99,0,0,0,0
ORD000423,11527,1170,2024-01-18 14:00:00,2744.51,1,Beauty,24.8,UPI,Maharashtra,Urban,10,0,0,10,0.0,13.9,785,147,0.1873,2,5,3,0,2,85.9,4,0,0,4.08,749,0.0,0,0,0,0
ORD000424,16015,1727,2024-01-18 15:00:00,1365.43,3,Home,8.8,COD,Bihar,Urban,13,2,2,9,0.1538,4.1,754,73,0.0968,0,4,2,0,3,316.4,7,0,0,4.49,929,1365.43,0,0,0,0
ORD000425,15511,1169,2024-01-18 16:00:00,632.52,1,Beauty,18.5,UPI,Delhi,Rural,9,1,1,7,0.1111,6.7,760,157,0.2066,1,8,3,1,2,120.0,3,0,0,4.28,1239,0.0,0,0,0,0
ORD000426,15254,1763,2024-01-18 17:00:00,1639.07,1,Electronics,3.6,Credit Card,Bihar,Semi-Urban,9,5,0,4,0.5556,84.3,746,56,0.0751,1,6,5,0,1,138.2,2,0,0,3.65,135,0.0,0,0,0,1
ORD000427,11218,1321,2024-01-18 18:00:00,2069.93,1,Footwear,31.7,COD,Bihar,Urban,7,1,0,6,0.1429,157.2,729,126,0.1728,0,10,1,0,3,119.6,3,0,0,3.99,1246,2069.93,1,0,0,0
ORD000428,14496,1566,2024-01-18 19:00:00,1235.07,2,Home,14.0,COD,West Bengal,Urban,6,0,1,5,0.0,105.2,729,100,0.1372,2,3,4,0,2,168.4,2,0,0,4.13,1198,1235.07,1,1,0,1
ORD000429,14735,1455,2024-01-18 20:00:00,1462.15,2,Footwear,11.1,COD,Maharashtra,Urban,9,0,0,9,0.0,60.1,775,66,0.0852,3,11,2,1,5,144.6,2,0,0,4.29,1084,1462.15,0,0,0,0
ORD000430,13104,1602,2024-01-18 21:00:00,1051.68,2,Footwear,1.5,Credit Card,Maharashtra,Urban,13,1,4,8,0.0769,99.2,733,40,0.0546,0,4,1,0,3,575.1,6,0,0,3.58,951,0.0,0,1,0,0
ORD000431,12735,1789,2024-01-18 22:00:00,555.26,3,Beauty,11.0,COD,Delhi,Semi-Urban,8,0,2,6,0.0,5.1,723,75,0.1037,2,7,2,0,1,7.9,3,0,0,3.4,1898,555.26,0,1,1,1
ORD000432,14555,1612,2024-01-18 23:00:00,1001.21,1,Fashion,15.3,UPI,Maharashtra,Semi-Urban,10,0,0,10,0.0,0.8,704,199,0.2827,2,5,3,0,4,18.4,2,0,0,4.4,1241,0.0,0,0,1,0
ORD000433,10954,1154,2024-01-19 00:00:00,1500.91,1,Home,16.5,COD,West Bengal,Urban,6,0,1,5,0.0,10.3,722,17,0.0235,0,4,4,0,1,224.9,3,0,0,4.41,338,1500.91,0,0,1,1
ORD000434,14565,1348,2024-01-19 01:00:00,1015.55,1,Electronics,23.4,UPI,Delhi,Urban,8,1,1,6,0.125,21.1,757,92,0.1215,1,3,2,0,2,67.7,6,0,0,4.43,311,0.0,1,0,1,0
ORD000435,13446,1450,2024-01-19 02:00:00,1773.05,2,Electronics,2.3,UPI,West Bengal,Rural,9,0,0,9,0.0,15.4,744,112,0.1505,0,3,1,0,2,261.0,6,0,0,3.71,310,0.0,0,1,1,0
ORD000436,11045,1652,2024-01-19 03:00:00,866.7,2,Fashion,26.1,COD,West Bengal,Urban,9,0,1,8,0.0,116.4,753,183,0.243,4,6,4,0,3,277.3,4,0,0,3.84,1510,866.7,1,0,1,0
ORD000437,16893,1172,2024-01-19 04:00:00,901.49,1,Fashion,11.4,COD,Bihar,Urban,12,2,0,10,0.1667,5.6,730,33,0.0452,1,7,3,0,2,141.4,5,0,0,4.15,397,901.49,0,0,1,0
ORD000438,11693,1009,2024-01-19 05:00:00,1805.64,2,Beauty,20.8,Credit Card,Bihar,Urban,14,0,0,14,0.0,5.8,794,113,0.1423,1,8,2,0,2,169.8,5,0,0,3.84,180,0.0,0,0,1,0
ORD000439,16181,1739,2024-01-19 06:00:00,1252.77,2,Electronics,28.3,UPI,Bihar,Urban,3,2,0,1,0.6667,42.4,705,144,0.2043,3,8,4,0,2,137.1,2,0,0,3.82,1798,0.0,0,0,0,0
ORD000440,16373,1264,2024-01-19 07:00:00,856.6,3,Home,26.0,COD,Karnataka,Semi-Urban,6,0,0,6,0.0,13.6,764,129,0.1688,3,8,1,0,3,251.6,3,0,0,3.64,1769,856.6,0,1,0,0
ORD000441,13436,1437,2024-01-19 08:00:00,2039.14,1,Fashion,21.7,UPI,West Bengal,Semi-Urban,6,0,0,6,0.0,15.1,789,43,0.0545,1,6,4,0,2,137.8,4,0,0,3.39,1776,0.0,2,0,0,0
ORD000442,10562,1759,2024-01-19 09:00:00,725.43,2,Fashion,12.6,COD,Maharashtra,Urban,11,3,0,8,0.2727,28.3,719,66,0.0918,4,10,3,0,3,83.2,5,0,0,4.58,105,725.43,0,0,0,0
ORD000443,12485,1246,2024-01-19 10:00:00,708.98,1,Fashion,27.9,UPI,Delhi,Urban,10,1,1,8,0.1,49.0,745,97,0.1302,1,6,2,0,3,277.9,6,0,0,3.76,57,0.0,1,0,0,0
ORD000444,15895,1666,2024-01-19 11:00:00,200.8,2,Home,8.2,COD,Karnataka,Semi-Urban,8,1,0,7,0.125,226.8,738,94,0.1274,2,9,2,0,3,63.1,5,0,0,4.09,393,200.8,0,0,0,1
ORD000445,13354,1545,2024-01-19 12:00:00,786.52,3,Electronics,10.2,COD,Bihar,Urban,8,0,0,8,0.0,107.0,728,168,0.2308,1,8,5,0,2,83.4,6,0,0,4.65,394,786.52,0,0,0,1
ORD000446,16170,1498,2024-01-19 13:00:00,2404.82,1,Home,5.5,COD,Karnataka,Urban,10,0,0,10,0.0,47.7,761,114,0.1498,2,7,3,0,4,49.2,2,0,0,3.81,1863,2404.82,1,1,0,0
ORD000447,10225,1128,2024-01-19 14:00:00,316.28,2,Home,5.4,Debit Card,Karnataka,Rural,11,2,0,9,0.1818,4.3,766,54,0.0705,3,10,4,0,3,188.0,5,0,0,4.5,734,0.0,0,0,0,0
ORD000448,17444,1671,2024-01-19 15:00:00,619.46,2,Beauty,18.3,Credit Card,West Bengal,Semi-Urban,11,0,2,9,0.0,4.0,744,24,0.0323,3,14,3,0,1,206.8,3,0,0,4.01,1420,0.0,0,0,0,0
ORD000449,14893,1600,2024-01-19 16:00:00,1427.16,1,Fashion,2.4,Wallet,West Bengal,Semi-Urban,6,0,0,6,0.0,32.5,754,34,0.0451,3,8,3,0,4,107.7,3,0,0,4.63,463,0.0,0,0,0,0
ORD000450,17776,1604,2024-01-19 17:00:00,285.17,1,Electronics,12.4,UPI,Maharashtra,Semi-Urban,12,0,1,11,0.0,20.7,733,41,0.0559,0,6,3,0,5,220.8,5,0,0,4.12,1734,0.0,0,0,0,0
ORD000451,16427,1326,2024-01-19 18:00:00,807.21,1,Beauty,1.6,Credit Card,Delhi,Urban,9,0,0,9,0.0,42.4,770,56,0.0727,1,4,2,0,3,378.6,2,0,0,4.66,1882,0.0,0,0,0,0
ORD000452,17022,1752,2024-01-19 19:00:00,2174.42,4,Beauty,15.2,UPI,Delhi,Rural,6,1,0,5,0.1667,4.7,754,42,0.0557,4,6,2,1,4,124.5,6,0,0,4.17,648,0.0,1,0,0,0
ORD000453,10959,1403,2024-01-19 20:00:00,3736.17,2,Footwear,25.2,COD,Bihar,Urban,9,1,1,7,0.1111,68.9,752,72,0.0957,3,9,4,0,2,170.4,4,0,0,4.35,1277,3736.17,1,0,0,0
ORD000454,15600,1628,2024-01-19 21:00:00,1305.25,1,Fashion,14.9,Credit Card,Maharashtra,Urban,9,1,0,8,0.1111,0.5,712,33,0.0463,0,7,2,0,4,206.8,5,0,0,4.44,558,0.0,0,1,0,0
ORD000455,14548,1605,2024-01-19 22:00:00,628.99,1,Electronics,23.0,Credit Card,Delhi,Urban,7,1,0,6,0.1429,5.4,741,175,0.2362,1,6,1,0,5,232.8,2,0,0,4.81,182,0.0,0,0,1,0
ORD000456,13067,1674,2024-01-19 23:00:00,616.42,1,Electronics,17.7,UPI,Karnataka,Urban,11,3,0,8,0.2727,16.8,736,177,0.2405,2,8,4,0,1,186.5,4,0,0,3.75,1873,0.0,0,1,1,0
ORD000457,17996,1610,2024-01-20 00:00:00,1196.25,1,Electronics,13.0,Debit Card,Karnataka,Urban,9,0,2,7,0.0,81.6,742,116,0.1563,1,3,4,0,2,241.2,2,1,0,4.14,1324,0.0,0,0,1,0
ORD000458,10815,1624,2024-01-20 01:00:00,1298.0,1,Fashion,10.0,Debit Card,Delhi,Urban,11,1,1,9,0.0909,47.8,769,76,0.0988,0,6,4,1,2,167.8,3,1,0,4.53,111,0.0,0,0,1,0
ORD000459,14754,1358,2024-01-20 02:00:00,3343.45,1,Electronics,24.4,COD,Karnataka,Urban,10,3,0,7,0.3,29.2,686,128,0.1866,3,11,3,0,4,225.7,6,1,0,4.45,1404,3343.45,0,0,1,1
ORD000460,17683,1602,2024-01-20 03:00:00,1963.5,1,Home,34.5,COD,Karnataka,Urban,5,0,1,4,0.0,39.0,717,120,0.1674,1,11,1,0,4,40.3,1,1,0,4.13,87,1963.5,0,0,1,0
ORD000461,14642,1717,2024-01-20 04:00:00,1153.39,1,Home,24.4,COD,Bihar,Urban,6,0,0,6,0.0,9.6,768,40,0.0521,1,6,4,0,2,485.3,3,1,0,4.28,277,1153.39,1,0,1,0
ORD000462,15311,1016,2024-01-20 05:00:00,896.84,2,Fashion,1.4,COD,Karnataka,Urban,8,2,0,6,0.25,29.0,736,68,0.0924,2,12,4,0,3,119.7,5,1,0,4.55,386,896.84,0,1,1,1
ORD000463,13120,1273,2024-01-20 06:00:00,6693.06,3,Electronics,23.8,Debit Card,Delhi,Urban,7,0,0,7,0.0,48.5,778,64,0.0823,2,7,3,0,5,24.2,1,1,0,4.71,875,0.0,0,0,0,0
ORD000464,17679,1684,2024-01-20 07:00:00,1597.12,2,Footwear,26.7,Wallet,West Bengal,Urban,15,1,1,13,0.0667,27.7,761,120,0.1577,0,5,4,0,3,134.2,6,1,1,4.79,1400,0.0,0,0,0,0
ORD000465,10016,1115,2024-01-20 08:00:00,734.18,2,Footwear,9.2,UPI,Karnataka,Urban,8,0,0,8,0.0,47.1,773,281,0.3635,1,5,4,0,3,11.9,2,1,0,3.95,1729,0.0,0,0,0,0
ORD000466,17339,1692,2024-01-20 09:00:00,958.36,1,Footwear,19.0,UPI,Delhi,Urban,5,3,0,2,0.6,35.1,750,188,0.2507,1,7,4,1,2,274.6,3,1,0,3.6,726,0.0,0,0,0,0
ORD000467,11243,1090,2024-01-20 10:00:00,647.76,1,Home,31.1,COD,Karnataka,Semi-Urban,8,1,0,7,0.125,11.1,784,4,0.0051,0,5,1,0,3,186.0,4,1,0,4.68,1516,647.76,1,0,0,0
ORD000468,12205,1081,2024-01-20 11:00:00,259.11,1,Footwear,12.9,Credit Card,Maharashtra,Urban,11,2,0,9,0.1818,28.3,794,215,0.2708,2,14,4,0,6,270.2,1,1,0,4.51,233,0.0,0,1,0,1
ORD000469,12524,1323,2024-01-20 12:00:00,1322.91,2,Electronics,32.7,Debit Card,Bihar,Urban,14,0,2,12,0.0,16.8,757,74,0.0978,2,7,3,0,3,53.6,2,1,0,3.55,96,0.0,0,0,0,0
ORD000470,11069,1113,2024-01-20 13:00:00,3195.42,3,Electronics,8.0,COD,West Bengal,Rural,9,1,1,7,0.1111,57.4,749,81,0.1081,1,10,3,0,2,31.8,2,1,0,4.28,1459,3195.42,0,0,0,0
ORD000471,13444,1768,2024-01-20 14:00:00,412.26,2,Footwear,6.7,COD,Karnataka,Urban,9,1,1,7,0.1111,4.1,748,194,0.2594,1,6,3,0,2,38.1,4,1,0,4.54,875,412.26,0,0,0,0
ORD000472,12565,1057,2024-01-20 15:00:00,1133.6,3,Beauty,13.3,COD,Delhi,Semi-Urban,7,1,1,5,0.1429,68.8,756,75,0.0992,1,4,2,0,2,141.7,5,1,0,3.99,234,1133.6,0,0,0,0
ORD000473,16242,1153,2024-01-20 16:00:00,717.56,2,Footwear,13.5,UPI,West Bengal,Semi-Urban,10,0,2,8,0.0,14.3,725,66,0.091,2,7,3,0,3,156.1,4,1,0,4.01,36,0.0,0,0,0,0
ORD000474,15864,1403,2024-01-20 17:00:00,1499.52,1,Beauty,3.6,COD,Karnataka,Urban,6,0,0,6,0.0,15.2,707,74,0.1047,2,8,3,0,5,148.2,4,1,0,4.16,1447,1499.52,0,0,0,0
ORD000475,11060,1627,2024-01-20 18:00:00,988.91,1,Fashion,25.1,COD,Maharashtra,Semi-Urban,13,0,0,13,0.0,39.8,745,43,0.0577,2,6,3,0,5,125.3,5,1,0,4.26,133,988.91,0,0,0,0
ORD000476,12327,1265,2024-01-20 19:00:00,484.91,1,Fashion,27.6,COD,Delhi,Semi-Urban,10,0,0,10,0.0,10.1,756,103,0.1362,3,7,2,0,4,24.5,6,1,0,4.07,1523,484.91,1,1,0,1
ORD000477,13420,1314,2024-01-20 20:00:00,608.71,1,Electronics,19.5,UPI,Bihar,Urban,9,0,0,9,0.0,3.6,803,21,0.0262,0,4,2,0,1,68.1,5,1,0,4.23,1412,0.0,0,0,0,0
ORD000478,16640,1714,2024-01-20 21:00:00,666.35,2,Home,7.2,Wallet,Karnataka,Semi-Urban,7,2,2,3,0.2857,45.5,762,61,0.0801,2,4,1,0,6,74.0,5,1,0,4.87,630,0.0,1,0,0,1
ORD000479,10301,1040,2024-01-20 22:00:00,2456.74,1,Electronics,32.1,Credit Card,Delhi,Semi-Urban,9,2,3,4,0.2222,24.0,734,145,0.1975,4,9,3,0,3,212.8,4,1,0,5.0,1355,0.0,0,0,1,0
ORD000480,14276,1104,2024-01-20 23:00:00,2382.62,1,Electronics,10.4,UPI,Karnataka,Urban,5,0,1,4,0.0,71.4,701,169,0.2411,1,9,3,0,5,213.8,1,1,0,3.23,1078,0.0,0,0,1,0
ORD000481,10606,1192,2024-01-21 00:00:00,909.77,1,Home,14.0,COD,Bihar,Urban,9,1,0,8,0.1111,51.3,748,67,0.0896,4,9,4,0,3,67.6,3,1,0,4.29,1117,909.77,0,0,1,0
ORD000482,13170,1400,2024-01-21 01:00:00,2290.86,1,Electronics,37.7,COD,Maharashtra,Urban,6,1,0,5,0.1667,2.3,788,162,0.2056,3,6,3,0,2,61.0,7,1,0,3.85,690,2290.86,1,0,1,1
ORD000483,10699,1277,2024-01-21 02:00:00,988.4,1,Home,10.9,COD,Bihar,Urban,7,0,1,6,0.0,37.3,747,60,0.0803,1,5,5,0,4,181.4,2,1,0,4.22,819,988.4,1,0,1,0
ORD000484,15088,1353,2024-01-21 03:00:00,901.45,1,Electronics,21.0,COD,Bihar,Urban,13,0,0,13,0.0,8.9,736,128,0.1739,3,8,2,0,4,28.5,5,1,0,3.65,1074,901.45,0,0,1,1
ORD000485,11139,1748,2024-01-21 04:00:00,1134.87,1,Fashion,4.8,COD,Bihar,Urban,5,2,0,3,0.4,22.4,711,159,0.2236,0,7,4,0,4,188.0,6,1,0,4.14,1041,1134.87,0,0,1,1
ORD000486,10190,1732,2024-01-21 05:00:00,1301.01,2,Beauty,31.2,COD,West Bengal,Urban,6,0,0,6,0.0,11.9,758,138,0.1821,2,9,2,0,3,135.0,5,1,0,4.11,129,1301.01,0,0,1,1
ORD000487,12300,1579,2024-01-21 06:00:00,785.82,1,Electronics,10.0,COD,Delhi,Rural,17,4,2,11,0.2353,42.6,762,42,0.0551,1,4,4,0,6,108.7,4,1,0,3.94,1869,785.82,0,0,0,1
ORD000488,10980,1708,2024-01-21 07:00:00,1111.12,2,Beauty,30.6,UPI,Karnataka,Semi-Urban,11,1,0,10,0.0909,55.0,771,176,0.2283,4,9,1,0,2,84.4,3,1,0,4.45,1679,0.0,1,0,0,0
ORD000489,12975,1255,2024-01-21 08:00:00,1758.81,3,Footwear,30.2,COD,Maharashtra,Urban,10,3,0,7,0.3,14.8,723,185,0.2559,2,12,6,0,2,170.1,3,1,0,3.9,1317,1758.81,0,1,0,1
ORD000490,16102,1650,2024-01-21 09:00:00,1185.27,3,Electronics,19.0,UPI,Karnataka,Urban,11,1,0,10,0.0909,7.3,738,72,0.0976,2,7,3,0,1,132.7,7,1,0,4.36,962,0.0,0,0,0,0
ORD000491,11184,1660,2024-01-21 10:00:00,1125.15,3,Fashion,14.6,UPI,West Bengal,Urban,8,1,0,7,0.125,11.2,711,104,0.1463,0,4,5,0,5,139.8,4,1,0,5.0,1569,0.0,0,0,0,0
ORD000492,13327,1098,2024-01-21 11:00:00,1475.14,1,Home,7.0,COD,Maharashtra,Semi-Urban,16,0,0,16,0.0,7.1,801,123,0.1536,2,6,4,0,2,56.1,1,1,0,3.7,1476,1475.14,0,0,0,1
ORD000493,13394,1587,2024-01-21 12:00:00,1636.02,1,Fashion,5.3,Credit Card,West Bengal,Urban,10,0,1,9,0.0,30.0,813,107,0.1316,4,7,3,0,3,83.3,4,1,1,4.06,742,0.0,0,0,0,0
ORD000494,10127,1281,2024-01-21 13:00:00,1056.2,1,Beauty,10.4,Wallet,Karnataka,Urban,9,0,1,8,0.0,7.3,741,155,0.2092,4,9,1,0,3,50.5,2,1,0,4.55,816,0.0,0,1,0,0
ORD000495,12065,1402,2024-01-21 14:00:00,825.09,1,Home,23.0,COD,Maharashtra,Semi-Urban,9,1,0,8,0.1111,56.7,747,73,0.0977,1,5,3,0,2,78.0,2,1,0,4.3,925,825.09,0,0,0,0
ORD000496,11816,1108,2024-01-21 15:00:00,1228.47,3,Fashion,2.4,UPI,Karnataka,Urban,11,2,1,8,0.1818,6.1,786,222,0.2824,3,8,2,0,5,214.0,3,1,0,4.25,1052,0.0,0,0,0,0
ORD000497,15854,1699,2024-01-21 16:00:00,421.42,2,Fashion,26.6,COD,Delhi,Urban,6,0,0,6,0.0,1.1,774,97,0.1253,3,6,2,0,1,154.5,2,1,1,3.87,196,421.42,1,0,0,0
ORD000498,16709,1198,2024-01-21 17:00:00,966.62,1,Fashion,12.7,COD,West Bengal,Rural,10,0,0,10,0.0,51.2,720,185,0.2569,1,8,2,0,2,175.9,2,1,0,3.82,1667,966.62,0,0,0,1
ORD000499,10569,1302,2024-01-21 18:00:00,248.9,1,Home,6.3,COD,Delhi,Urban,15,1,1,13,0.0667,11.6,770,28,0.0364,1,4,2,0,1,22.0,4,1,0,4.32,145,248.9,0,0,0,0
ORD000500,15442,1326,2024-01-21 19:00:00,401.23,1,Fashion,10.7,COD,Delhi,Semi-Urban,9,1,0,8,0.1111,6.2,747,198,0.2651,1,7,3,0,2,120.8,6,1,0,3.34,997,401.23,0,0,0,0
ORD000501,11895,1153,2024-01-21 20:00:00,366.61,2,Fashion,7.6,Credit Card,Karnataka,Rural,9,0,2,7,0.0,24.6,790,37,0.0468,3,5,1,0,1,177.7,3,1,0,3.83,838,0.0,2,0,0,0
ORD000502,12733,1551,2024-01-21 21:00:00,2055.78,2,Beauty,12.2,COD,Karnataka,Urban,9,1,0,8,0.1111,51.2,731,209,0.2859,1,6,1,0,3,177.4,4,1,0,4.0,916,2055.78,1,0,0,1
ORD000503,13863,1644,2024-01-21 22:00:00,1105.87,3,Fashion,4.3,UPI,Bihar,Rural,11,4,1,6,0.3636,12.2,720,18,0.025,3,8,4,0,5,109.7,7,1,0,4.09,1651,0.0,1,0,1,0
ORD000504,14721,1404,2024-01-21 23:00:00,514.28,3,Fashion,14.8,UPI,Bihar,Urban,10,1,0,9,0.1,4.5,775,149,0.1923,6,9,3,0,5,74.1,3,1,0,4.29,1164,0.0,1,0,1,0
ORD000505,17455,1461,2024-01-22 00:00:00,1472.39,1,Footwear,23.4,Wallet,Maharashtra,Rural,7,2,0,5,0.2857,29.9,737,30,0.0407,4,7,4,0,2,300.8,3,0,0,4.27,36,0.0,1,0,1,0
ORD000506,14014,1131,2024-01-22 01:00:00,1984.64,1,Home,21.7,UPI,Karnataka,Urban,9,1,1,7,0.1111,18.4,745,140,0.1879,1,4,8,0,2,97.7,5,0,0,4.76,1383,0.0,1,0,1,0
ORD000507,12901,1790,2024-01-22 02:00:00,1487.86,1,Footwear,3.9,COD,West Bengal,Rural,5,0,0,5,0.0,22.8,768,52,0.0677,0,4,3,0,2,303.5,3,0,0,4.62,598,1487.86,0,1,1,0
ORD000508,11686,1083,2024-01-22 03:00:00,979.24,1,Beauty,3.2,UPI,Karnataka,Semi-Urban,11,0,0,11,0.0,20.1,733,18,0.0246,4,9,4,0,4,96.3,1,0,0,4.26,459,0.0,0,0,1,0
ORD000509,13009,1398,2024-01-22 04:00:00,1260.79,3,Footwear,8.7,UPI,Karnataka,Semi-Urban,9,1,0,8,0.1111,7.8,784,206,0.2628,2,4,1,0,2,57.1,3,0,0,4.05,441,0.0,1,0,1,0
ORD000510,17806,1753,2024-01-22 05:00:00,1883.52,1,Electronics,11.2,Debit Card,Delhi,Semi-Urban,7,0,2,5,0.0,56.1,742,46,0.062,2,8,2,1,2,108.2,5,0,0,3.56,1960,0.0,0,0,1,0
ORD000511,10154,1627,2024-01-22 06:00:00,827.54,2,Home,20.2,UPI,Delhi,Urban,16,2,1,13,0.125,26.6,749,67,0.0895,1,4,2,0,2,66.6,3,0,0,3.73,27,0.0,1,0,0,0
ORD000512,12537,1108,2024-01-22 07:00:00,1116.46,1,Fashion,4.8,COD,Bihar,Urban,7,0,1,6,0.0,20.6,723,105,0.1452,0,6,6,0,2,77.1,1,0,0,4.3,1524,1116.46,0,1,0,1
ORD000513,11409,1220,2024-01-22 08:00:00,939.82,1,Footwear,22.2,UPI,Maharashtra,Urban,9,0,1,8,0.0,10.3,743,11,0.0148,2,5,1,0,2,181.9,3,0,0,4.21,79,0.0,1,0,0,0
ORD000514,14057,1552,2024-01-22 09:00:00,416.53,1,Footwear,18.8,COD,Maharashtra,Urban,4,0,2,2,0.0,13.2,754,76,0.1008,2,9,2,0,3,313.6,4,0,0,4.16,1221,416.53,1,0,0,0
ORD000515,10784,1367,2024-01-22 10:00:00,1900.63,1,Fashion,30.4,COD,Karnataka,Semi-Urban,5,0,1,4,0.0,20.1,711,129,0.1814,0,4,3,0,2,113.4,4,0,0,4.38,1581,1900.63,0,0,0,0
ORD000516,13175,1146,2024-01-22 11:00:00,3768.24,2,Fashion,7.2,UPI,West Bengal,Semi-Urban,13,0,0,13,0.0,14.3,768,78,0.1016,3,6,6,0,6,94.4,2,0,0,4.17,1572,0.0,0,0,0,0
ORD000517,17560,1111,2024-01-22 12:00:00,649.19,1,Beauty,4.8,COD,Delhi,Urban,12,1,1,10,0.0833,24.6,741,198,0.2672,0,1,3,0,3,65.1,6,0,0,4.16,816,649.19,2,1,0,1
ORD000518,17978,1614,2024-01-22 13:00:00,1953.95,2,Footwear,22.0,UPI,West Bengal,Urban,11,0,0,11,0.0,52.9,750,27,0.036,1,11,4,0,2,135.2,6,0,0,5.0,721,0.0,0,0,0,1
ORD000519,14341,1557,2024-01-22 14:00:00,661.69,2,Footwear,30.4,COD,Delhi,Semi-Urban,15,0,1,14,0.0,42.1,728,82,0.1126,4,7,5,0,3,33.4,2,0,0,3.62,480,661.69,1,0,0,0
ORD000520,17343,1493,2024-01-22 15:00:00,1187.58,1,Electronics,32.4,Credit Card,Karnataka,Urban,7,1,1,5,0.1429,6.8,740,60,0.0811,0,6,3,0,2,261.4,2,0,0,4.56,1473,0.0,1,0,0,1
ORD000521,17206,1504,2024-01-22 16:00:00,2710.28,2,Electronics,4.0,Debit Card,Maharashtra,Semi-Urban,6,0,0,6,0.0,11.9,738,274,0.3713,2,10,2,0,2,260.6,4,0,0,4.39,244,0.0,1,0,0,0
ORD000522,15596,1474,2024-01-22 17:00:00,802.5,1,Footwear,4.0,Credit Card,Karnataka,Urban,10,1,0,9,0.1,84.2,758,66,0.0871,3,5,4,0,5,137.9,3,0,0,4.86,697,0.0,1,0,0,0
ORD000523,15801,1270,2024-01-22 18:00:00,1087.01,2,Electronics,31.3,UPI,Delhi,Urban,9,0,1,8,0.0,8.7,734,60,0.0817,2,5,3,0,3,118.5,6,0,0,3.96,1553,0.0,0,0,0,0
ORD000524,12806,1420,2024-01-22 19:00:00,372.08,2,Footwear,10.9,Debit Card,Maharashtra,Semi-Urban,9,0,0,9,0.0,5.0,768,94,0.1224,1,7,4,0,3,156.0,2,0,0,3.83,1039,0.0,0,2,0,0
ORD000525,10537,1706,2024-01-22 20:00:00,736.18,4,Home,30.4,COD,West Bengal,Urban,11,1,2,8,0.0909,14.3,752,47,0.0625,1,9,2,0,2,186.8,3,0,0,3.96,556,736.18,0,0,0,0
ORD000526,15986,1366,2024-01-22 21:00:00,349.41,1,Beauty,7.5,COD,West Bengal,Urban,7,3,2,2,0.4286,59.4,709,60,0.0846,0,6,2,0,5,120.9,2,0,0,4.14,943,349.41,0,0,0,1
ORD000527,11841,1279,2024-01-22 22:00:00,1418.72,1,Electronics,9.1,COD,Bihar,Semi-Urban,6,1,3,2,0.1667,24.8,755,150,0.1987,2,5,5,0,1,83.9,2,0,0,4.38,1658,1418.72,1,2,1,1
ORD000528,15016,1282,2024-01-22 23:00:00,1806.2,1,Footwear,5.9,COD,West Bengal,Urban,5,0,1,4,0.0,29.4,775,108,0.1394,0,5,2,0,2,91.8,3,0,0,4.5,174,1806.2,0,0,1,1
ORD000529,12455,1039,2024-01-23 00:00:00,960.08,1,Electronics,24.1,Wallet,Bihar,Semi-Urban,13,0,0,13,0.0,7.3,704,7,0.0099,2,7,1,0,4,139.3,4,0,0,4.41,1457,0.0,0,1,1,0
ORD000530,10524,1188,2024-01-23 01:00:00,1301.84,2,Beauty,4.6,COD,Maharashtra,Rural,8,0,2,6,0.0,4.0,717,42,0.0586,1,7,4,0,3,100.1,1,0,0,4.18,1083,1301.84,0,0,1,0
ORD000531,16971,1163,2024-01-23 02:00:00,901.95,3,Home,19.1,UPI,Karnataka,Semi-Urban,13,0,3,10,0.0,118.8,794,79,0.0995,3,15,6,0,1,129.1,3,0,0,3.92,1590,0.0,0,0,1,0
ORD000532,15625,1535,2024-01-23 03:00:00,1710.13,1,Fashion,17.1,COD,Karnataka,Semi-Urban,6,0,0,6,0.0,8.5,741,19,0.0256,1,8,3,0,3,111.8,3,0,0,3.28,1521,1710.13,3,0,1,0
ORD000533,12950,1535,2024-01-23 04:00:00,1185.21,1,Fashion,11.3,COD,Maharashtra,Urban,8,2,1,5,0.25,31.1,792,109,0.1376,2,5,3,0,3,217.7,7,0,0,4.06,724,1185.21,2,0,1,1
ORD000534,17992,1003,2024-01-23 05:00:00,333.15,1,Electronics,13.4,COD,Maharashtra,Semi-Urban,11,0,0,11,0.0,28.5,770,59,0.0766,2,6,1,0,4,80.6,3,0,0,3.28,1229,333.15,0,0,1,0
ORD000535,14131,1289,2024-01-23 06:00:00,1927.52,1,Footwear,25.1,COD,Delhi,Urban,12,2,0,10,0.1667,3.3,749,128,0.1709,0,7,2,0,3,31.5,3,0,0,4.4,927,1927.52,0,0,0,0
ORD000536,14780,1432,2024-01-23 07:00:00,868.07,1,Beauty,8.2,COD,West Bengal,Semi-Urban,8,2,1,5,0.25,22.1,791,64,0.0809,1,7,3,1,3,50.5,3,0,0,4.08,656,868.07,0,0,0,0
ORD000537,14115,1470,2024-01-23 08:00:00,511.72,1,Home,16.3,Debit Card,West Bengal,Urban,7,0,1,6,0.0,2.9,755,94,0.1245,3,5,2,0,1,76.1,2,0,0,3.73,1373,0.0,0,0,0,0
ORD000538,12368,1180,2024-01-23 09:00:00,842.72,2,Home,15.2,COD,West Bengal,Urban,11,0,1,10,0.0,12.6,800,108,0.135,2,7,5,0,4,128.3,3,0,0,3.69,83,842.72,1,0,0,1
ORD000539,13847,1247,2024-01-23 10:00:00,350.29,1,Home,16.1,COD,Bihar,Semi-Urban,3,0,1,2,0.0,18.7,786,35,0.0445,1,2,4,0,4,152.4,3,0,0,4.5,129,350.29,1,0,0,0
ORD000540,16655,1627,2024-01-23 11:00:00,518.05,1,Fashion,12.8,Credit Card,West Bengal,Semi-Urban,8,3,0,5,0.375,38.0,790,11,0.0139,2,5,5,1,2,115.7,5,0,0,4.14,1191,0.0,2,1,0,0
ORD000541,14495,1278,2024-01-23 12:00:00,1194.84,2,Beauty,32.6,COD,Delhi,Urban,9,0,0,9,0.0,2.7,712,176,0.2472,0,8,1,0,2,237.2,4,0,0,4.38,1412,1194.84,2,0,0,0
ORD000542,12701,1580,2024-01-23 13:00:00,1256.43,1,Fashion,5.6,Credit Card,Karnataka,Urban,7,2,0,5,0.2857,67.8,730,129,0.1767,3,8,4,0,4,52.3,2,0,0,3.9,1835,0.0,0,0,0,0
ORD000543,10971,1253,2024-01-23 14:00:00,1317.99,2,Electronics,11.0,Credit Card,Karnataka,Urban,12,0,3,9,0.0,2.1,761,82,0.1078,5,8,3,1,3,221.9,7,0,0,3.96,1009,0.0,0,0,0,0
ORD000544,16002,1180,2024-01-23 15:00:00,1098.75,2,Home,9.4,Wallet,Bihar,Semi-Urban,7,0,0,7,0.0,10.6,723,80,0.1107,3,7,2,0,3,58.1,3,0,0,3.89,1048,0.0,0,0,0,0
ORD000545,16614,1680,2024-01-23 16:00:00,723.63,2,Beauty,6.9,Credit Card,Delhi,Urban,7,1,0,6,0.1429,15.9,729,90,0.1235,3,9,2,0,4,95.7,3,0,0,3.88,1077,0.0,0,0,0,0
ORD000546,11166,1508,2024-01-23 17:00:00,1061.38,1,Home,24.7,COD,Maharashtra,Urban,6,2,0,4,0.3333,10.7,762,212,0.2782,1,11,2,0,3,106.7,2,0,0,4.55,377,1061.38,0,0,0,1
ORD000547,15211,1760,2024-01-23 18:00:00,843.6,1,Fashion,11.0,UPI,Karnataka,Urban,11,2,0,9,0.1818,2.4,719,150,0.2086,1,6,5,0,3,262.4,3,0,0,4.38,1063,0.0,0,2,0,0
ORD000548,17521,1699,2024-01-23 19:00:00,413.45,2,Fashion,10.5,UPI,Delhi,Urban,16,4,2,10,0.25,17.6,777,92,0.1184,0,4,2,0,2,140.3,7,0,0,4.23,821,0.0,1,0,0,1
ORD000549,14929,1565,2024-01-23 20:00:00,689.9,2,Fashion,17.7,COD,Maharashtra,Urban,10,2,0,8,0.2,7.2,779,36,0.0462,3,10,5,0,1,173.4,2,0,0,4.1,1850,689.9,0,0,0,1
ORD000550,15919,1325,2024-01-23 21:00:00,1870.06,1,Home,14.4,COD,Bihar,Urban,7,0,1,6,0.0,27.6,713,25,0.0351,2,6,4,0,2,149.7,5,0,0,4.01,1098,1870.06,0,0,0,0
ORD000551,12774,1356,2024-01-23 22:00:00,2844.03,1,Beauty,7.3,COD,West Bengal,Urban,11,1,4,6,0.0909,69.6,752,194,0.258,5,10,2,0,2,54.2,7,0,0,4.15,1240,2844.03,0,0,1,1
ORD000552,11982,1649,2024-01-23 23:00:00,1620.95,1,Beauty,9.7,UPI,Delhi,Rural,14,2,0,12,0.1429,25.3,767,3,0.0039,3,8,2,0,3,117.2,4,0,0,3.85,253,0.0,0,0,1,1
ORD000553,10853,1679,2024-01-24 00:00:00,2768.94,1,Electronics,5.3,COD,Karnataka,Semi-Urban,9,0,3,6,0.0,3.6,757,46,0.0608,1,8,1,0,2,35.7,4,0,0,3.3,998,2768.94,1,0,1,1
ORD000554,14146,1390,2024-01-24 01:00:00,1154.28,1,Home,10.0,COD,Bihar,Semi-Urban,7,1,2,4,0.1429,13.6,765,161,0.2105,0,6,3,0,3,66.8,6,0,0,3.75,1917,1154.28,0,0,1,1
ORD000555,13736,1614,2024-01-24 02:00:00,3119.49,1,Electronics,10.4,COD,Delhi,Semi-Urban,13,0,0,13,0.0,3.4,738,49,0.0664,1,6,1,0,3,31.7,1,0,0,4.5,1224,3119.49,1,0,1,0
ORD000556,13769,1084,2024-01-24 03:00:00,3761.95,1,Electronics,6.5,UPI,Bihar,Rural,7,0,0,7,0.0,15.1,769,105,0.1365,1,6,4,0,4,99.7,6,0,0,4.07,1727,0.0,1,0,1,0
ORD000557,10574,1316,2024-01-24 04:00:00,387.58,2,Electronics,17.9,Credit Card,Maharashtra,Urban,7,2,0,5,0.2857,73.5,751,4,0.0053,2,6,2,0,2,86.1,3,0,0,4.34,593,0.0,0,0,1,0
ORD000558,13261,1211,2024-01-24 05:00:00,1252.5,1,Electronics,27.7,UPI,Delhi,Urban,11,0,0,11,0.0,9.0,758,80,0.1055,1,5,4,0,3,175.4,4,0,1,3.97,98,0.0,0,0,1,0
ORD000559,11148,1514,2024-01-24 06:00:00,1155.0,2,Fashion,32.3,Credit Card,West Bengal,Semi-Urban,4,1,2,1,0.25,1.9,720,130,0.1806,3,10,2,0,2,255.0,6,0,0,4.12,1134,0.0,0,1,0,0
ORD000560,16293,1383,2024-01-24 07:00:00,850.26,2,Electronics,2.4,COD,Maharashtra,Rural,6,3,0,3,0.5,15.4,739,41,0.0555,4,6,3,0,1,84.3,3,0,0,3.92,963,850.26,0,0,0,1
ORD000561,16457,1690,2024-01-24 08:00:00,1473.14,1,Beauty,1.6,COD,West Bengal,Urban,10,1,1,8,0.1,52.1,712,136,0.191,2,5,2,0,1,377.4,4,0,0,4.24,806,1473.14,0,0,0,0
ORD000562,16713,1341,2024-01-24 09:00:00,1124.03,2,Electronics,26.4,COD,Bihar,Urban,11,5,0,6,0.4545,3.7,713,34,0.0477,5,10,3,0,5,95.8,7,0,0,4.55,56,1124.03,0,0,0,1
ORD000563,17509,1037,2024-01-24 10:00:00,705.38,2,Fashion,13.5,UPI,West Bengal,Rural,9,2,1,6,0.2222,33.5,742,155,0.2089,2,3,4,0,4,53.9,3,0,0,4.62,827,0.0,0,0,0,0
ORD000564,16448,1510,2024-01-24 11:00:00,1079.27,1,Footwear,15.3,Debit Card,Maharashtra,Urban,7,0,3,4,0.0,13.3,788,197,0.25,3,12,4,0,3,704.6,3,0,0,3.57,1750,0.0,0,0,0,1
ORD000565,11715,1419,2024-01-24 12:00:00,2259.18,1,Footwear,35.7,COD,Maharashtra,Urban,7,1,1,5,0.1429,15.0,791,48,0.0607,3,7,2,0,3,90.9,1,0,0,4.27,565,2259.18,1,0,0,0
ORD000566,14777,1750,2024-01-24 13:00:00,1223.56,1,Footwear,17.1,UPI,Maharashtra,Urban,8,0,0,8,0.0,36.2,771,71,0.0921,2,8,3,0,2,31.7,3,0,0,3.02,1389,0.0,0,0,0,0
ORD000567,14933,1168,2024-01-24 14:00:00,1597.46,3,Home,15.0,Credit Card,Bihar,Urban,10,0,0,10,0.0,90.7,771,14,0.0182,2,4,3,0,1,308.9,6,0,0,4.13,1905,0.0,0,0,0,0
ORD000568,13854,1342,2024-01-24 15:00:00,928.68,2,Beauty,10.3,UPI,Karnataka,Semi-Urban,8,0,0,8,0.0,8.5,738,23,0.0312,1,8,3,0,2,306.7,3,0,0,3.92,1597,0.0,0,0,0,0
ORD000569,15173,1305,2024-01-24 16:00:00,1438.33,1,Fashion,33.1,COD,Bihar,Urban,8,2,0,6,0.25,12.9,765,29,0.0379,2,7,1,0,5,273.6,2,0,0,4.3,750,1438.33,0,0,0,0
ORD000570,17146,1541,2024-01-24 17:00:00,530.85,2,Footwear,13.7,COD,Maharashtra,Urban,13,0,1,12,0.0,1.5,754,208,0.2759,1,9,2,1,4,106.7,5,0,0,4.01,1090,530.85,0,0,0,0
ORD000571,12491,1701,2024-01-24 18:00:00,812.54,1,Fashion,33.2,COD,Bihar,Urban,7,0,0,7,0.0,10.8,771,61,0.0791,1,5,3,0,3,66.2,1,0,0,4.15,245,812.54,0,0,0,0
ORD000572,12660,1536,2024-01-24 19:00:00,1031.12,1,Fashion,21.3,COD,Delhi,Semi-Urban,10,1,2,7,0.1,6.8,774,70,0.0904,2,12,5,0,4,252.3,4,0,0,4.52,950,1031.12,0,0,0,0
ORD000573,17136,1111,2024-01-24 20:00:00,509.89,2,Home,20.2,UPI,Delhi,Urban,4,0,0,4,0.0,34.5,764,57,0.0746,4,13,2,0,2,122.9,4,0,0,4.49,1579,0.0,0,0,0,0
ORD000574,16407,1410,2024-01-24 21:00:00,666.39,1,Footwear,3.7,COD,Karnataka,Urban,9,1,0,8,0.1111,29.4,785,75,0.0955,6,12,2,0,3,180.8,3,0,0,3.67,1287,666.39,0,0,0,0
ORD000575,13124,1205,2024-01-24 22:00:00,1323.28,2,Electronics,11.9,UPI,Bihar,Rural,8,0,0,8,0.0,10.0,770,73,0.0948,0,1,6,0,4,60.8,2,0,0,3.72,649,0.0,0,0,1,0
ORD000576,15691,1184,2024-01-24 23:00:00,1185.48,2,Fashion,10.0,COD,Bihar,Urban,9,0,0,9,0.0,25.1,699,37,0.0529,3,11,3,0,3,195.0,5,0,0,4.01,424,1185.48,0,0,1,0
ORD000577,13051,1381,2024-01-25 00:00:00,1779.02,2,Footwear,9.3,COD,Delhi,Semi-Urban,10,2,2,6,0.2,43.9,756,112,0.1481,0,5,4,0,2,328.1,2,0,0,3.9,1955,1779.02,0,1,1,1
ORD000578,17787,1495,2024-01-25 01:00:00,764.86,1,Fashion,10.1,UPI,Maharashtra,Rural,7,0,0,7,0.0,46.5,768,115,0.1497,5,5,1,0,1,205.1,3,0,0,4.48,111,0.0,0,0,1,0
ORD000579,10004,1378,2024-01-25 02:00:00,1135.2,2,Home,34.5,UPI,West Bengal,Urban,9,1,1,7,0.1111,39.2,772,176,0.228,1,6,4,0,2,51.5,1,0,0,3.69,1958,0.0,2,1,1,0
ORD000580,15222,1046,2024-01-25 03:00:00,732.8,3,Home,11.5,COD,Maharashtra,Urban,6,0,0,6,0.0,10.9,720,35,0.0486,2,5,2,0,3,284.6,4,0,0,3.86,63,732.8,1,0,1,0
ORD000581,15315,1739,2024-01-25 04:00:00,1675.18,1,Electronics,5.7,Debit Card,Karnataka,Urban,9,0,1,8,0.0,16.4,737,52,0.0706,1,5,3,0,4,165.5,6,0,0,3.42,949,0.0,0,0,1,0
ORD000582,14869,1550,2024-01-25 05:00:00,2240.49,1,Home,30.7,COD,West Bengal,Urban,4,0,0,4,0.0,26.1,747,177,0.2369,5,10,3,0,6,120.6,3,0,0,4.51,870,2240.49,1,1,1,0
ORD000583,10876,1527,2024-01-25 06:00:00,1465.56,1,Footwear,13.3,UPI,Maharashtra,Semi-Urban,9,2,1,6,0.2222,11.8,742,232,0.3127,1,6,1,1,2,40.8,3,0,0,4.18,815,0.0,0,1,0,0
ORD000584,10991,1503,2024-01-25 07:00:00,2072.93,2,Home,16.5,COD,Bihar,Urban,11,1,0,10,0.0909,27.3,748,88,0.1176,3,10,4,0,2,56.6,5,0,0,4.09,46,2072.93,0,0,0,0
ORD000585,17027,1021,2024-01-25 08:00:00,1118.23,2,Electronics,9.7,COD,Bihar,Rural,13,1,2,10,0.0769,37.8,784,16,0.0204,4,7,3,0,2,219.3,5,0,0,4.19,644,1118.23,0,0,0,0
ORD000586,17517,1212,2024-01-25 09:00:00,1778.2,1,Beauty,32.5,Wallet,Delhi,Rural,7,0,2,5,0.0,2.5,771,227,0.2944,3,5,4,0,5,127.3,3,0,0,4.32,1854,0.0,1,0,0,0
ORD000587,14142,1309,2024-01-25 10:00:00,1147.4,3,Fashion,24.8,Debit Card,Bihar,Rural,9,0,0,9,0.0,12.8,757,36,0.0476,2,5,3,0,5,215.1,2,0,0,3.88,91,0.0,0,0,0,0
ORD000588,17010,1660,2024-01-25 11:00:00,592.91,1,Fashion,6.1,COD,Bihar,Urban,6,0,1,5,0.0,24.2,723,110,0.1521,1,7,3,0,3,11.1,3,0,0,3.84,148,592.91,1,0,0,0
ORD000589,16966,1752,2024-01-25 12:00:00,1271.6,2,Footwear,12.7,Credit Card,Karnataka,Urban,6,0,0,6,0.0,13.2,820,116,0.1415,4,13,3,0,3,165.4,5,0,0,4.53,1031,0.0,2,0,0,0
ORD000590,17079,1271,2024-01-25 13:00:00,603.55,1,Electronics,14.0,COD,West Bengal,Urban,8,0,0,8,0.0,22.8,784,129,0.1645,2,6,5,0,2,109.9,2,0,0,4.76,516,603.55,0,0,0,0
ORD000591,17987,1570,2024-01-25 14:00:00,4462.56,1,Electronics,11.8,Credit Card,Maharashtra,Semi-Urban,7,0,1,6,0.0,20.4,736,0,0.0,2,10,5,0,2,117.4,5,0,0,4.1,512,0.0,1,1,0,0
ORD000592,16799,1798,2024-01-25 15:00:00,897.44,1,Electronics,9.6,UPI,Maharashtra,Urban,11,1,3,7,0.0909,55.5,766,57,0.0744,3,10,2,0,4,258.8,3,0,0,4.25,1375,0.0,1,0,0,0
ORD000593,14364,1201,2024-01-25 16:00:00,1614.89,1,Fashion,34.1,COD,Karnataka,Semi-Urban,11,1,0,10,0.0909,19.0,782,145,0.1854,2,5,3,0,4,125.2,2,0,0,4.3,611,1614.89,1,0,0,0
ORD000594,14465,1031,2024-01-25 17:00:00,1088.5,2,Home,6.3,Debit Card,West Bengal,Urban,11,3,2,6,0.2727,48.2,792,105,0.1326,1,4,4,0,1,45.9,3,0,0,4.51,1562,0.0,0,1,0,0
ORD000595,10635,1442,2024-01-25 18:00:00,523.13,1,Fashion,11.5,COD,Bihar,Semi-Urban,11,0,4,7,0.0,2.9,733,133,0.1814,2,5,2,0,5,299.3,2,0,0,3.83,1183,523.13,2,0,0,0
ORD000596,15225,1161,2024-01-25 19:00:00,351.04,1,Fashion,22.6,COD,Karnataka,Urban,14,0,1,13,0.0,23.1,765,88,0.115,0,5,2,0,1,129.4,1,0,0,4.95,899,351.04,0,1,0,0
ORD000597,11693,1766,2024-01-25 20:00:00,1718.85,1,Fashion,3.1,COD,Bihar,Urban,8,2,0,6,0.25,14.6,730,54,0.074,3,15,2,0,3,125.0,4,0,0,4.32,949,1718.85,0,0,0,1
ORD000598,11682,1253,2024-01-25 21:00:00,2778.33,1,Home,6.9,Debit Card,Maharashtra,Urban,8,0,1,7,0.0,39.5,739,48,0.065,0,5,4,0,1,102.6,6,0,0,4.76,1537,0.0,1,0,0,0
ORD000599,14752,1520,2024-01-25 22:00:00,705.65,2,Beauty,18.5,UPI,Karnataka,Urban,8,2,0,6,0.25,16.9,720,130,0.1806,2,6,5,0,5,339.4,3,0,0,3.89,722,0.0,0,2,1,0
ORD000600,10119,1650,2024-01-25 23:00:00,405.85,2,Footwear,34.1,COD,Karnataka,Urban,12,0,4,8,0.0,36.1,745,89,0.1195,0,4,5,0,3,88.6,2,0,0,4.6,1727,405.85,1,0,1,0
ORD000601,10830,1479,2024-01-26 00:00:00,902.26,1,Beauty,16.1,COD,Karnataka,Semi-Urban,11,4,1,6,0.3636,8.2,751,89,0.1185,2,7,1,0,1,183.1,5,0,0,3.87,1058,902.26,0,0,1,0
ORD000602,15906,1009,2024-01-26 01:00:00,624.99,1,Beauty,9.8,COD,Maharashtra,Urban,11,2,1,8,0.1818,24.7,796,74,0.093,1,3,2,0,4,128.1,4,0,0,3.75,1091,624.99,0,1,1,0
ORD000603,13675,1725,2024-01-26 02:00:00,742.34,1,Fashion,6.3,COD,Maharashtra,Semi-Urban,15,2,1,12,0.1333,0.9,736,68,0.0924,0,5,1,0,1,122.5,3,0,0,4.68,926,742.34,0,0,1,0
ORD000604,15177,1504,2024-01-26 03:00:00,1581.65,3,Beauty,32.8,COD,Delhi,Semi-Urban,7,0,0,7,0.0,4.0,730,33,0.0452,1,4,3,0,3,119.7,4,0,0,4.25,1404,1581.65,1,0,1,0
ORD000605,16070,1784,2024-01-26 04:00:00,1063.93,3,Fashion,9.0,COD,Maharashtra,Urban,7,0,1,6,0.0,35.0,783,202,0.258,1,2,2,0,1,48.8,1,0,0,3.65,804,1063.93,0,0,1,1
ORD000606,11369,1559,2024-01-26 05:00:00,666.67,2,Fashion,21.2,COD,Maharashtra,Semi-Urban,4,1,1,2,0.25,0.4,694,23,0.0331,0,3,2,0,5,97.9,4,0,0,4.56,496,666.67,0,1,1,0
ORD000607,10740,1435,2024-01-26 06:00:00,1561.03,3,Footwear,17.9,COD,Bihar,Urban,9,0,1,8,0.0,0.1,810,165,0.2037,3,9,7,0,1,181.2,4,0,0,4.71,1951,1561.03,0,0,0,0
ORD000608,17641,1110,2024-01-26 07:00:00,1636.19,2,Electronics,13.1,UPI,Maharashtra,Urban,8,2,0,6,0.25,71.3,746,17,0.0228,1,4,3,0,3,168.8,2,0,0,4.42,1380,0.0,0,0,0,0
ORD000609,10116,1152,2024-01-26 08:00:00,895.84,2,Fashion,6.5,COD,West Bengal,Semi-Urban,4,0,0,4,0.0,3.3,755,111,0.147,2,3,2,0,5,214.2,6,0,0,3.33,1571,895.84,0,0,0,0
ORD000610,15949,1634,2024-01-26 09:00:00,1191.24,1,Beauty,11.3,Credit Card,Bihar,Rural,7,1,0,6,0.1429,6.9,736,77,0.1046,3,10,2,0,1,312.6,4,0,0,4.09,1789,0.0,0,0,0,0
ORD000611,12838,1101,2024-01-26 10:00:00,1498.62,1,Footwear,16.1,COD,Delhi,Semi-Urban,7,0,0,7,0.0,6.2,735,132,0.1796,2,6,5,0,6,533.0,2,0,0,4.95,715,1498.62,0,0,0,1
ORD000612,11150,1752,2024-01-26 11:00:00,1416.1,1,Beauty,23.0,UPI,West Bengal,Rural,6,0,1,5,0.0,17.3,804,135,0.1679,4,11,3,0,6,82.7,4,0,0,4.91,211,0.0,0,0,0,0
ORD000613,17560,1190,2024-01-26 12:00:00,1123.68,1,Electronics,18.6,UPI,Delhi,Semi-Urban,9,0,0,9,0.0,92.6,735,82,0.1116,2,10,2,0,2,418.8,3,0,0,4.43,1867,0.0,0,0,0,0
ORD000614,11931,1728,2024-01-26 13:00:00,2590.36,2,Home,25.6,COD,Karnataka,Semi-Urban,6,2,0,4,0.3333,1.9,714,49,0.0686,0,6,2,0,6,111.2,6,0,0,4.14,12,2590.36,0,1,0,0
ORD000615,11012,1562,2024-01-26 14:00:00,1555.59,1,Electronics,7.1,Debit Card,Karnataka,Urban,4,1,0,3,0.25,52.6,806,31,0.0385,2,7,4,0,4,66.0,2,0,0,5.0,1828,0.0,0,0,0,0
ORD000616,11664,1080,2024-01-26 15:00:00,836.81,1,Footwear,14.1,COD,Karnataka,Urban,5,0,0,5,0.0,21.5,743,196,0.2638,2,7,5,0,3,19.8,3,0,0,4.45,572,836.81,0,0,0,1
ORD000617,11081,1488,2024-01-26 16:00:00,839.83,1,Electronics,13.0,COD,Maharashtra,Urban,5,0,0,5,0.0,27.9,766,55,0.0718,5,14,3,0,8,250.8,5,0,0,4.26,1654,839.83,0,0,0,0
ORD000618,14729,1087,2024-01-26 17:00:00,784.58,1,Electronics,30.7,Debit Card,Maharashtra,Urban,7,1,1,5,0.1429,38.1,731,119,0.1628,2,7,1,0,4,82.8,1,0,0,4.29,28,0.0,0,1,0,0
ORD000619,10512,1193,2024-01-26 18:00:00,1602.42,1,Footwear,16.5,Credit Card,Bihar,Semi-Urban,11,2,0,9,0.1818,50.9,714,86,0.1204,2,10,3,0,1,131.9,1,0,0,4.14,1027,0.0,1,1,0,0
ORD000620,17918,1103,2024-01-26 19:00:00,754.72,3,Footwear,18.2,UPI,West Bengal,Urban,7,0,0,7,0.0,50.6,795,194,0.244,2,10,5,0,6,177.7,2,0,0,4.11,1221,0.0,0,0,0,0
ORD000621,12849,1782,2024-01-26 20:00:00,849.85,2,Beauty,14.0,COD,West Bengal,Semi-Urban,12,0,1,11,0.0,33.4,793,105,0.1324,3,7,2,0,5,66.6,2,0,0,3.74,272,849.85,0,1,0,0
ORD000622,15215,1095,2024-01-26 21:00:00,2068.99,2,Fashion,8.0,COD,Karnataka,Urban,8,2,0,6,0.25,11.1,738,61,0.0827,1,5,3,0,1,36.3,2,0,0,3.97,1787,2068.99,0,1,0,1
ORD000623,17805,1422,2024-01-26 22:00:00,1230.26,1,Home,10.2,UPI,Karnataka,Urban,11,3,1,7,0.2727,41.4,713,149,0.209,1,3,5,1,3,48.3,5,0,0,4.4,1416,0.0,1,0,1,1
ORD000624,15237,1197,2024-01-26 23:00:00,2250.98,1,Home,16.6,COD,Maharashtra,Urban,11,1,3,7,0.0909,9.7,785,43,0.0548,1,9,5,0,2,124.6,3,0,0,3.8,1535,2250.98,1,0,1,0
ORD000625,10559,1000,2024-01-27 00:00:00,1770.18,1,Home,6.1,COD,Delhi,Urban,10,1,1,8,0.1,26.1,678,57,0.0841,2,5,2,0,3,156.2,1,1,0,4.03,316,1770.18,0,0,1,1
ORD000626,13672,1406,2024-01-27 01:00:00,541.31,3,Electronics,17.2,UPI,West Bengal,Rural,7,1,1,5,0.1429,16.6,743,59,0.0794,1,3,3,0,3,171.7,2,1,0,4.24,959,0.0,0,0,1,1
ORD000627,14583,1377,2024-01-27 02:00:00,1031.45,1,Footwear,15.0,UPI,West Bengal,Semi-Urban,10,0,0,10,0.0,57.5,753,93,0.1235,3,6,3,0,7,71.3,6,1,0,4.26,1062,0.0,0,1,1,1
ORD000628,17404,1166,2024-01-27 03:00:00,1986.18,1,Footwear,15.7,UPI,Delhi,Urban,8,4,0,4,0.5,1.0,765,42,0.0549,3,5,4,0,3,108.4,6,1,0,3.57,1692,0.0,1,1,1,0
ORD000629,14992,1508,2024-01-27 04:00:00,526.73,2,Footwear,14.9,Debit Card,West Bengal,Semi-Urban,8,3,0,5,0.375,11.9,789,51,0.0646,1,4,1,0,2,344.3,4,1,0,3.78,246,0.0,0,0,1,0
ORD000630,13343,1637,2024-01-27 05:00:00,1410.68,1,Fashion,21.1,Wallet,West Bengal,Urban,9,1,0,8,0.1111,0.0,754,20,0.0265,2,6,2,0,3,316.8,4,1,0,3.94,416,0.0,0,0,1,0
ORD000631,15308,1312,2024-01-27 06:00:00,1071.12,1,Footwear,33.8,COD,Maharashtra,Urban,9,1,1,7,0.1111,9.1,772,278,0.3601,0,2,3,0,1,101.2,7,1,0,4.0,1399,1071.12,0,0,0,1
ORD000632,14070,1592,2024-01-27 07:00:00,382.65,1,Footwear,25.7,COD,West Bengal,Rural,11,0,1,10,0.0,1.1,714,33,0.0462,0,3,3,0,3,194.7,6,1,0,3.5,1547,382.65,0,0,0,0
ORD000633,14799,1417,2024-01-27 08:00:00,1178.26,1,Electronics,8.5,Credit Card,Karnataka,Semi-Urban,8,2,1,5,0.25,3.6,753,92,0.1222,3,5,4,0,1,171.1,2,1,0,5.0,940,0.0,0,0,0,1
ORD000634,11470,1762,2024-01-27 09:00:00,663.49,1,Beauty,11.5,COD,Karnataka,Rural,6,4,0,2,0.6667,6.4,765,213,0.2784,1,6,1,0,6,67.4,3,1,0,4.02,628,663.49,0,1,0,1
ORD000635,10580,1680,2024-01-27 10:00:00,544.25,1,Home,8.0,COD,Bihar,Rural,12,0,1,11,0.0,7.7,746,251,0.3365,3,6,3,0,2,65.1,1,1,0,4.15,1958,544.25,2,0,0,0
ORD000636,16933,1476,2024-01-27 11:00:00,1102.66,2,Electronics,10.9,UPI,Maharashtra,Urban,6,2,0,4,0.3333,2.0,734,92,0.1253,4,11,1,0,8,456.2,2,1,0,3.53,237,0.0,1,0,0,1
ORD000637,17004,1072,2024-01-27 12:00:00,344.29,2,Electronics,23.8,UPI,Maharashtra,Urban,5,2,0,3,0.4,62.7,769,105,0.1365,3,10,3,0,4,76.4,4,1,0,4.0,393,0.0,0,0,0,1
ORD000638,12294,1140,2024-01-27 13:00:00,731.74,1,Electronics,6.9,UPI,Karnataka,Urban,6,2,0,4,0.3333,4.8,737,78,0.1058,0,8,4,1,1,54.4,3,1,0,4.15,1977,0.0,0,0,0,0
ORD000639,13147,1581,2024-01-27 14:00:00,5068.02,3,Home,11.2,COD,Maharashtra,Semi-Urban,14,2,2,10,0.1429,4.2,731,48,0.0657,1,4,4,0,3,108.1,7,1,0,4.07,1760,5068.02,1,0,0,0
ORD000640,14249,1261,2024-01-27 15:00:00,1619.92,1,Electronics,14.6,Debit Card,Maharashtra,Semi-Urban,10,4,0,6,0.4,21.5,762,46,0.0604,3,5,2,1,2,150.3,3,1,0,4.51,971,0.0,0,0,0,0
ORD000641,11679,1339,2024-01-27 16:00:00,646.22,1,Beauty,5.5,Credit Card,Bihar,Semi-Urban,7,0,0,7,0.0,18.5,717,45,0.0628,3,8,3,0,6,108.9,6,1,0,4.72,1303,0.0,0,0,0,0
ORD000642,13506,1307,2024-01-27 17:00:00,2546.56,1,Footwear,9.6,UPI,Delhi,Urban,11,1,1,9,0.0909,20.9,739,76,0.1028,2,4,3,0,2,254.1,4,1,0,3.73,1260,0.0,0,0,0,0
ORD000643,15092,1244,2024-01-27 18:00:00,604.73,2,Beauty,12.6,COD,West Bengal,Semi-Urban,10,0,2,8,0.0,5.0,767,58,0.0756,2,10,3,0,4,72.7,1,1,0,4.0,1259,604.73,0,0,0,0
ORD000644,17253,1514,2024-01-27 19:00:00,786.65,1,Footwear,7.9,COD,Bihar,Semi-Urban,13,0,1,12,0.0,17.6,742,209,0.2817,1,4,1,0,2,45.2,3,1,0,4.48,1468,786.65,0,0,0,0
ORD000645,12744,1336,2024-01-27 20:00:00,550.42,2,Footwear,28.6,COD,Delhi,Urban,9,4,0,5,0.4444,0.1,764,119,0.1558,3,7,1,0,4,125.1,3,1,0,4.17,939,550.42,1,0,0,0
ORD000646,13356,1574,2024-01-27 21:00:00,1278.76,2,Electronics,4.6,Credit Card,West Bengal,Urban,10,0,1,9,0.0,14.5,700,69,0.0986,1,6,2,0,2,66.7,5,1,0,4.02,816,0.0,0,0,0,0
ORD000647,14045,1560,2024-01-27 22:00:00,2492.84,1,Electronics,28.0,Credit Card,Karnataka,Semi-Urban,10,1,0,9,0.1,27.1,761,44,0.0578,3,7,6,0,2,115.5,3,1,0,4.43,1121,0.0,1,0,1,0
ORD000648,11243,1075,2024-01-27 23:00:00,602.2,2,Home,6.2,Credit Card,Delhi,Semi-Urban,11,1,0,10,0.0909,9.8,734,20,0.0272,2,10,2,0,4,367.8,2,1,0,4.81,1161,0.0,0,0,1,0
ORD000649,15188,1174,2024-01-28 00:00:00,318.54,3,Fashion,23.9,UPI,West Bengal,Semi-Urban,6,0,0,6,0.0,0.1,761,257,0.3377,2,9,2,0,1,42.7,3,1,0,3.62,1002,0.0,0,0,1,1
ORD000650,13118,1108,2024-01-28 01:00:00,2110.29,1,Beauty,11.7,Credit Card,Bihar,Urban,12,0,0,12,0.0,28.7,739,18,0.0244,1,12,1,0,5,219.6,5,1,0,3.83,108,0.0,0,0,1,0
ORD000651,15104,1182,2024-01-28 02:00:00,2785.77,1,Home,33.9,Credit Card,West Bengal,Urban,10,0,2,8,0.0,7.2,723,32,0.0443,0,8,2,0,3,122.4,1,1,0,5.0,1656,0.0,0,0,1,0
ORD000652,12141,1191,2024-01-28 03:00:00,331.28,2,Home,26.0,Credit Card,Maharashtra,Semi-Urban,8,2,0,6,0.25,20.5,723,51,0.0705,4,9,4,0,4,160.4,5,1,0,3.67,119,0.0,0,0,1,1
ORD000653,15869,1064,2024-01-28 04:00:00,1445.24,2,Beauty,3.8,Wallet,West Bengal,Rural,12,1,0,11,0.0833,5.2,784,202,0.2577,3,13,2,0,1,36.8,4,1,0,3.08,1148,0.0,1,0,1,0
ORD000654,15053,1473,2024-01-28 05:00:00,1256.27,1,Beauty,2.6,Credit Card,Karnataka,Rural,6,0,3,3,0.0,11.4,766,64,0.0836,4,7,2,0,3,266.7,1,1,0,4.24,861,0.0,0,0,1,0
ORD000655,13059,1782,2024-01-28 06:00:00,683.7,1,Footwear,11.2,COD,Bihar,Urban,6,0,0,6,0.0,29.3,733,168,0.2292,3,9,2,0,5,86.2,3,1,0,3.92,1943,683.7,1,1,0,0
ORD000656,14548,1099,2024-01-28 07:00:00,475.03,1,Fashion,28.1,Credit Card,Delhi,Rural,10,1,3,6,0.1,30.1,763,16,0.021,2,10,6,1,5,72.0,3,1,0,4.14,128,0.0,0,1,0,0
ORD000657,15323,1543,2024-01-28 08:00:00,1988.33,1,Electronics,8.3,COD,West Bengal,Urban,10,0,1,9,0.0,8.2,757,93,0.1229,3,7,3,1,5,255.4,5,1,0,4.17,1297,1988.33,0,0,0,1
ORD000658,12959,1127,2024-01-28 09:00:00,1221.02,1,Fashion,22.8,COD,Bihar,Rural,4,1,0,3,0.25,73.5,743,65,0.0875,2,2,4,0,4,133.4,3,1,0,4.49,1010,1221.02,0,0,0,0
ORD000659,12265,1451,2024-01-28 10:00:00,1277.49,3,Fashion,9.2,Credit Card,Karnataka,Urban,6,0,1,5,0.0,28.1,781,16,0.0205,2,4,1,0,4,172.9,2,1,0,3.65,557,0.0,0,0,0,0
ORD000660,16617,1368,2024-01-28 11:00:00,755.17,2,Electronics,17.0,COD,Delhi,Semi-Urban,10,0,1,9,0.0,25.0,776,38,0.049,1,5,3,0,3,107.1,2,1,0,3.61,391,755.17,0,0,0,0
ORD000661,12479,1042,2024-01-28 12:00:00,677.8,1,Fashion,14.6,COD,West Bengal,Urban,14,9,0,5,0.6429,57.4,828,99,0.1196,1,8,2,0,3,245.2,3,1,0,4.47,1601,677.8,1,0,0,1
ORD000662,16484,1418,2024-01-28 13:00:00,251.39,2,Home,13.9,UPI,Karnataka,Rural,6,0,0,6,0.0,8.4,744,190,0.2554,1,5,3,0,5,139.2,4,1,0,4.55,1286,0.0,2,2,0,0
ORD000663,14646,1487,2024-01-28 14:00:00,956.41,3,Home,20.7,Debit Card,Maharashtra,Semi-Urban,8,1,0,7,0.125,2.0,713,46,0.0645,2,12,1,0,3,19.5,4,1,0,3.28,590,0.0,0,1,0,0
ORD000664,11635,1077,2024-01-28 15:00:00,2600.08,1,Electronics,2.2,Debit Card,Bihar,Urban,12,0,1,11,0.0,22.8,759,107,0.141,4,8,2,0,4,371.3,1,1,0,3.9,1986,0.0,0,1,0,0
ORD000665,15408,1269,2024-01-28 16:00:00,642.81,1,Electronics,20.0,Credit Card,Bihar,Urban,6,0,0,6,0.0,4.6,725,139,0.1917,3,5,1,0,2,289.6,4,1,0,3.85,760,0.0,0,0,0,1
ORD000666,17421,1673,2024-01-28 17:00:00,439.9,1,Beauty,17.1,Debit Card,West Bengal,Urban,7,0,1,6,0.0,8.7,761,31,0.0407,1,6,1,0,5,279.4,4,1,0,4.36,1767,0.0,0,0,0,0
ORD000667,11757,1700,2024-01-28 18:00:00,1424.25,2,Beauty,24.5,Credit Card,Karnataka,Urban,9,0,4,5,0.0,10.3,750,101,0.1347,1,8,3,1,4,329.7,2,1,0,4.11,77,0.0,0,0,0,0
ORD000668,14452,1758,2024-01-28 19:00:00,1590.89,1,Fashion,20.8,COD,Delhi,Urban,8,3,1,4,0.375,85.9,764,83,0.1086,2,6,4,0,5,13.8,3,1,0,4.5,612,1590.89,0,0,0,0
ORD000669,12070,1727,2024-01-28 20:00:00,771.59,4,Fashion,29.3,COD,Delhi,Urban,7,0,0,7,0.0,45.4,760,79,0.1039,2,10,1,0,4,157.4,3,1,0,4.04,967,771.59,0,0,0,0
ORD000670,15881,1314,2024-01-28 21:00:00,889.57,1,Electronics,24.0,COD,Delhi,Semi-Urban,10,1,1,8,0.1,21.7,752,57,0.0758,4,6,4,0,2,272.3,5,1,0,3.72,1025,889.57,0,0,0,0
ORD000671,16665,1167,2024-01-28 22:00:00,1284.78,1,Fashion,16.0,COD,Delhi,Rural,6,0,0,6,0.0,41.8,726,85,0.1171,2,10,2,0,2,60.1,6,1,0,4.66,433,1284.78,1,0,1,0
ORD000672,15877,1338,2024-01-28 23:00:00,998.92,1,Footwear,23.0,Credit Card,West Bengal,Urban,4,0,0,4,0.0,16.2,780,105,0.1346,6,9,3,0,2,76.3,3,1,0,3.42,264,0.0,0,0,1,0
ORD000673,17267,1192,2024-01-29 00:00:00,1998.35,1,Home,14.0,UPI,West Bengal,Urban,11,0,2,9,0.0,11.9,780,88,0.1128,2,6,3,0,3,65.7,5,0,0,4.4,1257,0.0,1,0,1,1
ORD000674,12849,1452,2024-01-29 01:00:00,4733.15,2,Fashion,4.9,Credit Card,Bihar,Urban,10,0,1,9,0.0,0.7,723,105,0.1452,4,10,7,0,4,263.0,4,0,0,3.38,1028,0.0,1,0,1,0
ORD000675,13251,1282,2024-01-29 02:00:00,393.27,4,Fashion,6.6,UPI,Karnataka,Urban,10,0,1,9,0.0,50.6,764,158,0.2068,0,4,4,0,1,298.8,3,0,0,3.84,659,0.0,0,0,1,0
ORD000676,17390,1335,2024-01-29 03:00:00,2293.54,1,Beauty,22.2,UPI,Maharashtra,Semi-Urban,10,0,1,9,0.0,24.0,799,88,0.1101,3,6,2,0,4,152.2,5,0,0,3.64,210,0.0,0,0,1,0
ORD000677,16905,1389,2024-01-29 04:00:00,1168.13,4,Footwear,8.3,COD,West Bengal,Urban,15,2,2,11,0.1333,5.8,777,22,0.0283,2,5,1,0,4,207.0,3,0,0,3.77,371,1168.13,1,1,1,1
ORD000678,13730,1524,2024-01-29 05:00:00,2522.29,2,Fashion,15.5,Credit Card,Delhi,Semi-Urban,8,1,2,5,0.125,56.9,729,68,0.0933,3,15,4,0,1,424.1,3,0,0,4.32,1610,0.0,0,0,1,0
ORD000679,12489,1239,2024-01-29 06:00:00,1693.6,1,Home,13.4,UPI,Maharashtra,Urban,5,0,1,4,0.0,7.8,729,111,0.1523,2,8,4,0,4,124.8,1,0,0,4.42,428,0.0,1,0,0,0
ORD000680,11631,1482,2024-01-29 07:00:00,1137.62,2,Fashion,10.4,COD,Bihar,Semi-Urban,6,0,1,5,0.0,32.6,718,114,0.1588,2,7,4,0,6,112.7,5,0,0,4.02,257,1137.62,0,0,0,0
ORD000681,12816,1658,2024-01-29 08:00:00,1730.24,1,Electronics,7.1,Wallet,Delhi,Rural,11,1,1,9,0.0909,36.4,740,53,0.0716,2,10,4,0,4,15.8,3,0,0,3.84,1904,0.0,0,2,0,0
ORD000682,11015,1715,2024-01-29 09:00:00,865.67,1,Footwear,9.0,COD,Karnataka,Urban,8,1,0,7,0.125,40.8,786,12,0.0153,6,12,4,1,2,32.1,2,0,0,3.9,743,865.67,0,0,0,0
ORD000683,11348,1591,2024-01-29 10:00:00,689.12,1,Fashion,33.0,COD,Maharashtra,Rural,11,3,0,8,0.2727,38.3,765,47,0.0614,1,5,1,0,2,180.4,7,0,0,4.26,1380,689.12,0,0,0,0
ORD000684,14611,1554,2024-01-29 11:00:00,1783.83,2,Footwear,9.8,UPI,Bihar,Urban,7,0,2,5,0.0,32.0,718,32,0.0446,4,12,2,0,3,68.1,4,0,0,4.0,1369,0.0,2,0,0,0
ORD000685,13087,1457,2024-01-29 12:00:00,660.77,1,Fashion,11.6,COD,West Bengal,Urban,13,0,3,10,0.0,21.8,746,280,0.3753,3,9,5,0,1,24.8,4,0,0,3.81,460,660.77,0,0,0,0
ORD000686,12839,1088,2024-01-29 13:00:00,1612.31,2,Home,25.8,Credit Card,Karnataka,Rural,7,2,0,5,0.2857,17.9,745,99,0.1329,2,6,3,0,4,240.1,4,0,0,4.34,942,0.0,0,0,0,0
ORD000687,10335,1659,2024-01-29 14:00:00,1117.05,2,Home,9.1,UPI,Delhi,Semi-Urban,14,2,0,12,0.1429,2.4,751,48,0.0639,1,3,8,0,3,175.8,4,0,0,3.87,143,0.0,1,0,0,0
ORD000688,15878,1094,2024-01-29 15:00:00,271.06,1,Footwear,17.8,Credit Card,Maharashtra,Urban,8,0,0,8,0.0,0.5,782,23,0.0294,2,12,5,0,3,490.1,2,0,0,3.74,1806,0.0,0,0,0,0
ORD000689,16401,1451,2024-01-29 16:00:00,776.95,1,Beauty,21.1,COD,Bihar,Urban,9,1,0,8,0.1111,3.1,734,48,0.0654,5,11,2,0,3,81.1,6,0,0,4.18,800,776.95,0,0,0,1
ORD000690,14592,1427,2024-01-29 17:00:00,1340.64,1,Beauty,0.7,Credit Card,Maharashtra,Urban,9,1,1,7,0.1111,29.2,761,53,0.0696,1,3,2,0,4,248.9,4,0,0,4.35,1486,0.0,0,0,0,0
ORD000691,10895,1150,2024-01-29 18:00:00,859.54,1,Electronics,16.9,COD,Karnataka,Semi-Urban,14,5,1,8,0.3571,0.8,715,63,0.0881,3,8,3,0,4,94.5,1,0,0,3.79,1183,859.54,0,0,0,1
ORD000692,16303,1513,2024-01-29 19:00:00,237.93,1,Beauty,15.3,COD,West Bengal,Semi-Urban,10,2,0,8,0.2,16.5,729,105,0.144,1,6,1,0,2,74.1,1,0,0,3.78,346,237.93,0,0,0,1
ORD000693,13546,1375,2024-01-29 20:00:00,2422.25,1,Footwear,28.3,COD,West Bengal,Urban,8,0,0,8,0.0,5.5,776,157,0.2023,0,4,5,0,2,257.6,6,0,0,4.25,1439,2422.25,0,0,0,0
ORD000694,10851,1021,2024-01-29 21:00:00,1213.94,1,Beauty,9.1,COD,Karnataka,Semi-Urban,6,0,0,6,0.0,4.6,763,24,0.0315,0,3,1,0,5,207.0,5,0,0,4.15,579,1213.94,0,0,0,0
ORD000695,11687,1312,2024-01-29 22:00:00,1431.16,1,Electronics,4.0,Credit Card,Delhi,Urban,10,0,1,9,0.0,8.6,741,55,0.0742,2,10,2,0,5,130.7,1,0,0,3.9,1372,0.0,1,0,1,0
ORD000696,11931,1518,2024-01-29 23:00:00,825.54,1,Fashion,5.3,COD,Maharashtra,Semi-Urban,9,0,0,9,0.0,22.9,739,96,0.1299,2,12,3,0,4,198.4,5,0,0,3.46,1942,825.54,0,0,1,1
ORD000697,16833,1205,2024-01-30 00:00:00,1508.53,1,Beauty,13.7,UPI,Delhi,Urban,9,0,0,9,0.0,11.8,782,116,0.1483,4,8,4,0,4,147.5,4,0,0,4.09,674,0.0,0,0,1,0
ORD000698,13746,1374,2024-01-30 01:00:00,3297.41,2,Footwear,12.7,UPI,Bihar,Urban,9,1,0,8,0.1111,10.8,754,132,0.1751,3,7,3,0,3,19.4,3,0,0,4.09,757,0.0,0,0,1,0
ORD000699,12427,1450,2024-01-30 02:00:00,705.53,4,Footwear,2.8,Credit Card,Delhi,Urban,8,0,3,5,0.0,6.3,819,50,0.0611,2,6,4,1,3,106.7,2,0,0,3.73,1156,0.0,0,1,1,0
ORD000700,11568,1625,2024-01-30 03:00:00,2981.58,1,Electronics,10.7,Credit Card,Karnataka,Urban,4,2,0,2,0.5,16.0,711,49,0.0689,3,6,2,0,4,25.9,5,0,0,4.62,1807,0.0,0,1,1,0
ORD000701,14000,1783,2024-01-30 04:00:00,1392.89,1,Electronics,31.5,UPI,West Bengal,Urban,7,0,1,6,0.0,38.4,807,76,0.0942,2,8,3,0,4,128.8,2,0,0,4.02,1711,0.0,0,0,1,0
ORD000702,15052,1594,2024-01-30 05:00:00,650.89,1,Home,7.6,COD,Karnataka,Urban,10,1,0,9,0.1,12.0,744,159,0.2137,1,4,1,0,3,68.4,5,0,0,4.42,677,650.89,1,1,1,1
ORD000703,12738,1178,2024-01-30 06:00:00,4135.79,1,Home,27.4,UPI,Karnataka,Urban,7,1,0,6,0.1429,3.8,781,34,0.0435,3,5,3,1,3,108.4,3,0,0,4.41,69,0.0,1,1,0,0
ORD000704,13498,1209,2024-01-30 07:00:00,1387.12,1,Home,17.7,COD,Maharashtra,Urban,7,2,1,4,0.2857,21.2,790,59,0.0747,2,10,4,0,2,370.8,1,0,0,5.0,993,1387.12,0,0,0,1
ORD000705,15732,1499,2024-01-30 08:00:00,1645.64,2,Fashion,21.2,Credit Card,Karnataka,Semi-Urban,6,0,2,4,0.0,42.1,754,38,0.0504,0,1,3,0,3,127.5,2,0,1,4.76,1875,0.0,1,0,0,0
ORD000706,15387,1463,2024-01-30 09:00:00,932.98,3,Footwear,13.5,UPI,Bihar,Urban,13,4,1,8,0.3077,21.6,782,90,0.1151,4,10,2,0,5,73.1,4,0,0,4.07,563,0.0,0,1,0,0
ORD000707,17744,1123,2024-01-30 10:00:00,680.08,1,Home,26.5,COD,Maharashtra,Urban,8,2,1,5,0.25,1.1,757,56,0.074,1,5,4,0,3,234.6,1,0,0,4.93,1397,680.08,0,0,0,1
ORD000708,15536,1112,2024-01-30 11:00:00,1212.8,2,Footwear,20.5,UPI,Maharashtra,Rural,8,0,2,6,0.0,18.3,719,93,0.1293,2,5,2,0,4,121.4,3,0,0,3.94,947,0.0,0,0,0,0
ORD000709,15287,1011,2024-01-30 12:00:00,2832.4,1,Electronics,21.1,COD,Delhi,Urban,11,0,1,10,0.0,6.0,758,81,0.1069,1,9,1,0,2,311.9,3,0,0,3.81,1917,2832.4,0,0,0,0
ORD000710,13913,1125,2024-01-30 13:00:00,910.69,1,Fashion,6.1,Credit Card,Karnataka,Urban,11,0,1,10,0.0,16.8,791,232,0.2933,3,12,3,0,4,30.0,5,0,0,4.2,627,0.0,0,1,0,0
ORD000711,11066,1564,2024-01-30 14:00:00,1079.17,1,Electronics,13.9,Credit Card,Delhi,Semi-Urban,11,0,1,10,0.0,9.9,687,61,0.0888,0,9,3,0,1,168.4,3,0,0,3.98,1200,0.0,0,0,0,0
ORD000712,17723,1330,2024-01-30 15:00:00,2627.52,1,Footwear,4.8,COD,Delhi,Urban,12,0,2,10,0.0,6.0,741,53,0.0715,6,10,1,0,2,396.8,4,0,0,4.1,1398,2627.52,1,1,0,0
ORD000713,14380,1282,2024-01-30 16:00:00,915.81,1,Home,8.2,Credit Card,Maharashtra,Semi-Urban,13,1,1,11,0.0769,9.0,754,78,0.1034,1,4,3,0,4,200.5,4,0,0,4.34,1931,0.0,0,0,0,0
ORD000714,12444,1139,2024-01-30 17:00:00,1489.46,1,Electronics,22.4,Credit Card,Delhi,Urban,10,0,0,10,0.0,2.9,712,54,0.0758,3,6,3,0,1,48.1,1,0,0,4.32,275,0.0,0,0,0,0
ORD000715,14107,1400,2024-01-30 18:00:00,1856.43,1,Beauty,22.4,COD,Delhi,Urban,9,1,1,7,0.1111,29.8,769,85,0.1105,3,6,3,0,8,130.3,4,0,0,4.22,1474,1856.43,0,0,0,0
ORD000716,15726,1096,2024-01-30 19:00:00,974.51,1,Fashion,16.1,COD,Maharashtra,Rural,14,4,1,9,0.2857,6.4,788,66,0.0838,3,7,1,0,2,302.0,4,0,0,4.06,1348,974.51,0,0,0,0
ORD000717,13373,1516,2024-01-30 20:00:00,1320.68,2,Footwear,13.1,COD,Maharashtra,Urban,10,2,2,6,0.2,3.1,741,70,0.0945,4,8,3,0,2,124.5,5,0,0,3.88,231,1320.68,0,0,0,1
ORD000718,13969,1568,2024-01-30 21:00:00,1630.53,3,Home,21.7,COD,West Bengal,Urban,8,0,0,8,0.0,39.1,761,69,0.0907,1,3,2,0,2,150.6,4,0,0,4.05,1752,1630.53,0,0,0,0
ORD000719,17420,1068,2024-01-30 22:00:00,862.17,1,Electronics,10.6,COD,Karnataka,Urban,9,0,0,9,0.0,0.5,716,48,0.067,0,9,1,0,3,59.2,7,0,0,3.92,997,862.17,0,0,1,0
ORD000720,12546,1117,2024-01-30 23:00:00,1789.08,1,Fashion,17.7,COD,West Bengal,Urban,11,1,0,10,0.0909,17.8,749,96,0.1282,3,6,2,0,3,179.6,7,0,0,3.85,1712,1789.08,0,0,1,0
ORD000721,10753,1058,2024-01-31 00:00:00,789.82,1,Home,1.8,COD,Maharashtra,Urban,6,0,0,6,0.0,13.0,739,88,0.1191,0,6,2,0,3,74.8,4,0,0,4.02,1988,789.82,1,1,1,1
ORD000722,12082,1032,2024-01-31 01:00:00,731.39,3,Electronics,6.4,COD,Bihar,Urban,14,5,1,8,0.3571,7.0,730,83,0.1137,0,4,2,0,4,109.2,1,0,0,3.37,1448,731.39,1,0,1,1
ORD000723,12774,1317,2024-01-31 02:00:00,438.68,1,Footwear,11.0,UPI,Delhi,Semi-Urban,15,5,0,10,0.3333,12.6,725,287,0.3959,1,9,2,0,7,94.2,6,0,0,4.37,1864,0.0,0,1,1,0
ORD000724,12896,1049,2024-01-31 03:00:00,810.72,1,Beauty,23.5,COD,Delhi,Semi-Urban,8,2,1,5,0.25,6.4,752,149,0.1981,2,9,3,0,5,35.8,4,0,0,4.36,1589,810.72,0,0,1,0
ORD000725,14185,1488,2024-01-31 04:00:00,672.3,1,Beauty,10.4,COD,Maharashtra,Urban,12,0,3,9,0.0,3.3,738,91,0.1233,3,12,2,0,3,187.1,7,0,0,4.05,1796,672.3,1,0,1,1
ORD000726,10775,1018,2024-01-31 05:00:00,862.19,1,Footwear,12.8,COD,Delhi,Semi-Urban,7,0,2,5,0.0,14.0,713,110,0.1543,0,3,5,0,6,27.3,3,0,0,3.91,1273,862.19,0,0,1,0
ORD000727,16748,1725,2024-01-31 06:00:00,1583.19,1,Fashion,34.6,COD,West Bengal,Semi-Urban,5,1,0,4,0.2,55.2,720,36,0.05,4,13,4,0,5,90.8,4,0,0,4.29,794,1583.19,0,0,0,0
ORD000728,17113,1196,2024-01-31 07:00:00,389.4,3,Footwear,34.7,UPI,Delhi,Rural,7,2,1,4,0.2857,22.3,699,90,0.1288,0,4,3,0,5,307.2,5,0,0,4.67,108,0.0,1,0,0,0
ORD000729,11625,1449,2024-01-31 08:00:00,335.36,3,Electronics,20.9,COD,Bihar,Urban,5,0,4,1,0.0,20.5,712,110,0.1545,0,3,3,0,4,290.8,5,0,0,4.44,396,335.36,0,0,0,0
ORD000730,13069,1558,2024-01-31 09:00:00,699.63,1,Fashion,31.5,Wallet,Karnataka,Rural,14,4,0,10,0.2857,27.8,717,165,0.2301,2,9,4,1,2,267.0,2,0,0,4.45,320,0.0,1,0,0,1
ORD000731,10417,1678,2024-01-31 10:00:00,1446.26,1,Beauty,28.9,COD,West Bengal,Urban,4,1,0,3,0.25,14.9,802,35,0.0436,5,9,2,0,2,109.7,4,0,0,3.84,1419,1446.26,0,0,0,0
ORD000732,10114,1451,2024-01-31 11:00:00,1304.17,1,Electronics,11.6,UPI,Karnataka,Semi-Urban,12,0,1,11,0.0,47.5,772,171,0.2215,4,10,1,0,3,115.0,3,0,0,4.11,1376,0.0,0,0,0,0
ORD000733,10616,1288,2024-01-31 12:00:00,692.95,1,Home,25.2,Debit Card,Karnataka,Semi-Urban,9,3,2,4,0.3333,9.8,738,114,0.1545,2,4,3,0,2,92.4,7,0,0,4.19,1522,0.0,0,0,0,0
ORD000734,13974,1140,2024-01-31 13:00:00,2211.98,3,Home,14.1,COD,Bihar,Rural,8,0,1,7,0.0,9.9,723,9,0.0124,2,5,2,0,5,259.0,5,0,0,3.58,1392,2211.98,0,1,0,0
ORD000735,13267,1083,2024-01-31 14:00:00,738.75,1,Home,10.7,UPI,Bihar,Urban,3,0,1,2,0.0,6.7,774,52,0.0672,1,8,1,0,2,214.9,4,0,0,4.25,616,0.0,1,0,0,1
ORD000736,10825,1693,2024-01-31 15:00:00,1447.33,1,Beauty,23.0,UPI,Bihar,Semi-Urban,5,1,0,4,0.2,2.3,770,83,0.1078,2,7,5,0,5,358.8,2,0,0,3.9,995,0.0,0,0,0,0
ORD000737,17668,1390,2024-01-31 16:00:00,882.12,1,Footwear,26.4,COD,Bihar,Urban,12,1,0,11,0.0833,9.8,738,143,0.1938,0,4,3,0,1,146.1,5,0,0,4.48,1902,882.12,0,0,0,0
ORD000738,15745,1590,2024-01-31 17:00:00,651.15,2,Fashion,11.6,UPI,West Bengal,Rural,7,0,2,5,0.0,44.5,765,261,0.3412,1,5,4,0,3,103.1,4,0,0,3.58,696,0.0,0,0,0,0
ORD000739,11516,1214,2024-01-31 18:00:00,762.77,2,Beauty,11.6,COD,Bihar,Rural,13,0,3,10,0.0,38.2,777,49,0.0631,1,5,2,0,4,186.1,5,0,0,4.07,69,762.77,1,0,0,0
ORD000740,13146,1525,2024-01-31 19:00:00,1703.43,1,Electronics,12.8,UPI,West Bengal,Urban,10,1,0,9,0.1,60.6,720,122,0.1694,5,13,3,0,4,47.9,2,0,0,4.12,977,0.0,1,0,0,0
ORD000741,10412,1214,2024-01-31 20:00:00,1361.87,1,Electronics,7.2,COD,Delhi,Urban,12,3,1,8,0.25,22.1,747,33,0.0442,3,7,6,0,2,265.2,2,0,0,4.46,26,1361.87,1,0,0,1
ORD000742,17543,1402,2024-01-31 21:00:00,1960.32,1,Home,13.5,Credit Card,Karnataka,Urban,10,1,1,8,0.1,5.9,767,81,0.1056,3,7,2,0,3,192.0,4,0,0,3.52,538,0.0,0,0,0,1
ORD000743,17587,1127,2024-01-31 22:00:00,1361.84,4,Fashion,13.5,Debit Card,Delhi,Urban,9,1,0,8,0.1111,8.1,776,137,0.1765,0,4,2,0,3,174.2,3,0,0,3.63,172,0.0,1,0,1,0
ORD000744,10728,1476,2024-01-31 23:00:00,417.09,1,Home,11.6,Credit Card,Delhi,Rural,11,4,0,7,0.3636,6.3,762,51,0.0669,3,7,3,0,5,34.7,4,0,1,3.66,1328,0.0,0,0,1,1
ORD000745,13348,1759,2024-02-01 00:00:00,3899.68,1,Electronics,21.2,COD,Maharashtra,Urban,5,2,1,2,0.4,1.4,807,182,0.2255,3,7,4,0,2,138.0,7,0,0,4.15,1224,3899.68,0,1,1,0
ORD000746,17164,1403,2024-02-01 01:00:00,1373.48,1,Electronics,15.5,COD,Delhi,Urban,7,0,2,5,0.0,17.2,737,50,0.0678,2,11,1,0,4,241.9,2,0,0,4.34,335,1373.48,1,0,1,0
ORD000747,12808,1028,2024-02-01 02:00:00,1493.39,2,Footwear,5.7,Wallet,Delhi,Semi-Urban,13,2,0,11,0.1538,31.5,754,25,0.0332,3,7,4,1,3,261.2,2,0,0,4.11,83,0.0,0,0,1,0
ORD000748,10675,1791,2024-02-01 03:00:00,874.71,1,Footwear,14.6,UPI,Maharashtra,Semi-Urban,7,1,2,4,0.1429,32.7,771,171,0.2218,2,5,3,0,4,217.0,1,0,0,3.66,597,0.0,0,1,1,1
ORD000749,13465,1337,2024-02-01 04:00:00,2138.6,1,Footwear,23.5,COD,Delhi,Urban,7,0,1,6,0.0,36.8,770,78,0.1013,3,10,2,0,2,236.3,3,0,0,3.84,1698,2138.6,1,0,1,0
ORD000750,15988,1713,2024-02-01 05:00:00,569.15,1,Home,22.6,COD,Maharashtra,Urban,13,2,2,9,0.1538,2.9,750,52,0.0693,1,1,2,0,2,257.0,4,0,0,3.35,1600,569.15,0,0,1,0
ORD000751,12504,1360,2024-02-01 06:00:00,1581.13,2,Fashion,12.7,COD,West Bengal,Semi-Urban,7,0,3,4,0.0,13.0,732,44,0.0601,1,6,5,0,3,158.5,3,0,0,4.74,1873,1581.13,1,1,0,0
ORD000752,12967,1568,2024-02-01 07:00:00,314.89,2,Footwear,15.4,COD,Karnataka,Urban,12,1,0,11,0.0833,27.3,782,53,0.0678,2,7,4,0,7,61.0,5,0,0,3.76,1174,314.89,0,0,0,1
ORD000753,16335,1391,2024-02-01 08:00:00,1646.37,3,Beauty,15.4,COD,Bihar,Urban,9,1,0,8,0.1111,4.1,763,134,0.1756,1,11,3,0,2,120.1,4,0,0,4.25,295,1646.37,0,0,0,0
ORD000754,12786,1217,2024-02-01 09:00:00,573.79,1,Footwear,18.8,COD,Delhi,Urban,11,0,0,11,0.0,17.7,755,98,0.1298,2,6,5,0,4,66.9,2,0,0,4.26,675,573.79,0,0,0,1
ORD000755,17856,1573,2024-02-01 10:00:00,1294.91,1,Home,25.2,COD,West Bengal,Rural,4,0,0,4,0.0,10.4,757,137,0.181,1,5,2,0,2,120.2,6,0,0,4.33,1060,1294.91,0,0,0,0
ORD000756,11122,1668,2024-02-01 11:00:00,2476.01,4,Fashion,21.6,Debit Card,Karnataka,Urban,12,1,1,10,0.0833,18.3,742,110,0.1482,3,8,5,0,1,192.6,4,0,0,3.88,436,0.0,0,1,0,0
ORD000757,14079,1201,2024-02-01 12:00:00,1796.56,1,Footwear,10.1,UPI,West Bengal,Semi-Urban,11,1,0,10,0.0909,66.7,750,176,0.2347,1,7,1,0,2,14.6,2,0,0,4.59,1198,0.0,0,0,0,0
ORD000758,11571,1016,2024-02-01 13:00:00,2286.16,2,Fashion,17.2,COD,Maharashtra,Semi-Urban,8,3,2,3,0.375,23.0,734,69,0.094,2,13,4,0,3,172.2,6,0,0,4.7,886,2286.16,0,0,0,0
ORD000759,15073,1321,2024-02-01 14:00:00,2148.47,2,Beauty,3.7,COD,West Bengal,Urban,12,1,0,11,0.0833,26.0,727,94,0.1293,2,5,5,0,3,139.7,6,0,0,3.65,1694,2148.47,0,0,0,0
ORD000760,15104,1517,2024-02-01 15:00:00,800.66,1,Electronics,23.6,UPI,Delhi,Semi-Urban,9,0,0,9,0.0,0.9,694,79,0.1138,3,8,2,0,2,182.1,5,0,0,4.21,291,0.0,0,0,0,0
ORD000761,12143,1569,2024-02-01 16:00:00,1570.26,1,Fashion,29.7,COD,Delhi,Urban,6,0,0,6,0.0,20.2,800,312,0.39,4,13,3,0,1,255.1,3,0,0,3.39,1425,1570.26,0,2,0,0
ORD000762,11687,1324,2024-02-01 17:00:00,389.57,2,Footwear,25.8,COD,Bihar,Semi-Urban,5,0,0,5,0.0,3.7,728,59,0.081,7,12,3,0,2,233.6,2,0,0,4.08,74,389.57,0,0,0,0
ORD000763,16806,1411,2024-02-01 18:00:00,726.21,2,Home,4.9,UPI,Bihar,Rural,7,2,0,5,0.2857,32.4,773,103,0.1332,0,6,1,0,2,79.0,6,0,0,4.62,459,0.0,2,0,0,0
ORD000764,17357,1317,2024-02-01 19:00:00,2529.03,1,Home,24.0,COD,Delhi,Urban,14,5,1,8,0.3571,27.6,759,81,0.1067,3,8,4,1,6,291.5,4,0,0,3.79,1962,2529.03,0,0,0,1
ORD000765,17903,1680,2024-02-01 20:00:00,870.42,1,Home,23.3,COD,West Bengal,Semi-Urban,10,0,0,10,0.0,4.3,725,115,0.1586,1,9,4,1,5,412.4,2,0,0,4.11,1048,870.42,0,0,0,0
ORD000766,14132,1081,2024-02-01 21:00:00,357.52,1,Home,12.8,Credit Card,Delhi,Urban,15,0,2,13,0.0,10.4,753,47,0.0624,3,11,3,0,3,108.7,1,0,0,3.56,475,0.0,2,1,0,0
ORD000767,13851,1473,2024-02-01 22:00:00,3671.0,1,Fashion,10.2,COD,West Bengal,Urban,11,2,3,6,0.1818,24.8,728,121,0.1662,2,6,2,0,5,261.0,2,0,0,3.96,1460,3671.0,1,0,1,0
ORD000768,13440,1467,2024-02-01 23:00:00,1536.63,1,Home,11.8,COD,Delhi,Urban,7,1,0,6,0.1429,10.6,720,8,0.0111,1,7,5,0,3,311.5,6,0,1,4.1,1585,1536.63,0,2,1,1
ORD000769,13766,1424,2024-02-02 00:00:00,1734.87,1,Electronics,14.8,COD,Karnataka,Semi-Urban,9,1,3,5,0.1111,5.9,730,59,0.0808,3,9,1,1,1,144.4,3,0,0,4.5,1560,1734.87,0,1,1,1
ORD000770,15644,1730,2024-02-02 01:00:00,608.94,4,Beauty,8.7,COD,West Bengal,Urban,8,0,2,6,0.0,5.2,764,76,0.0995,3,7,2,0,4,44.1,6,0,0,3.68,1869,608.94,0,2,1,0
ORD000771,12326,1688,2024-02-02 02:00:00,1300.41,2,Fashion,19.1,Credit Card,Maharashtra,Urban,9,2,1,6,0.2222,16.4,742,33,0.0445,3,6,3,0,2,67.5,1,0,0,3.56,339,0.0,1,0,1,0
ORD000772,16360,1203,2024-02-02 03:00:00,1279.91,2,Fashion,20.0,Credit Card,Maharashtra,Semi-Urban,9,2,0,7,0.2222,11.3,755,40,0.053,1,4,3,0,4,366.1,6,0,0,3.54,522,0.0,0,0,1,0
ORD000773,12914,1582,2024-02-02 04:00:00,669.89,1,Home,15.1,UPI,Bihar,Semi-Urban,11,4,1,6,0.3636,10.0,701,58,0.0827,2,3,3,0,2,379.1,2,0,1,3.51,1515,0.0,0,0,1,0
ORD000774,14968,1386,2024-02-02 05:00:00,990.4,1,Home,4.0,Debit Card,Karnataka,Rural,10,0,1,9,0.0,91.6,768,137,0.1784,1,5,3,0,3,85.2,2,0,0,4.64,895,0.0,0,0,1,0
ORD000775,15917,1777,2024-02-02 06:00:00,445.73,4,Fashion,18.6,COD,Maharashtra,Urban,6,0,0,6,0.0,18.2,764,63,0.0825,3,6,4,0,2,148.4,2,0,0,4.54,1594,445.73,0,1,0,1
ORD000776,15392,1097,2024-02-02 07:00:00,890.67,1,Home,29.3,COD,Delhi,Semi-Urban,9,1,6,2,0.1111,18.6,739,145,0.1962,2,3,2,0,2,427.2,1,0,0,3.97,60,890.67,0,0,0,0
ORD000777,13952,1344,2024-02-02 08:00:00,1967.08,1,Home,12.5,COD,Maharashtra,Rural,7,0,0,7,0.0,42.1,727,132,0.1816,3,5,3,0,2,373.1,2,0,0,4.55,658,1967.08,2,0,0,0
ORD000778,16205,1207,2024-02-02 09:00:00,700.57,1,Home,44.7,UPI,Delhi,Urban,14,4,2,8,0.2857,17.9,765,200,0.2614,2,6,3,0,3,94.3,2,0,0,4.22,184,0.0,0,0,0,0
ORD000779,10595,1513,2024-02-02 10:00:00,3443.96,3,Home,11.4,COD,Karnataka,Semi-Urban,5,1,0,4,0.2,1.0,736,66,0.0897,0,4,2,0,2,57.0,2,0,0,4.75,158,3443.96,0,0,0,1
ORD000780,15999,1635,2024-02-02 11:00:00,463.29,3,Home,7.7,Credit Card,Bihar,Urban,10,0,0,10,0.0,37.7,754,71,0.0942,2,7,3,0,3,160.6,2,0,0,4.78,76,0.0,0,0,0,1
ORD000781,10728,1791,2024-02-02 12:00:00,938.14,1,Footwear,27.7,COD,Maharashtra,Semi-Urban,11,1,0,10,0.0909,32.6,751,41,0.0546,1,8,3,0,2,178.1,3,0,0,4.43,926,938.14,0,2,0,1
ORD000782,11365,1585,2024-02-02 13:00:00,739.62,3,Footwear,4.0,COD,Bihar,Semi-Urban,5,0,1,4,0.0,12.8,750,56,0.0747,2,6,2,0,3,161.3,2,0,0,4.18,1940,739.62,0,0,0,0
ORD000783,14492,1165,2024-02-02 14:00:00,984.26,1,Footwear,8.3,Credit Card,Karnataka,Rural,7,1,0,6,0.1429,1.6,766,105,0.1371,5,13,2,0,7,74.1,3,0,0,4.76,1317,0.0,0,0,0,0
ORD000784,10698,1021,2024-02-02 15:00:00,2497.1,1,Fashion,2.2,COD,West Bengal,Urban,9,2,1,6,0.2222,4.0,772,39,0.0505,2,9,2,0,3,67.4,3,0,0,4.3,1234,2497.1,0,0,0,1
ORD000785,17186,1153,2024-02-02 16:00:00,607.48,2,Beauty,18.8,Debit Card,Karnataka,Semi-Urban,5,0,1,4,0.0,62.8,768,14,0.0182,2,6,2,0,1,177.8,5,0,0,3.79,1414,0.0,0,0,0,0
ORD000786,16320,1438,2024-02-02 17:00:00,836.51,3,Fashion,16.5,UPI,Karnataka,Urban,12,1,0,11,0.0833,25.0,766,165,0.2154,1,6,6,0,4,51.4,5,0,0,3.76,1808,0.0,0,0,0,0
ORD000787,15731,1294,2024-02-02 18:00:00,1624.09,1,Footwear,17.0,COD,Karnataka,Urban,17,0,3,14,0.0,40.4,712,53,0.0744,0,5,3,0,4,109.2,4,0,0,4.02,617,1624.09,0,0,0,0
ORD000788,10395,1218,2024-02-02 19:00:00,1159.68,1,Fashion,5.4,Credit Card,West Bengal,Urban,9,1,0,8,0.1111,5.2,716,39,0.0545,4,8,2,0,2,144.2,2,0,0,4.03,682,0.0,0,0,0,0
ORD000789,16588,1668,2024-02-02 20:00:00,1218.17,2,Beauty,15.8,Credit Card,West Bengal,Urban,10,3,0,7,0.3,17.9,791,275,0.3477,2,6,3,1,1,258.5,5,0,0,3.66,309,0.0,0,0,0,0
ORD000790,17400,1494,2024-02-02 21:00:00,614.52,2,Home,8.4,COD,Karnataka,Urban,4,0,1,3,0.0,19.1,732,166,0.2268,1,8,2,0,4,139.3,3,0,0,3.85,966,614.52,0,0,0,0
ORD000791,14171,1229,2024-02-02 22:00:00,1050.53,3,Electronics,32.9,COD,West Bengal,Rural,7,1,1,5,0.1429,11.2,701,43,0.0613,3,11,2,0,2,77.1,4,0,0,3.72,167,1050.53,0,0,1,0
ORD000792,14360,1019,2024-02-02 23:00:00,2162.34,1,Footwear,9.6,COD,Delhi,Urban,8,0,0,8,0.0,15.6,720,82,0.1139,0,6,3,0,3,213.9,2,0,0,4.35,1620,2162.34,0,0,1,1
ORD000793,12502,1552,2024-02-03 00:00:00,417.5,4,Footwear,30.9,COD,Karnataka,Urban,6,0,0,6,0.0,20.5,741,37,0.0499,2,5,3,0,3,138.2,4,1,0,4.85,1776,417.5,0,0,1,0
ORD000794,11819,1147,2024-02-03 01:00:00,721.7,4,Beauty,40.8,UPI,Maharashtra,Rural,10,0,0,10,0.0,1.6,765,180,0.2353,4,7,1,1,2,91.4,4,1,0,3.88,744,0.0,1,0,1,1
ORD000795,10717,1107,2024-02-03 02:00:00,368.96,1,Home,28.3,COD,Delhi,Urban,10,0,0,10,0.0,23.0,752,110,0.1463,4,9,4,0,2,25.1,3,1,0,3.94,510,368.96,0,0,1,0
ORD000796,12782,1402,2024-02-03 03:00:00,1513.51,2,Home,24.1,COD,Karnataka,Semi-Urban,10,0,1,9,0.0,1.3,739,81,0.1096,3,9,7,0,3,167.7,4,1,0,3.23,1379,1513.51,0,0,1,0
ORD000797,17551,1595,2024-02-03 04:00:00,2287.65,1,Electronics,9.1,Credit Card,Maharashtra,Urban,8,0,0,8,0.0,52.1,698,35,0.0501,0,2,2,1,1,38.0,4,1,0,4.11,1272,0.0,1,1,1,0
ORD000798,17731,1482,2024-02-03 05:00:00,982.36,1,Home,15.0,Wallet,Maharashtra,Urban,6,1,0,5,0.1667,14.2,755,254,0.3364,1,9,4,0,5,188.0,7,1,0,3.66,1972,0.0,1,0,1,1
ORD000799,14946,1366,2024-02-03 06:00:00,599.86,2,Beauty,26.7,COD,Bihar,Urban,10,0,1,9,0.0,16.7,761,2,0.0026,0,3,3,1,4,380.8,5,1,0,3.71,585,599.86,0,0,0,0
ORD000800,13577,1413,2024-02-03 07:00:00,610.48,1,Home,8.3,COD,Bihar,Urban,8,1,0,7,0.125,8.3,747,114,0.1526,1,6,3,0,3,192.0,1,1,0,3.66,1892,610.48,0,0,0,0
ORD000801,15486,1308,2024-02-03 08:00:00,917.6,1,Beauty,3.1,COD,Maharashtra,Semi-Urban,10,0,0,10,0.0,90.2,738,64,0.0867,4,7,2,0,3,415.1,5,1,0,5.0,406,917.6,1,0,0,0
ORD000802,10143,1133,2024-02-03 09:00:00,915.51,3,Footwear,23.1,Credit Card,Karnataka,Semi-Urban,7,1,0,6,0.1429,9.8,706,58,0.0822,2,5,7,0,1,192.5,3,1,0,3.37,636,0.0,0,0,0,0
ORD000803,14980,1718,2024-02-03 10:00:00,1895.24,1,Footwear,17.8,UPI,Karnataka,Rural,5,2,0,3,0.4,13.0,761,126,0.1656,4,9,1,0,2,251.6,2,1,0,4.8,1652,0.0,0,1,0,1
ORD000804,13140,1282,2024-02-03 11:00:00,734.12,1,Footwear,9.6,COD,Karnataka,Urban,10,0,1,9,0.0,18.1,800,81,0.1013,0,10,3,0,3,147.6,3,1,0,4.25,223,734.12,1,1,0,0
ORD000805,17266,1777,2024-02-03 12:00:00,1423.75,3,Fashion,2.7,COD,Karnataka,Urban,9,3,0,6,0.3333,30.5,749,34,0.0454,1,7,3,0,2,45.3,6,1,0,4.64,114,1423.75,0,0,0,1
ORD000806,14491,1072,2024-02-03 13:00:00,912.98,1,Footwear,11.9,COD,Maharashtra,Semi-Urban,8,0,0,8,0.0,9.8,754,38,0.0504,1,4,2,0,4,197.5,4,1,0,4.08,1797,912.98,0,0,0,0
ORD000807,17192,1480,2024-02-03 14:00:00,701.45,1,Beauty,11.9,COD,West Bengal,Urban,10,3,1,6,0.3,85.7,778,130,0.1671,2,9,4,0,2,71.4,4,1,0,3.85,1950,701.45,0,0,0,0
ORD000808,17091,1351,2024-02-03 15:00:00,899.44,1,Electronics,15.8,COD,West Bengal,Semi-Urban,10,1,0,9,0.1,14.1,728,83,0.114,2,10,3,0,3,9.4,2,1,0,4.54,1958,899.44,0,0,0,0
ORD000809,12938,1559,2024-02-03 16:00:00,1342.01,1,Home,27.1,UPI,Karnataka,Urban,8,0,0,8,0.0,7.4,769,43,0.0559,2,3,4,0,4,130.0,1,1,0,3.59,673,0.0,1,0,0,0
ORD000810,15588,1325,2024-02-03 17:00:00,1898.77,2,Footwear,27.4,COD,Bihar,Rural,8,0,0,8,0.0,9.8,781,92,0.1178,2,7,2,0,3,36.7,3,1,0,4.51,1067,1898.77,0,0,0,1
ORD000811,17651,1744,2024-02-03 18:00:00,942.76,2,Fashion,9.5,Debit Card,Maharashtra,Urban,10,2,0,8,0.2,40.5,750,52,0.0693,2,7,3,0,1,318.6,4,1,0,4.14,1357,0.0,0,0,0,0
ORD000812,13636,1442,2024-02-03 19:00:00,532.53,1,Fashion,38.9,COD,West Bengal,Urban,5,1,0,4,0.2,17.1,744,48,0.0645,0,4,2,0,3,205.6,4,1,0,4.33,417,532.53,0,0,0,0
ORD000813,13222,1099,2024-02-03 20:00:00,1997.85,2,Beauty,9.6,COD,Maharashtra,Urban,7,0,0,7,0.0,14.3,759,91,0.1199,0,9,4,0,2,240.3,3,1,0,4.92,908,1997.85,0,0,0,0
ORD000814,11167,1058,2024-02-03 21:00:00,639.76,1,Electronics,11.2,UPI,Bihar,Urban,9,0,0,9,0.0,0.7,731,59,0.0807,2,9,4,0,2,49.2,4,1,0,4.51,1861,0.0,0,0,0,1
ORD000815,12616,1507,2024-02-03 22:00:00,1282.41,1,Footwear,3.8,COD,Maharashtra,Semi-Urban,18,1,2,15,0.0556,49.1,765,39,0.051,1,6,3,1,4,80.2,2,1,0,4.51,997,1282.41,0,0,1,0
ORD000816,11062,1257,2024-02-03 23:00:00,1080.41,2,Footwear,10.2,COD,Bihar,Rural,11,0,1,10,0.0,26.1,741,53,0.0715,2,10,3,0,4,305.4,3,1,0,4.29,1381,1080.41,1,0,1,1
ORD000817,12156,1412,2024-02-04 00:00:00,997.11,2,Fashion,14.7,COD,Bihar,Urban,7,0,0,7,0.0,70.8,753,42,0.0558,2,4,2,0,3,31.0,4,1,0,4.64,857,997.11,0,1,1,1
ORD000818,17860,1451,2024-02-04 01:00:00,818.78,1,Beauty,19.2,COD,Delhi,Urban,12,0,5,7,0.0,2.1,716,257,0.3589,5,13,4,0,3,138.7,4,1,0,4.43,475,818.78,1,0,1,0
ORD000819,15161,1064,2024-02-04 02:00:00,1590.95,1,Fashion,32.2,COD,Bihar,Urban,9,0,0,9,0.0,37.7,793,44,0.0555,5,10,3,0,3,132.4,5,1,0,3.71,701,1590.95,0,0,1,0
ORD000820,15305,1594,2024-02-04 03:00:00,150.0,1,Fashion,14.1,UPI,Delhi,Urban,8,1,0,7,0.125,31.1,748,127,0.1698,0,4,3,0,3,137.3,3,1,0,4.09,1640,0.0,0,0,1,0
ORD000821,12982,1153,2024-02-04 04:00:00,2168.7,1,Electronics,22.5,Credit Card,Bihar,Urban,15,3,1,11,0.2,18.9,741,57,0.0769,2,6,3,0,3,61.0,3,1,0,3.71,1302,0.0,0,0,1,0
ORD000822,16541,1265,2024-02-04 05:00:00,634.28,1,Beauty,19.2,UPI,Bihar,Semi-Urban,6,0,1,5,0.0,5.0,737,31,0.0421,2,4,3,0,3,278.1,3,1,0,4.22,1274,0.0,0,0,1,0
ORD000823,13294,1078,2024-02-04 06:00:00,1400.77,2,Electronics,12.5,UPI,Maharashtra,Semi-Urban,9,0,0,9,0.0,1.4,748,47,0.0628,2,8,2,0,4,105.9,4,1,0,4.25,149,0.0,0,0,0,0
ORD000824,14729,1314,2024-02-04 07:00:00,1356.98,1,Beauty,33.7,Credit Card,Delhi,Semi-Urban,11,2,0,9,0.1818,12.3,736,210,0.2853,2,7,4,0,5,117.2,3,1,0,4.11,580,0.0,1,0,0,0
ORD000825,11156,1661,2024-02-04 08:00:00,2356.63,2,Footwear,20.8,Credit Card,West Bengal,Semi-Urban,9,0,1,8,0.0,38.3,771,218,0.2827,1,6,4,0,4,73.5,5,1,0,4.38,1069,0.0,1,0,0,0
ORD000826,17330,1559,2024-02-04 09:00:00,1234.78,1,Home,17.1,COD,West Bengal,Semi-Urban,11,0,0,11,0.0,11.2,783,148,0.189,3,7,4,0,3,186.5,2,1,0,3.98,1879,1234.78,0,0,0,0
ORD000827,15334,1247,2024-02-04 10:00:00,666.83,1,Home,18.6,UPI,Maharashtra,Urban,15,2,1,12,0.1333,41.7,778,78,0.1003,1,5,3,0,3,22.8,4,1,0,4.21,143,0.0,0,1,0,1
ORD000828,10732,1789,2024-02-04 11:00:00,418.7,1,Beauty,6.2,COD,West Bengal,Urban,6,1,0,5,0.1667,64.9,740,46,0.0622,3,11,1,1,1,59.3,5,1,0,4.17,530,418.7,0,0,0,0
ORD000829,14330,1609,2024-02-04 12:00:00,889.55,1,Home,5.5,UPI,West Bengal,Urban,7,1,0,6,0.1429,11.9,700,124,0.1771,1,5,1,0,7,83.6,6,1,0,4.02,1546,0.0,0,0,0,0
ORD000830,16801,1413,2024-02-04 13:00:00,338.69,3,Fashion,22.2,COD,Bihar,Urban,11,1,0,10,0.0909,14.4,748,42,0.0561,0,6,7,0,2,38.0,2,1,0,3.88,268,338.69,0,1,0,0
ORD000831,14846,1024,2024-02-04 14:00:00,752.13,1,Footwear,7.2,COD,Karnataka,Urban,9,2,1,6,0.2222,7.0,766,215,0.2807,1,12,4,0,4,151.2,3,1,0,4.24,582,752.13,1,1,0,1
ORD000832,16731,1283,2024-02-04 15:00:00,920.04,1,Footwear,19.6,COD,Karnataka,Urban,8,1,1,6,0.125,11.2,725,177,0.2441,1,9,2,0,3,314.2,5,1,0,3.7,381,920.04,1,0,0,0
ORD000833,17176,1448,2024-02-04 16:00:00,724.91,2,Home,14.9,UPI,West Bengal,Urban,11,1,0,10,0.0909,13.7,773,11,0.0142,0,9,4,0,3,174.4,5,1,0,3.45,1766,0.0,2,0,0,1
ORD000834,17241,1300,2024-02-04 17:00:00,1124.47,2,Beauty,13.4,UPI,Maharashtra,Semi-Urban,11,1,3,7,0.0909,61.7,720,113,0.1569,5,11,4,0,3,305.9,6,1,0,3.27,479,0.0,0,0,0,0
ORD000835,10953,1067,2024-02-04 18:00:00,951.78,1,Fashion,14.9,UPI,Maharashtra,Semi-Urban,10,4,0,6,0.4,6.6,722,148,0.205,1,5,2,0,5,119.4,4,1,0,3.74,1881,0.0,0,0,0,1
ORD000836,12539,1006,2024-02-04 19:00:00,900.89,1,Beauty,4.3,COD,Delhi,Urban,7,0,0,7,0.0,37.5,755,62,0.0821,3,10,2,0,4,71.3,4,1,0,4.52,1704,900.89,1,0,0,0
ORD000837,17056,1136,2024-02-04 20:00:00,256.09,2,Home,31.5,Debit Card,Maharashtra,Semi-Urban,3,0,1,2,0.0,11.4,760,18,0.0237,1,4,5,0,2,40.4,4,1,0,3.79,1305,0.0,0,1,0,0
ORD000838,13324,1163,2024-02-04 21:00:00,504.3,4,Footwear,24.6,COD,Maharashtra,Semi-Urban,7,3,0,4,0.4286,0.0,779,99,0.1271,3,8,3,0,3,324.0,5,1,0,4.82,1092,504.3,1,0,0,1
ORD000839,13301,1082,2024-02-04 22:00:00,1612.59,3,Footwear,11.3,Debit Card,Bihar,Urban,11,1,2,8,0.0909,31.8,742,92,0.124,2,6,1,0,2,219.0,3,1,0,3.81,1556,0.0,0,0,1,0
ORD000840,11542,1649,2024-02-04 23:00:00,1776.77,1,Beauty,8.0,Credit Card,Bihar,Rural,7,0,0,7,0.0,10.7,750,85,0.1133,3,12,7,0,1,145.8,2,1,0,3.5,1679,0.0,1,0,1,0
ORD000841,15293,1419,2024-02-05 00:00:00,363.85,4,Electronics,11.3,COD,West Bengal,Urban,9,0,1,8,0.0,10.2,723,63,0.0871,3,9,2,0,6,97.6,4,0,0,3.46,1952,363.85,0,0,1,1
ORD000842,15772,1072,2024-02-05 01:00:00,672.61,1,Beauty,41.2,COD,Maharashtra,Semi-Urban,7,0,0,7,0.0,84.8,779,62,0.0796,1,7,3,0,5,25.8,7,0,0,4.46,1750,672.61,2,0,1,1
ORD000843,11191,1236,2024-02-05 02:00:00,2086.37,1,Electronics,6.9,COD,Karnataka,Rural,8,1,2,5,0.125,3.7,735,155,0.2109,1,4,2,0,5,319.2,3,0,1,4.21,1552,2086.37,1,0,1,0
ORD000844,16313,1045,2024-02-05 03:00:00,712.78,2,Beauty,41.9,Debit Card,Maharashtra,Semi-Urban,10,1,1,8,0.1,12.0,776,51,0.0657,0,4,4,0,6,306.0,4,0,0,4.47,390,0.0,0,0,1,0
ORD000845,15512,1617,2024-02-05 04:00:00,1025.67,1,Electronics,11.2,Wallet,Maharashtra,Semi-Urban,10,3,0,7,0.3,60.5,787,62,0.0788,3,7,3,0,2,15.4,2,0,0,3.41,1299,0.0,0,0,1,0
ORD000846,12993,1799,2024-02-05 05:00:00,2604.73,1,Electronics,11.6,COD,West Bengal,Rural,12,0,1,11,0.0,49.9,741,45,0.0607,5,8,8,0,2,154.3,5,0,0,3.61,650,2604.73,0,0,1,0
ORD000847,16938,1261,2024-02-05 06:00:00,882.76,1,Electronics,14.7,COD,Karnataka,Urban,11,3,0,8,0.2727,35.8,762,62,0.0814,4,6,3,0,2,41.8,3,0,0,4.64,169,882.76,1,0,0,1
ORD000848,12681,1175,2024-02-05 07:00:00,810.11,1,Electronics,5.2,COD,West Bengal,Urban,7,2,1,4,0.2857,3.1,732,110,0.1503,1,9,5,0,3,52.3,1,0,0,4.49,679,810.11,0,1,0,1
ORD000849,11217,1165,2024-02-05 08:00:00,998.02,2,Fashion,32.1,COD,Maharashtra,Semi-Urban,9,3,0,6,0.3333,20.7,717,46,0.0642,4,6,3,0,7,117.0,3,0,0,3.82,1155,998.02,0,0,0,0
ORD000850,11540,1656,2024-02-05 09:00:00,3334.39,2,Electronics,12.3,Wallet,Karnataka,Rural,8,2,0,6,0.25,34.5,759,85,0.112,1,5,3,0,4,94.4,3,0,0,3.94,15,0.0,0,0,0,0
ORD000851,16172,1369,2024-02-05 10:00:00,1433.28,1,Electronics,15.6,Wallet,Maharashtra,Semi-Urban,6,0,0,6,0.0,18.9,770,27,0.0351,1,7,1,0,4,362.6,4,0,0,4.53,1310,0.0,0,1,0,0
ORD000852,13236,1794,2024-02-05 11:00:00,1109.26,1,Footwear,11.3,COD,West Bengal,Rural,9,0,1,8,0.0,6.7,774,169,0.2183,3,5,4,0,5,93.1,4,0,0,4.32,276,1109.26,0,0,0,0
ORD000853,15541,1053,2024-02-05 12:00:00,800.62,3,Fashion,28.8,COD,West Bengal,Urban,9,0,2,7,0.0,36.8,757,92,0.1215,1,6,2,0,4,99.1,6,0,0,3.98,600,800.62,1,0,0,0
ORD000854,12386,1689,2024-02-05 13:00:00,1515.18,2,Electronics,10.3,UPI,Bihar,Semi-Urban,11,0,2,9,0.0,21.4,730,96,0.1315,1,6,4,0,2,80.9,3,0,0,4.0,1804,0.0,0,0,0,0
ORD000855,13719,1418,2024-02-05 14:00:00,1629.16,1,Home,11.1,COD,Karnataka,Rural,12,0,2,10,0.0,8.6,764,153,0.2003,2,6,6,0,1,128.0,2,0,0,4.04,1399,1629.16,0,0,0,0
ORD000856,15615,1755,2024-02-05 15:00:00,575.99,4,Fashion,3.8,Debit Card,Bihar,Urban,9,3,0,6,0.3333,52.8,714,23,0.0322,0,5,2,0,5,124.9,4,0,0,3.96,1750,0.0,0,0,0,0
ORD000857,11388,1506,2024-02-05 16:00:00,1655.7,2,Footwear,20.5,Credit Card,Karnataka,Rural,6,0,0,6,0.0,1.2,760,64,0.0842,2,7,4,0,2,78.6,2,0,0,4.89,257,0.0,1,0,0,0
ORD000858,11856,1340,2024-02-05 17:00:00,1001.55,1,Beauty,23.8,COD,Delhi,Urban,13,0,1,12,0.0,21.8,791,101,0.1277,0,6,4,0,3,185.7,7,0,1,3.72,1954,1001.55,0,1,0,0
ORD000859,11365,1126,2024-02-05 18:00:00,1113.07,1,Footwear,16.3,COD,Karnataka,Rural,9,0,2,7,0.0,21.1,715,31,0.0434,3,11,3,0,5,227.2,2,0,0,4.23,1085,1113.07,0,0,0,1
ORD000860,10499,1408,2024-02-05 19:00:00,645.11,1,Footwear,24.1,Wallet,Maharashtra,Rural,6,1,0,5,0.1667,17.5,756,87,0.1151,1,6,6,0,3,413.4,3,0,0,3.93,1065,0.0,0,0,0,1
ORD000861,11680,1366,2024-02-05 20:00:00,862.65,2,Fashion,6.8,UPI,Karnataka,Urban,8,2,0,6,0.25,100.7,796,41,0.0515,1,7,3,0,2,130.4,4,0,1,4.6,511,0.0,0,0,0,0
ORD000862,10510,1270,2024-02-05 21:00:00,591.06,1,Fashion,11.0,COD,Bihar,Urban,13,0,0,13,0.0,10.4,716,108,0.1508,2,7,2,0,2,173.1,5,0,0,3.9,816,591.06,0,0,0,0
ORD000863,17494,1643,2024-02-05 22:00:00,574.25,1,Home,15.5,COD,West Bengal,Urban,8,0,0,8,0.0,11.8,741,26,0.0351,1,10,2,0,4,111.3,5,0,0,3.99,1509,574.25,0,0,1,0
ORD000864,14312,1604,2024-02-05 23:00:00,1375.06,1,Home,7.2,COD,West Bengal,Urban,9,0,2,7,0.0,19.0,791,34,0.043,2,7,2,1,6,365.9,3,0,0,3.75,771,1375.06,0,0,1,0
ORD000865,11324,1378,2024-02-06 00:00:00,886.19,3,Fashion,22.1,COD,Karnataka,Urban,11,3,2,6,0.2727,45.9,745,27,0.0362,2,9,1,0,5,132.3,2,0,0,3.84,968,886.19,1,0,1,1
ORD000866,11155,1072,2024-02-06 01:00:00,502.81,1,Fashion,14.1,COD,Delhi,Urban,13,2,0,11,0.1538,16.8,746,35,0.0469,3,7,3,0,2,513.9,5,0,0,4.3,652,502.81,0,0,1,0
ORD000867,11827,1247,2024-02-06 02:00:00,4049.03,3,Fashion,13.9,UPI,West Bengal,Urban,7,0,0,7,0.0,33.3,707,15,0.0212,1,6,4,0,2,164.1,7,0,0,4.2,681,0.0,0,0,1,0
ORD000868,13141,1784,2024-02-06 03:00:00,558.47,3,Beauty,19.5,UPI,West Bengal,Urban,10,2,2,6,0.2,50.5,727,75,0.1032,2,7,4,0,2,102.2,3,0,0,4.56,795,0.0,0,0,1,0
ORD000869,17419,1042,2024-02-06 04:00:00,2111.73,1,Footwear,6.6,Credit Card,West Bengal,Rural,13,2,0,11,0.1538,11.4,711,112,0.1575,1,4,3,0,4,160.6,6,0,0,3.76,1944,0.0,0,0,1,1
ORD000870,13486,1376,2024-02-06 05:00:00,452.2,1,Home,9.8,COD,Delhi,Urban,5,2,0,3,0.4,69.3,740,49,0.0662,1,10,1,0,2,84.5,4,0,0,4.65,1531,452.2,0,0,1,1
ORD000871,11810,1040,2024-02-06 06:00:00,1442.17,1,Home,14.6,COD,Bihar,Semi-Urban,10,0,1,9,0.0,26.0,721,34,0.0472,2,7,3,0,2,98.5,2,0,0,4.35,239,1442.17,0,0,0,1
ORD000872,16588,1169,2024-02-06 07:00:00,943.56,3,Electronics,4.5,UPI,Karnataka,Urban,10,4,1,5,0.4,107.1,724,42,0.058,2,7,2,0,3,17.0,2,0,0,4.0,1781,0.0,0,1,0,0
ORD000873,12923,1211,2024-02-06 08:00:00,751.87,1,Beauty,8.5,COD,Delhi,Semi-Urban,6,0,1,5,0.0,0.2,744,223,0.2997,0,5,1,0,1,204.5,5,0,0,4.08,971,751.87,0,0,0,1
ORD000874,15301,1492,2024-02-06 09:00:00,1234.04,1,Fashion,12.3,Credit Card,Karnataka,Rural,12,1,0,11,0.0833,16.0,714,132,0.1849,1,11,1,0,2,334.6,5,0,0,2.86,1470,0.0,0,0,0,0
ORD000875,12214,1679,2024-02-06 10:00:00,1138.37,1,Fashion,33.6,UPI,Maharashtra,Urban,5,0,0,5,0.0,0.6,760,53,0.0697,2,11,2,0,2,48.4,3,0,0,3.96,233,0.0,0,0,0,1
ORD000876,14186,1038,2024-02-06 11:00:00,673.52,1,Beauty,30.4,COD,Karnataka,Urban,7,0,2,5,0.0,12.3,753,50,0.0664,0,2,6,0,5,146.6,4,0,0,4.54,1254,673.52,0,0,0,0
ORD000877,10713,1368,2024-02-06 12:00:00,655.47,3,Home,9.6,COD,West Bengal,Semi-Urban,9,0,0,9,0.0,37.6,729,28,0.0384,0,4,3,0,4,195.5,2,0,0,4.31,1363,655.47,1,0,0,0
ORD000878,15977,1756,2024-02-06 13:00:00,426.52,2,Fashion,36.6,Credit Card,Delhi,Urban,13,4,0,9,0.3077,20.7,707,49,0.0693,3,11,2,0,5,170.3,6,0,0,3.99,1832,0.0,0,0,0,0
ORD000879,13602,1150,2024-02-06 14:00:00,1317.3,3,Electronics,17.1,COD,Delhi,Urban,5,1,0,4,0.2,19.4,758,275,0.3628,0,3,5,0,1,84.7,2,0,0,4.2,429,1317.3,0,0,0,1
ORD000880,14134,1110,2024-02-06 15:00:00,516.83,1,Home,14.5,Debit Card,Bihar,Urban,7,0,0,7,0.0,6.2,757,207,0.2734,3,8,3,0,2,317.7,3,0,0,4.14,420,0.0,0,1,0,0
ORD000881,17293,1479,2024-02-06 16:00:00,1099.25,1,Footwear,5.8,UPI,Maharashtra,Urban,3,0,0,3,0.0,41.3,755,13,0.0172,2,3,3,0,3,83.3,5,0,0,4.16,21,0.0,0,0,0,0
ORD000882,13522,1435,2024-02-06 17:00:00,1564.76,4,Beauty,12.0,Debit Card,Bihar,Semi-Urban,11,2,2,7,0.1818,40.2,728,22,0.0302,2,5,2,0,1,174.6,3,0,0,4.37,567,0.0,0,0,0,0
ORD000883,14268,1046,2024-02-06 18:00:00,1242.44,1,Home,7.9,Debit Card,Bihar,Rural,12,0,1,11,0.0,4.8,741,140,0.1889,1,7,4,0,5,131.9,2,0,0,4.36,977,0.0,1,0,0,0
ORD000884,14748,1574,2024-02-06 19:00:00,710.61,3,Footwear,12.6,COD,Maharashtra,Semi-Urban,8,0,0,8,0.0,1.1,785,119,0.1516,3,9,2,0,3,64.8,4,0,0,3.96,1188,710.61,1,0,0,1
ORD000885,14849,1736,2024-02-06 20:00:00,1891.81,1,Electronics,19.4,UPI,West Bengal,Urban,8,0,1,7,0.0,71.5,733,130,0.1774,2,4,1,1,5,157.8,1,0,0,4.03,107,0.0,0,1,0,0
ORD000886,11243,1365,2024-02-06 21:00:00,858.53,1,Beauty,12.8,COD,Delhi,Urban,9,1,1,7,0.1111,33.3,726,193,0.2658,3,9,5,0,3,244.8,2,0,0,4.04,899,858.53,0,1,0,0
ORD000887,13709,1068,2024-02-06 22:00:00,492.5,2,Fashion,24.7,UPI,Karnataka,Rural,9,0,0,9,0.0,8.7,749,69,0.0921,4,13,4,0,5,161.6,4,0,0,4.34,604,0.0,0,0,1,0
ORD000888,11081,1298,2024-02-06 23:00:00,924.97,4,Fashion,4.8,COD,Maharashtra,Rural,10,3,0,7,0.3,4.5,745,60,0.0805,3,6,2,0,2,310.9,5,0,0,3.8,1717,924.97,0,0,1,1
ORD000889,15779,1295,2024-02-07 00:00:00,1559.43,4,Footwear,16.0,Debit Card,Bihar,Urban,11,0,2,9,0.0,21.6,763,43,0.0564,3,9,1,0,1,95.3,2,0,0,4.01,542,0.0,0,0,1,0
ORD000890,16619,1202,2024-02-07 01:00:00,731.69,1,Home,12.3,Debit Card,Karnataka,Rural,8,1,0,7,0.125,53.7,770,70,0.0909,2,7,3,0,2,380.8,5,0,0,4.19,429,0.0,1,0,1,0
ORD000891,10455,1060,2024-02-07 02:00:00,1857.36,1,Electronics,34.5,UPI,Maharashtra,Rural,7,2,0,5,0.2857,5.2,756,96,0.127,3,6,3,0,3,55.0,3,0,0,4.02,536,0.0,0,0,1,0
ORD000892,14924,1313,2024-02-07 03:00:00,690.77,1,Footwear,3.7,COD,Maharashtra,Urban,14,1,2,11,0.0714,2.7,725,13,0.0179,0,6,1,0,2,123.0,1,0,0,4.07,1464,690.77,0,0,1,1
ORD000893,10894,1160,2024-02-07 04:00:00,749.55,2,Electronics,21.9,Credit Card,West Bengal,Semi-Urban,11,0,0,11,0.0,1.1,730,134,0.1836,6,10,4,0,7,185.8,4,0,0,4.35,1970,0.0,0,0,1,0
ORD000894,11384,1330,2024-02-07 05:00:00,585.43,2,Electronics,6.0,UPI,West Bengal,Semi-Urban,9,0,2,7,0.0,10.9,801,83,0.1036,1,3,4,0,3,70.4,4,0,0,4.82,1947,0.0,0,0,1,0
ORD000895,11958,1527,2024-02-07 06:00:00,1652.8,1,Electronics,7.5,UPI,Delhi,Urban,10,1,1,8,0.1,13.0,778,195,0.2506,1,8,2,0,1,246.2,3,0,0,3.72,1897,0.0,0,0,0,1
ORD000896,13072,1337,2024-02-07 07:00:00,1062.15,4,Beauty,15.6,COD,Delhi,Urban,10,0,2,8,0.0,80.4,766,31,0.0405,5,11,2,0,1,179.5,4,0,0,3.85,1508,1062.15,0,1,0,0
ORD000897,16530,1605,2024-02-07 08:00:00,609.2,2,Footwear,16.4,COD,Karnataka,Urban,8,0,1,7,0.0,8.5,735,106,0.1442,1,3,3,0,3,330.5,5,0,0,3.42,1093,609.2,0,0,0,1
ORD000898,11996,1303,2024-02-07 09:00:00,864.61,2,Beauty,12.2,UPI,Delhi,Rural,10,0,0,10,0.0,33.6,767,20,0.0261,2,14,6,0,3,230.2,3,0,0,4.17,1535,0.0,1,1,0,0
ORD000899,16491,1502,2024-02-07 10:00:00,173.7,1,Home,37.6,COD,Maharashtra,Semi-Urban,11,3,0,8,0.2727,42.2,720,79,0.1097,4,9,5,0,4,140.6,1,0,0,4.8,644,173.7,0,0,0,0
ORD000900,14285,1649,2024-02-07 11:00:00,1748.97,1,Home,5.2,UPI,Maharashtra,Urban,12,1,1,10,0.0833,13.9,735,93,0.1265,1,6,3,0,3,78.7,4,0,0,3.43,196,0.0,0,0,0,0
ORD000901,10504,1337,2024-02-07 12:00:00,989.85,4,Fashion,10.5,COD,Maharashtra,Urban,8,0,0,8,0.0,5.4,722,198,0.2742,1,3,3,0,4,123.5,4,0,0,4.43,1003,989.85,0,0,0,1
ORD000902,11214,1549,2024-02-07 13:00:00,258.85,1,Fashion,14.7,Debit Card,Maharashtra,Urban,5,0,0,5,0.0,17.9,751,121,0.1611,6,9,2,0,3,37.6,3,0,1,3.9,275,0.0,1,0,0,0
ORD000903,11531,1638,2024-02-07 14:00:00,457.6,3,Fashion,18.1,Debit Card,West Bengal,Urban,7,0,0,7,0.0,19.3,743,69,0.0929,1,9,1,0,2,145.6,5,0,0,3.56,774,0.0,0,0,0,0
ORD000904,13440,1274,2024-02-07 15:00:00,851.54,4,Home,11.9,COD,Maharashtra,Semi-Urban,10,2,0,8,0.2,33.6,764,37,0.0484,6,14,3,0,5,184.1,7,0,0,4.49,1582,851.54,0,0,0,1
ORD000905,17576,1163,2024-02-07 16:00:00,498.45,2,Electronics,3.0,COD,Maharashtra,Urban,8,3,0,5,0.375,5.9,735,41,0.0558,1,7,1,0,4,423.6,2,0,0,4.33,111,498.45,0,0,0,0
ORD000906,10823,1442,2024-02-07 17:00:00,1765.18,1,Electronics,26.6,UPI,Maharashtra,Urban,11,2,5,4,0.1818,34.7,749,60,0.0801,0,4,4,0,4,241.2,4,0,0,4.49,1009,0.0,1,0,0,0
ORD000907,10928,1318,2024-02-07 18:00:00,1409.72,1,Footwear,10.4,COD,Bihar,Urban,13,0,3,10,0.0,8.7,750,205,0.2733,0,4,3,0,4,135.3,2,0,0,3.89,917,1409.72,2,0,0,1
ORD000908,15029,1588,2024-02-07 19:00:00,1360.66,1,Home,3.9,COD,Karnataka,Semi-Urban,9,0,1,8,0.0,2.4,739,27,0.0365,3,11,4,0,1,69.0,5,0,0,3.3,1647,1360.66,0,1,0,0
ORD000909,15236,1503,2024-02-07 20:00:00,229.84,1,Fashion,20.0,UPI,Karnataka,Semi-Urban,10,1,0,9,0.1,9.8,794,39,0.0491,0,6,2,0,4,127.3,2,0,0,3.64,1252,0.0,0,0,0,0
ORD000910,10133,1685,2024-02-07 21:00:00,800.09,1,Home,20.0,Wallet,Maharashtra,Urban,9,0,0,9,0.0,3.7,762,86,0.1129,2,6,5,0,3,4.2,4,0,0,4.08,1593,0.0,0,0,0,1
ORD000911,12105,1386,2024-02-07 22:00:00,721.57,1,Electronics,13.2,COD,Maharashtra,Semi-Urban,13,0,1,12,0.0,87.5,776,28,0.0361,1,3,3,0,5,50.7,3,0,0,3.85,470,721.57,2,0,1,1
ORD000912,13627,1602,2024-02-07 23:00:00,618.67,1,Electronics,2.9,COD,Karnataka,Semi-Urban,17,0,0,17,0.0,35.5,757,147,0.1942,2,9,1,0,3,53.8,6,0,0,4.28,1047,618.67,1,1,1,0
ORD000913,14780,1749,2024-02-08 00:00:00,854.82,1,Beauty,4.6,UPI,Delhi,Urban,4,0,1,3,0.0,11.1,746,73,0.0979,1,6,1,1,7,109.7,3,0,0,4.83,836,0.0,0,0,1,0
ORD000914,16815,1775,2024-02-08 01:00:00,557.94,1,Beauty,8.1,Credit Card,Bihar,Rural,18,1,0,17,0.0556,13.8,743,173,0.2328,0,5,3,0,4,128.8,3,0,0,3.61,1429,0.0,0,1,1,0
ORD000915,16316,1690,2024-02-08 02:00:00,1247.79,1,Footwear,13.6,COD,Bihar,Urban,4,0,0,4,0.0,11.2,727,44,0.0605,1,2,1,0,1,323.2,2,0,0,4.24,415,1247.79,0,0,1,0
ORD000916,11852,1493,2024-02-08 03:00:00,1737.03,1,Home,22.3,UPI,Delhi,Rural,4,0,0,4,0.0,8.3,752,197,0.262,1,6,3,0,2,213.9,7,0,0,4.2,228,0.0,0,0,1,1
ORD000917,14910,1489,2024-02-08 04:00:00,1649.5,2,Beauty,15.8,COD,Maharashtra,Urban,13,0,1,12,0.0,113.5,706,31,0.0439,2,8,4,0,4,44.6,3,0,0,3.24,1954,1649.5,0,1,1,0
ORD000918,15268,1720,2024-02-08 05:00:00,1009.54,1,Beauty,10.5,Credit Card,Karnataka,Urban,8,1,1,6,0.125,3.8,718,132,0.1838,2,7,5,0,2,215.3,5,0,0,3.92,685,0.0,0,0,1,0
ORD000919,14175,1072,2024-02-08 06:00:00,3639.29,1,Home,6.6,UPI,Bihar,Urban,10,2,1,7,0.2,4.8,752,72,0.0957,5,8,2,0,4,86.8,3,0,0,4.23,1914,0.0,0,1,0,0
ORD000920,12933,1508,2024-02-08 07:00:00,2173.26,2,Electronics,21.4,COD,Delhi,Urban,7,1,1,5,0.1429,5.2,755,181,0.2397,0,4,4,0,6,256.5,5,0,0,3.74,604,2173.26,0,0,0,0
ORD000921,13284,1389,2024-02-08 08:00:00,1031.81,2,Footwear,6.5,Credit Card,Delhi,Rural,8,1,1,6,0.125,37.9,756,31,0.041,4,7,3,0,4,84.3,7,0,0,3.57,680,0.0,0,1,0,0
ORD000922,14298,1618,2024-02-08 09:00:00,821.09,1,Footwear,6.6,UPI,West Bengal,Urban,9,0,0,9,0.0,20.4,748,68,0.0909,1,5,1,0,4,31.4,3,0,0,3.69,1037,0.0,2,0,0,0
ORD000923,12811,1294,2024-02-08 10:00:00,2447.49,2,Footwear,7.2,UPI,Delhi,Semi-Urban,13,1,0,12,0.0769,3.2,738,34,0.0461,1,5,2,1,1,75.5,4,0,0,4.08,296,0.0,0,1,0,0
ORD000924,15348,1368,2024-02-08 11:00:00,2007.31,4,Beauty,40.2,COD,West Bengal,Semi-Urban,10,1,1,8,0.1,8.6,736,151,0.2052,5,11,2,1,2,127.6,2,0,0,4.25,654,2007.31,0,1,0,0
ORD000925,15795,1795,2024-02-08 12:00:00,470.48,2,Electronics,10.9,UPI,West Bengal,Urban,10,1,0,9,0.1,17.5,725,94,0.1297,5,12,3,0,1,185.4,4,0,0,4.3,1645,0.0,0,0,0,0
ORD000926,11250,1693,2024-02-08 13:00:00,2103.78,1,Footwear,19.1,COD,Bihar,Rural,10,1,1,8,0.1,46.5,736,57,0.0774,3,6,6,0,1,180.3,6,0,0,4.36,1199,2103.78,0,0,0,0
ORD000927,15778,1548,2024-02-08 14:00:00,999.62,2,Home,6.3,Credit Card,Maharashtra,Urban,7,3,0,4,0.4286,5.0,752,75,0.0997,3,6,4,0,3,190.3,4,0,0,4.15,1698,0.0,1,1,0,0
ORD000928,15651,1648,2024-02-08 15:00:00,654.23,1,Footwear,13.3,UPI,Maharashtra,Rural,6,1,0,5,0.1667,2.0,746,240,0.3217,2,8,4,0,2,281.7,5,0,0,3.53,693,0.0,1,0,0,0
ORD000929,13512,1567,2024-02-08 16:00:00,334.45,1,Fashion,16.0,Credit Card,Delhi,Semi-Urban,9,2,1,6,0.2222,61.1,743,95,0.1279,3,8,2,0,3,310.0,1,0,0,3.93,588,0.0,0,0,0,0
ORD000930,17569,1186,2024-02-08 17:00:00,933.23,4,Electronics,4.1,COD,Karnataka,Semi-Urban,8,1,0,7,0.125,15.8,747,61,0.0817,3,8,4,0,2,216.8,4,0,0,3.94,58,933.23,0,1,0,1
ORD000931,16190,1769,2024-02-08 18:00:00,1088.62,1,Fashion,6.0,COD,Karnataka,Urban,11,0,1,10,0.0,132.0,743,57,0.0767,0,5,4,1,4,261.7,7,0,0,4.38,36,1088.62,0,0,0,0
ORD000932,11256,1444,2024-02-08 19:00:00,2842.38,3,Electronics,6.3,UPI,West Bengal,Semi-Urban,9,4,2,3,0.4444,3.0,703,82,0.1166,1,3,3,0,2,79.4,2,0,0,4.17,760,0.0,0,0,0,0
ORD000933,13376,1569,2024-02-08 20:00:00,1947.57,1,Home,17.4,COD,Delhi,Urban,7,2,0,5,0.2857,8.7,755,97,0.1285,0,3,5,0,1,154.0,4,0,0,3.84,1040,1947.57,0,0,0,0
ORD000934,15645,1362,2024-02-08 21:00:00,772.99,4,Beauty,28.4,COD,Delhi,Semi-Urban,7,0,0,7,0.0,4.8,708,226,0.3192,5,14,7,0,2,325.2,4,0,0,4.15,1829,772.99,0,1,0,0
ORD000935,15262,1122,2024-02-08 22:00:00,1385.21,1,Beauty,11.9,Debit Card,Maharashtra,Urban,9,0,3,6,0.0,46.2,721,58,0.0804,3,9,2,0,2,93.9,3,0,0,4.38,253,0.0,1,1,1,0
ORD000936,13486,1187,2024-02-08 23:00:00,1800.37,1,Electronics,6.7,COD,Karnataka,Urban,11,2,1,8,0.1818,2.8,792,65,0.0821,1,6,2,0,3,24.6,3,0,0,4.34,540,1800.37,1,0,1,0
ORD000937,13584,1741,2024-02-09 00:00:00,1154.68,1,Footwear,15.4,COD,Bihar,Urban,11,0,0,11,0.0,36.1,731,159,0.2175,1,4,2,0,4,28.0,4,0,0,3.83,91,1154.68,0,0,1,0
ORD000938,11396,1679,2024-02-09 01:00:00,771.01,1,Fashion,18.8,Debit Card,Delhi,Rural,9,1,0,8,0.1111,16.6,830,65,0.0783,1,4,6,0,4,396.1,4,0,0,3.72,1521,0.0,1,0,1,0
ORD000939,13637,1419,2024-02-09 02:00:00,796.87,1,Home,15.9,COD,Delhi,Semi-Urban,8,1,0,7,0.125,49.3,800,46,0.0575,1,2,2,0,2,73.9,5,0,0,3.83,812,796.87,0,0,1,1
ORD000940,13330,1625,2024-02-09 03:00:00,1382.0,2,Footwear,14.1,COD,Maharashtra,Semi-Urban,17,2,0,15,0.1176,2.6,738,44,0.0596,2,7,3,0,4,55.2,3,0,0,4.42,1140,1382.0,2,1,1,0
ORD000941,12703,1251,2024-02-09 04:00:00,1404.99,1,Beauty,12.7,Credit Card,Bihar,Rural,9,3,0,6,0.3333,3.9,765,39,0.051,1,6,4,0,2,125.5,3,0,0,3.56,22,0.0,1,0,1,0
ORD000942,10470,1618,2024-02-09 05:00:00,919.87,2,Footwear,16.5,Debit Card,Bihar,Semi-Urban,10,1,1,8,0.1,48.2,771,78,0.1012,4,8,4,0,3,164.4,1,0,0,4.29,576,0.0,1,1,1,0
ORD000943,17114,1548,2024-02-09 06:00:00,227.81,1,Fashion,40.5,UPI,Bihar,Urban,13,2,2,9,0.1538,18.0,705,169,0.2397,5,8,6,0,2,158.7,5,0,0,3.88,1144,0.0,0,0,0,0
ORD000944,15131,1334,2024-02-09 07:00:00,505.57,1,Beauty,17.8,Debit Card,Bihar,Semi-Urban,10,2,1,7,0.2,9.3,765,86,0.1124,4,8,6,0,3,224.4,4,0,0,4.11,254,0.0,1,0,0,0
ORD000945,11353,1091,2024-02-09 08:00:00,1590.52,4,Electronics,33.2,COD,Karnataka,Rural,8,0,1,7,0.0,9.0,765,76,0.0993,0,5,3,0,3,139.2,3,0,0,4.08,1871,1590.52,1,1,0,0
ORD000946,12783,1529,2024-02-09 09:00:00,305.36,1,Home,2.9,COD,West Bengal,Urban,7,0,1,6,0.0,12.8,737,37,0.0502,3,6,3,0,3,115.8,5,0,0,4.01,314,305.36,0,1,0,1
ORD000947,12831,1062,2024-02-09 10:00:00,2231.68,2,Home,29.6,UPI,Bihar,Semi-Urban,6,0,0,6,0.0,17.2,705,143,0.2028,3,12,6,0,3,111.5,4,0,1,3.64,569,0.0,1,0,0,0
ORD000948,15063,1661,2024-02-09 11:00:00,2042.02,2,Beauty,5.5,UPI,West Bengal,Semi-Urban,4,1,1,2,0.25,1.4,708,47,0.0664,4,8,2,0,2,385.1,4,0,0,4.1,466,0.0,1,0,0,0
ORD000949,10357,1511,2024-02-09 12:00:00,1124.01,1,Electronics,17.0,UPI,West Bengal,Urban,9,0,0,9,0.0,1.2,728,83,0.114,3,6,4,0,2,87.2,3,0,0,4.17,727,0.0,0,0,0,0
ORD000950,13019,1138,2024-02-09 13:00:00,1569.89,3,Fashion,40.6,UPI,Maharashtra,Rural,10,0,0,10,0.0,18.5,793,131,0.1652,2,5,3,0,1,90.4,1,0,0,3.57,557,0.0,1,1,0,0
ORD000951,17575,1697,2024-02-09 14:00:00,1506.08,2,Home,20.7,Credit Card,Bihar,Urban,7,0,0,7,0.0,8.7,786,74,0.0941,5,8,3,0,3,50.6,3,0,0,3.76,107,0.0,0,0,0,0
ORD000952,10667,1184,2024-02-09 15:00:00,1022.37,1,Beauty,11.9,UPI,Karnataka,Urban,8,0,0,8,0.0,20.9,786,97,0.1234,2,6,5,0,2,49.9,4,0,0,3.18,1267,0.0,0,0,0,0
ORD000953,14468,1204,2024-02-09 16:00:00,480.9,3,Home,2.1,Debit Card,Maharashtra,Rural,6,0,1,5,0.0,45.1,770,145,0.1883,0,8,2,0,2,240.9,5,0,0,3.96,106,0.0,0,0,0,0
ORD000954,15127,1771,2024-02-09 17:00:00,1959.34,1,Electronics,15.9,UPI,Maharashtra,Semi-Urban,6,1,1,4,0.1667,8.4,740,131,0.177,3,9,1,0,2,128.5,6,0,0,3.8,1288,0.0,0,0,0,0
ORD000955,11145,1213,2024-02-09 18:00:00,2551.25,1,Fashion,11.3,COD,West Bengal,Urban,7,2,1,4,0.2857,25.4,751,57,0.0759,2,7,2,1,2,60.0,5,0,0,4.67,731,2551.25,0,0,0,0
ORD000956,15467,1255,2024-02-09 19:00:00,531.04,4,Electronics,7.4,COD,Delhi,Urban,8,3,0,5,0.375,19.4,745,100,0.1342,2,7,2,0,5,48.8,1,0,0,4.31,787,531.04,0,0,0,0
ORD000957,16819,1134,2024-02-09 20:00:00,470.24,2,Footwear,7.6,UPI,Karnataka,Rural,9,2,1,6,0.2222,7.5,718,115,0.1602,2,7,5,0,4,237.7,5,0,0,3.63,1120,0.0,0,0,0,1
ORD000958,14185,1572,2024-02-09 21:00:00,1010.22,2,Electronics,18.1,UPI,Bihar,Urban,9,0,1,8,0.0,25.0,766,256,0.3342,0,3,2,0,1,402.3,3,0,0,4.46,680,0.0,0,0,0,0
ORD000959,13719,1087,2024-02-09 22:00:00,753.15,2,Electronics,31.8,Credit Card,Bihar,Urban,10,0,1,9,0.0,75.1,750,71,0.0947,2,3,3,0,6,107.8,3,0,0,4.05,87,0.0,0,0,1,0
ORD000960,12745,1206,2024-02-09 23:00:00,1196.28,2,Home,7.5,Credit Card,Karnataka,Urban,5,4,0,1,0.8,40.3,756,151,0.1997,2,7,5,1,7,86.5,6,0,0,3.36,175,0.0,0,0,1,0
ORD000961,17483,1128,2024-02-10 00:00:00,2263.79,3,Electronics,13.5,UPI,Bihar,Rural,4,0,3,1,0.0,1.5,783,54,0.069,1,4,2,0,3,196.6,3,1,0,3.66,279,0.0,0,2,1,0
ORD000962,17345,1002,2024-02-10 01:00:00,285.03,1,Beauty,16.0,Debit Card,Delhi,Semi-Urban,5,1,1,3,0.2,6.1,742,31,0.0418,3,6,2,0,3,362.4,1,1,1,3.88,620,0.0,0,1,1,1
ORD000963,10539,1753,2024-02-10 02:00:00,2832.07,1,Home,26.6,UPI,Delhi,Semi-Urban,6,0,0,6,0.0,10.6,729,13,0.0178,3,9,5,0,2,45.7,4,1,0,3.98,1626,0.0,2,0,1,0
ORD000964,12779,1120,2024-02-10 03:00:00,859.2,1,Home,37.3,COD,Bihar,Semi-Urban,10,1,0,9,0.1,45.1,774,79,0.1021,1,6,8,0,7,218.1,3,1,0,4.56,96,859.2,1,0,1,1
ORD000965,14964,1384,2024-02-10 04:00:00,1490.8,2,Footwear,5.1,UPI,Maharashtra,Rural,14,4,0,10,0.2857,24.2,740,111,0.15,0,6,4,0,3,57.6,3,1,0,4.26,1082,0.0,0,0,1,0
ORD000966,14136,1613,2024-02-10 05:00:00,1589.6,1,Beauty,8.5,COD,Bihar,Rural,11,1,0,10,0.0909,25.9,760,142,0.1868,1,7,3,0,4,151.3,5,1,0,3.65,837,1589.6,0,1,1,0
ORD000967,14835,1037,2024-02-10 06:00:00,1704.8,1,Electronics,19.7,UPI,Bihar,Semi-Urban,17,1,1,15,0.0588,20.2,750,96,0.128,0,2,1,0,2,121.8,4,1,0,3.93,1665,0.0,0,0,0,0
ORD000968,13775,1340,2024-02-10 07:00:00,1138.13,1,Footwear,11.1,Credit Card,Karnataka,Semi-Urban,12,1,0,11,0.0833,6.0,726,71,0.0978,3,7,3,0,1,119.3,4,1,0,3.7,1342,0.0,0,0,0,0
ORD000969,16042,1644,2024-02-10 08:00:00,1309.42,4,Beauty,27.2,Credit Card,Delhi,Urban,7,2,0,5,0.2857,3.4,758,45,0.0594,2,10,4,0,3,169.2,2,1,0,3.83,622,0.0,1,0,0,0
ORD000970,16645,1713,2024-02-10 09:00:00,1304.29,2,Footwear,9.5,UPI,Maharashtra,Urban,6,0,0,6,0.0,5.6,743,18,0.0242,4,7,2,0,1,339.9,4,1,0,4.35,450,0.0,0,0,0,0
ORD000971,17102,1020,2024-02-10 10:00:00,751.32,1,Fashion,10.1,Credit Card,Karnataka,Semi-Urban,9,0,0,9,0.0,18.1,801,143,0.1785,4,8,2,0,1,197.0,2,1,0,4.68,1627,0.0,0,0,0,0
ORD000972,17312,1241,2024-02-10 11:00:00,381.9,1,Electronics,9.6,COD,Karnataka,Semi-Urban,7,0,2,5,0.0,32.5,714,72,0.1008,4,8,1,0,4,202.0,4,1,0,4.23,1123,381.9,0,0,0,0
ORD000973,15320,1454,2024-02-10 12:00:00,527.68,1,Footwear,14.8,UPI,Maharashtra,Rural,5,0,0,5,0.0,85.7,764,119,0.1558,3,6,5,0,6,69.2,4,1,0,4.42,1750,0.0,1,0,0,0
ORD000974,15024,1620,2024-02-10 13:00:00,1030.15,1,Fashion,7.9,Credit Card,Maharashtra,Urban,9,2,0,7,0.2222,120.2,695,101,0.1453,1,5,1,0,2,44.2,5,1,0,4.12,731,0.0,0,0,0,0
ORD000975,16132,1302,2024-02-10 14:00:00,683.97,1,Electronics,7.3,COD,Karnataka,Semi-Urban,17,1,2,14,0.0588,1.7,757,37,0.0489,3,10,3,0,4,91.7,3,1,0,4.56,495,683.97,0,0,0,1
ORD000976,17891,1595,2024-02-10 15:00:00,684.92,3,Footwear,5.4,COD,Bihar,Semi-Urban,13,1,4,8,0.0769,108.6,763,35,0.0459,3,8,3,0,5,105.8,3,1,0,4.13,1580,684.92,1,0,0,1
ORD000977,12508,1594,2024-02-10 16:00:00,3227.78,4,Footwear,17.7,Credit Card,Maharashtra,Semi-Urban,7,1,0,6,0.1429,11.2,741,146,0.197,2,4,3,1,3,98.5,3,1,0,3.46,1605,0.0,0,0,0,0
ORD000978,12779,1068,2024-02-10 17:00:00,1835.99,1,Footwear,16.6,COD,West Bengal,Urban,7,0,0,7,0.0,135.2,782,69,0.0882,1,9,4,0,2,241.8,3,1,0,3.49,1627,1835.99,0,0,0,0
ORD000979,16895,1128,2024-02-10 18:00:00,942.71,1,Footwear,9.9,Debit Card,Maharashtra,Semi-Urban,8,0,1,7,0.0,30.5,718,94,0.1309,4,10,4,0,4,90.6,3,1,0,4.15,350,0.0,0,0,0,0
ORD000980,10924,1195,2024-02-10 19:00:00,1641.26,1,Home,22.6,COD,Karnataka,Urban,5,0,1,4,0.0,39.9,737,289,0.3921,1,7,4,0,2,589.3,5,1,0,4.08,1046,1641.26,1,0,0,0
ORD000981,12956,1139,2024-02-10 20:00:00,852.21,1,Footwear,19.9,UPI,West Bengal,Semi-Urban,7,0,0,7,0.0,48.2,769,186,0.2419,0,9,4,0,4,12.5,4,1,0,3.8,204,0.0,1,0,0,0
ORD000982,11581,1443,2024-02-10 21:00:00,1171.96,1,Home,6.8,UPI,Karnataka,Semi-Urban,11,1,0,10,0.0909,4.5,745,4,0.0054,2,2,2,0,4,127.0,4,1,0,4.62,1566,0.0,1,0,0,0
ORD000983,17714,1282,2024-02-10 22:00:00,1429.35,1,Home,13.6,COD,Delhi,Urban,18,4,4,10,0.2222,14.1,750,148,0.1973,1,6,4,0,4,109.2,4,1,0,4.24,1910,1429.35,1,0,1,1
ORD000984,13324,1311,2024-02-10 23:00:00,853.58,1,Fashion,12.2,Credit Card,Delhi,Semi-Urban,5,1,0,4,0.2,7.7,751,26,0.0346,4,7,2,0,3,114.5,2,1,0,4.38,975,0.0,1,0,1,0
ORD000985,14485,1745,2024-02-11 00:00:00,726.94,2,Electronics,19.2,UPI,Bihar,Rural,14,3,3,8,0.2143,2.9,743,203,0.2732,2,5,2,0,4,88.9,4,1,0,4.28,1846,0.0,2,0,1,0
ORD000986,15713,1534,2024-02-11 01:00:00,2285.54,2,Home,3.4,COD,Maharashtra,Urban,9,1,0,8,0.1111,5.4,756,95,0.1257,3,7,4,0,3,398.5,3,1,0,3.48,1633,2285.54,1,0,1,1
ORD000987,17026,1664,2024-02-11 02:00:00,1585.2,2,Beauty,15.6,Credit Card,Karnataka,Semi-Urban,9,1,3,5,0.1111,1.8,749,13,0.0174,0,8,4,0,1,438.1,4,1,0,4.45,278,0.0,0,0,1,0
ORD000988,10255,1276,2024-02-11 03:00:00,283.51,1,Home,15.8,UPI,West Bengal,Urban,10,0,1,9,0.0,12.2,727,143,0.1967,3,9,2,0,2,55.9,5,1,0,4.49,1826,0.0,0,0,1,1
ORD000989,14804,1060,2024-02-11 04:00:00,734.45,3,Beauty,3.0,Credit Card,Maharashtra,Semi-Urban,8,1,1,6,0.125,6.1,777,186,0.2394,1,5,3,0,2,285.9,4,1,0,4.0,274,0.0,0,0,1,0
ORD000990,11838,1318,2024-02-11 05:00:00,686.25,4,Fashion,4.0,Wallet,Bihar,Urban,10,0,1,9,0.0,15.3,761,120,0.1577,2,12,2,0,1,24.6,1,1,0,4.41,1118,0.0,0,0,1,0
ORD000991,11944,1051,2024-02-11 06:00:00,755.45,1,Beauty,3.6,COD,Karnataka,Urban,9,0,2,7,0.0,14.0,725,80,0.1103,2,8,3,0,6,88.3,6,1,0,3.24,237,755.45,1,1,0,0
ORD000992,16593,1152,2024-02-11 07:00:00,1839.85,1,Fashion,4.7,UPI,Karnataka,Semi-Urban,11,2,2,7,0.1818,23.3,772,101,0.1308,1,10,2,0,2,214.5,3,1,0,4.09,709,0.0,0,1,0,0
ORD000993,10009,1748,2024-02-11 08:00:00,1109.34,1,Fashion,16.4,UPI,Delhi,Urban,9,0,2,7,0.0,79.8,779,44,0.0565,2,11,3,0,3,266.6,7,1,0,3.54,1394,0.0,0,0,0,0
ORD000994,12871,1310,2024-02-11 09:00:00,476.38,1,Fashion,23.0,Credit Card,Bihar,Urban,10,1,0,9,0.1,77.0,741,128,0.1727,4,9,5,0,1,40.0,6,1,0,4.82,1992,0.0,0,0,0,0
ORD000995,10797,1543,2024-02-11 10:00:00,871.37,1,Beauty,8.4,COD,Karnataka,Rural,6,1,1,4,0.1667,52.9,786,63,0.0802,0,8,3,0,3,48.5,4,1,0,3.85,1851,871.37,0,0,0,0
ORD000996,17409,1566,2024-02-11 11:00:00,1517.84,1,Beauty,31.9,Credit Card,Delhi,Semi-Urban,11,1,1,9,0.0909,8.0,765,89,0.1163,1,3,3,0,2,209.6,2,1,0,3.91,1339,0.0,1,1,0,0
ORD000997,17418,1388,2024-02-11 12:00:00,961.23,1,Fashion,5.8,UPI,Delhi,Semi-Urban,11,0,4,7,0.0,54.3,741,112,0.1511,4,11,3,0,2,113.2,4,1,0,4.28,560,0.0,1,0,0,0
ORD000998,14972,1547,2024-02-11 13:00:00,744.86,1,Fashion,17.8,COD,West Bengal,Semi-Urban,8,2,0,6,0.25,1.6,785,74,0.0943,2,5,6,0,2,95.0,7,1,0,4.14,309,744.86,0,0,0,0
ORD000999,15124,1621,2024-02-11 14:00:00,1337.73,1,Electronics,14.8,COD,Bihar,Rural,13,1,2,10,0.0769,26.4,764,170,0.2225,3,8,3,0,5,250.0,5,1,0,3.84,1413,1337.73,0,0,0,0
ORD001000,17286,1176,2024-02-11 15:00:00,2895.51,4,Fashion,21.9,COD,Bihar,Urban,7,2,0,5,0.2857,26.2,736,46,0.0625,6,10,3,0,3,272.2,4,1,0,4.19,809,2895.51,2,1,0,0
ORD001001,11015,1361,2024-02-11 16:00:00,1446.43,1,Footwear,5.2,Credit Card,Karnataka,Urban,11,1,0,10,0.0909,2.9,749,55,0.0734,0,7,4,0,3,172.5,3,1,0,3.5,1468,0.0,1,0,0,0
ORD001002,11824,1313,2024-02-11 17:00:00,2393.63,2,Electronics,8.6,COD,West Bengal,Urban,10,0,1,9,0.0,21.5,832,53,0.0637,1,9,3,0,1,180.5,4,1,0,4.31,109,2393.63,1,1,0,1
ORD001003,14469,1096,2024-02-11 18:00:00,775.44,1,Electronics,16.2,Credit Card,Maharashtra,Semi-Urban,6,2,0,4,0.3333,3.6,716,43,0.0601,3,9,5,0,3,101.7,1,1,0,4.34,1490,0.0,0,0,0,0
ORD001004,13136,1212,2024-02-11 19:00:00,1091.14,1,Electronics,9.5,COD,Karnataka,Urban,9,0,0,9,0.0,80.1,791,29,0.0367,1,5,1,1,1,240.2,1,1,0,4.69,510,1091.14,0,0,0,1
ORD001005,12193,1136,2024-02-11 20:00:00,1078.01,1,Footwear,5.5,COD,Delhi,Semi-Urban,12,4,0,8,0.3333,15.9,719,35,0.0487,2,9,3,0,4,395.5,4,1,0,3.56,1491,1078.01,1,1,0,0
ORD001006,10223,1005,2024-02-11 21:00:00,1177.57,1,Electronics,6.9,Wallet,Maharashtra,Urban,6,0,2,4,0.0,41.4,721,145,0.2011,2,6,3,0,5,92.5,4,1,0,3.73,480,0.0,0,0,0,0
ORD001007,15358,1108,2024-02-11 22:00:00,1428.4,1,Electronics,3.5,COD,Maharashtra,Semi-Urban,13,0,0,13,0.0,17.0,736,106,0.144,0,2,3,0,4,53.0,2,1,0,4.42,1390,1428.4,1,0,1,0
ORD001008,16320,1546,2024-02-11 23:00:00,631.83,1,Beauty,12.4,UPI,Karnataka,Semi-Urban,6,1,0,5,0.1667,5.2,736,197,0.2677,3,10,3,0,2,95.2,2,1,0,3.86,1141,0.0,0,0,1,0
ORD001009,15898,1038,2024-02-12 00:00:00,1617.12,1,Beauty,13.2,COD,West Bengal,Urban,9,2,4,3,0.2222,3.1,802,34,0.0424,2,6,1,0,5,277.3,2,0,0,5.0,1585,1617.12,0,0,1,1
ORD001010,14948,1661,2024-02-12 01:00:00,412.93,2,Fashion,5.7,COD,Bihar,Urban,13,0,2,11,0.0,10.6,677,104,0.1536,3,9,3,1,4,59.7,4,0,0,3.84,1195,412.93,0,1,1,0
ORD001011,17449,1424,2024-02-12 02:00:00,492.03,1,Fashion,5.4,COD,West Bengal,Semi-Urban,3,0,0,3,0.0,69.9,720,32,0.0444,2,8,4,0,7,127.9,3,0,0,4.12,1398,492.03,0,1,1,0
ORD001012,14158,1629,2024-02-12 03:00:00,3949.62,2,Home,5.9,Credit Card,Karnataka,Semi-Urban,8,1,0,7,0.125,1.0,735,116,0.1578,3,7,2,0,3,165.3,4,0,0,3.82,341,0.0,0,0,1,1
ORD001013,15336,1260,2024-02-12 04:00:00,807.49,1,Footwear,25.8,COD,Bihar,Semi-Urban,3,0,0,3,0.0,10.3,739,6,0.0081,0,7,3,0,3,31.6,5,0,0,4.54,742,807.49,1,1,1,1
ORD001014,13925,1425,2024-02-12 05:00:00,1698.86,2,Beauty,3.5,Credit Card,Maharashtra,Urban,7,2,0,5,0.2857,18.1,759,188,0.2477,1,4,1,0,3,212.7,4,0,0,3.99,892,0.0,0,1,1,1
ORD001015,16970,1086,2024-02-12 06:00:00,3038.06,1,Fashion,9.8,UPI,Delhi,Rural,8,0,0,8,0.0,18.0,780,25,0.0321,5,8,2,0,5,53.5,6,0,0,3.52,733,0.0,1,0,0,0
ORD001016,16938,1464,2024-02-12 07:00:00,273.51,2,Footwear,10.2,COD,West Bengal,Semi-Urban,10,0,3,7,0.0,6.2,740,12,0.0162,1,5,4,1,3,176.7,4,0,0,4.8,1014,273.51,1,2,0,1
ORD001017,14784,1075,2024-02-12 08:00:00,2155.43,4,Electronics,31.0,Credit Card,Bihar,Urban,12,4,1,7,0.3333,12.8,740,104,0.1405,2,8,3,1,2,73.8,7,0,0,4.13,799,0.0,0,0,0,0
ORD001018,15580,1470,2024-02-12 09:00:00,1618.68,3,Footwear,1.8,COD,West Bengal,Urban,9,1,2,6,0.1111,1.5,751,259,0.3449,2,5,2,0,2,169.1,4,0,0,3.95,267,1618.68,1,0,0,0
ORD001019,14000,1413,2024-02-12 10:00:00,2934.34,1,Beauty,9.4,Wallet,Bihar,Semi-Urban,8,1,0,7,0.125,38.0,749,71,0.0948,4,6,4,0,4,164.7,3,0,0,3.43,1106,0.0,0,1,0,0
ORD001020,11633,1725,2024-02-12 11:00:00,539.74,3,Home,7.9,Credit Card,Delhi,Urban,9,1,0,8,0.1111,67.3,783,20,0.0255,2,6,3,0,4,194.1,7,0,0,4.04,744,0.0,0,0,0,0
ORD001021,12152,1456,2024-02-12 12:00:00,2619.54,1,Beauty,10.5,COD,Karnataka,Rural,9,0,1,8,0.0,18.0,725,18,0.0248,1,2,7,0,4,403.9,4,0,0,3.68,1203,2619.54,1,1,0,1
ORD001022,17266,1284,2024-02-12 13:00:00,703.7,4,Fashion,24.5,COD,Karnataka,Semi-Urban,11,3,0,8,0.2727,35.1,767,38,0.0495,1,4,4,0,3,82.7,1,0,0,4.34,1187,703.7,0,0,0,1
ORD001023,10510,1238,2024-02-12 14:00:00,2064.96,1,Fashion,22.1,COD,Bihar,Urban,8,1,3,4,0.125,23.6,727,41,0.0564,3,6,4,0,5,40.0,3,0,0,4.21,357,2064.96,2,0,0,0
ORD001024,10384,1676,2024-02-12 15:00:00,1073.19,1,Footwear,25.9,UPI,Bihar,Rural,11,4,1,6,0.3636,8.8,766,3,0.0039,1,6,4,0,3,144.1,2,0,0,3.67,1389,0.0,0,0,0,0
ORD001025,10404,1598,2024-02-12 16:00:00,1741.43,1,Beauty,4.1,UPI,Karnataka,Urban,7,1,1,5,0.1429,39.3,763,211,0.2765,0,6,3,0,3,63.4,3,0,0,4.33,247,0.0,0,0,0,1
ORD001026,16966,1652,2024-02-12 17:00:00,1129.26,1,Fashion,14.9,Debit Card,Maharashtra,Urban,7,3,0,4,0.4286,15.3,770,51,0.0662,1,3,5,0,3,356.1,3,0,0,3.67,1530,0.0,1,0,0,0
ORD001027,14613,1671,2024-02-12 18:00:00,363.71,2,Electronics,16.9,COD,Maharashtra,Semi-Urban,7,0,1,6,0.0,66.5,728,40,0.0549,1,5,3,0,4,84.3,3,0,0,4.18,1761,363.71,0,0,0,0
ORD001028,14571,1557,2024-02-12 19:00:00,168.62,3,Electronics,11.2,UPI,Maharashtra,Semi-Urban,10,1,0,9,0.1,23.3,777,58,0.0746,5,12,5,0,3,291.7,2,0,0,3.89,1693,0.0,1,1,0,1
ORD001029,12000,1371,2024-02-12 20:00:00,1243.83,2,Home,4.2,UPI,Delhi,Urban,8,5,0,3,0.625,10.1,741,89,0.1201,1,5,2,0,1,191.3,3,0,0,4.06,955,0.0,0,0,0,0
ORD001030,12756,1494,2024-02-12 21:00:00,936.13,2,Footwear,11.9,UPI,Bihar,Urban,7,1,1,5,0.1429,53.5,770,57,0.074,0,6,1,0,1,214.0,3,0,0,3.7,1559,0.0,0,0,0,0
ORD001031,11668,1623,2024-02-12 22:00:00,1392.61,2,Fashion,14.9,COD,West Bengal,Urban,9,1,1,7,0.1111,24.1,743,97,0.1306,5,13,2,0,5,187.4,4,0,0,4.87,1747,1392.61,0,0,1,0
ORD001032,15989,1044,2024-02-12 23:00:00,942.66,1,Home,9.4,COD,West Bengal,Semi-Urban,11,1,0,10,0.0909,12.3,762,35,0.0459,4,8,3,0,2,23.7,4,0,0,4.24,1970,942.66,1,1,1,0
ORD001033,16914,1400,2024-02-13 00:00:00,3680.66,1,Electronics,32.7,COD,Bihar,Semi-Urban,9,0,0,9,0.0,31.2,739,57,0.0771,0,7,3,0,3,159.7,2,0,0,3.48,299,3680.66,0,0,1,0
ORD001034,11460,1246,2024-02-13 01:00:00,1259.31,1,Home,8.5,COD,Karnataka,Semi-Urban,3,1,1,1,0.3333,48.9,704,43,0.0611,0,3,1,0,6,143.9,4,0,0,3.61,1108,1259.31,0,1,1,1
ORD001035,17190,1615,2024-02-13 02:00:00,838.68,1,Home,5.7,COD,Bihar,Semi-Urban,13,0,2,11,0.0,0.6,757,90,0.1189,1,8,5,0,1,72.6,2,0,1,4.38,403,838.68,1,0,1,0
ORD001036,17140,1596,2024-02-13 03:00:00,1342.67,1,Fashion,20.2,UPI,Maharashtra,Urban,14,0,1,13,0.0,8.8,755,114,0.151,0,3,4,0,2,216.0,3,0,0,3.93,312,0.0,0,0,1,0
ORD001037,13636,1449,2024-02-13 04:00:00,847.93,1,Fashion,7.9,COD,Maharashtra,Semi-Urban,13,1,0,12,0.0769,6.3,761,165,0.2168,4,11,3,0,3,114.9,4,0,0,5.0,482,847.93,0,1,1,0
ORD001038,12724,1484,2024-02-13 05:00:00,1159.52,1,Fashion,41.3,Credit Card,West Bengal,Urban,7,0,1,6,0.0,9.7,726,29,0.0399,0,7,3,0,1,262.1,4,0,0,3.95,1012,0.0,0,0,1,0
ORD001039,14809,1645,2024-02-13 06:00:00,528.22,1,Footwear,26.9,COD,Bihar,Urban,11,1,0,10,0.0909,45.3,747,20,0.0268,0,8,2,0,2,35.5,4,0,0,3.92,1202,528.22,0,1,0,0
ORD001040,17625,1619,2024-02-13 07:00:00,1091.0,3,Home,10.4,UPI,West Bengal,Semi-Urban,8,1,0,7,0.125,13.6,754,171,0.2268,2,6,4,0,3,328.3,2,0,0,3.83,1816,0.0,0,1,0,0
ORD001041,14178,1017,2024-02-13 08:00:00,823.27,1,Home,13.8,UPI,Karnataka,Urban,4,0,0,4,0.0,10.4,766,29,0.0379,1,10,1,0,5,251.8,3,0,0,3.88,681,0.0,0,1,0,0
ORD001042,15264,1605,2024-02-13 09:00:00,559.12,1,Footwear,16.9,COD,Delhi,Urban,11,1,4,6,0.0909,21.6,739,179,0.2422,4,9,4,0,1,183.1,4,0,0,3.81,595,559.12,1,0,0,0
ORD001043,17252,1661,2024-02-13 10:00:00,3588.33,1,Electronics,7.7,COD,Delhi,Urban,7,5,0,2,0.7143,7.4,765,99,0.1294,2,8,2,0,3,17.4,3,0,0,3.76,825,3588.33,0,1,0,1
ORD001044,17245,1757,2024-02-13 11:00:00,572.35,1,Beauty,21.6,COD,Karnataka,Urban,11,2,0,9,0.1818,26.7,786,11,0.014,2,8,3,0,1,194.1,4,0,1,3.79,1041,572.35,0,1,0,1
ORD001045,16600,1288,2024-02-13 12:00:00,1101.23,1,Electronics,2.7,UPI,Maharashtra,Urban,8,2,2,4,0.25,0.9,737,102,0.1384,3,8,3,0,2,53.1,4,0,1,4.08,543,0.0,0,1,0,0
ORD001046,15997,1413,2024-02-13 13:00:00,677.44,1,Footwear,6.0,Credit Card,Maharashtra,Urban,10,2,1,7,0.2,10.8,723,24,0.0332,4,8,2,0,6,171.2,7,0,0,3.61,1540,0.0,0,0,0,0
ORD001047,12048,1720,2024-02-13 14:00:00,1310.58,1,Home,9.5,Wallet,Maharashtra,Urban,6,0,0,6,0.0,16.5,790,32,0.0405,2,7,4,0,6,166.0,4,0,0,4.12,1156,0.0,0,0,0,0
ORD001048,14146,1637,2024-02-13 15:00:00,510.49,1,Home,9.9,COD,West Bengal,Urban,10,0,0,10,0.0,18.8,763,25,0.0328,3,8,3,1,3,47.5,1,0,0,4.26,79,510.49,0,0,0,0
ORD001049,14780,1234,2024-02-13 16:00:00,1815.68,1,Fashion,11.2,Debit Card,West Bengal,Urban,5,0,1,4,0.0,1.6,775,217,0.28,4,7,2,1,2,63.9,6,0,0,3.66,1186,0.0,0,1,0,0
ORD001050,10716,1415,2024-02-13 17:00:00,3720.8,1,Fashion,8.7,UPI,Delhi,Urban,11,0,0,11,0.0,44.3,773,121,0.1565,1,6,3,0,2,180.2,6,0,0,4.06,1579,0.0,0,0,0,0
ORD001051,17939,1498,2024-02-13 18:00:00,662.67,2,Home,6.1,COD,Maharashtra,Semi-Urban,4,1,0,3,0.25,12.2,746,95,0.1273,1,6,2,0,2,70.9,2,0,0,4.36,924,662.67,0,0,0,0
ORD001052,15565,1633,2024-02-13 19:00:00,2276.01,1,Home,20.9,COD,Maharashtra,Urban,7,0,0,7,0.0,14.9,748,29,0.0388,1,3,3,0,4,35.1,3,0,0,4.4,72,2276.01,0,0,0,0
ORD001053,14544,1649,2024-02-13 20:00:00,872.07,1,Fashion,9.5,COD,Karnataka,Semi-Urban,7,0,1,6,0.0,77.2,749,125,0.1669,1,9,5,0,2,141.4,5,0,0,4.39,472,872.07,0,0,0,1
ORD001054,14976,1114,2024-02-13 21:00:00,2706.67,1,Fashion,17.8,UPI,Delhi,Urban,10,0,1,9,0.0,31.0,770,79,0.1026,0,3,3,0,3,182.8,2,0,0,4.71,1749,0.0,0,1,0,0
ORD001055,14583,1673,2024-02-13 22:00:00,4076.93,2,Electronics,3.6,Debit Card,West Bengal,Urban,8,1,0,7,0.125,30.4,734,216,0.2943,2,7,3,0,2,188.0,3,0,0,3.91,760,0.0,0,0,1,0
ORD001056,11823,1712,2024-02-13 23:00:00,953.15,1,Home,15.5,COD,Delhi,Urban,10,2,0,8,0.2,20.5,760,22,0.0289,1,8,2,0,2,234.5,1,0,0,3.89,987,953.15,0,0,1,0
ORD001057,12081,1233,2024-02-14 00:00:00,440.47,2,Home,1.6,COD,Maharashtra,Urban,10,3,1,6,0.3,77.1,749,88,0.1175,3,8,3,1,4,231.8,6,0,0,4.02,1011,440.47,1,0,1,1
ORD001058,13419,1539,2024-02-14 01:00:00,1936.91,2,Footwear,12.1,COD,Maharashtra,Urban,12,3,2,7,0.25,111.3,752,6,0.008,4,8,1,0,2,251.4,2,0,0,3.88,24,1936.91,1,1,1,0
ORD001059,16238,1010,2024-02-14 02:00:00,1254.7,1,Electronics,10.0,COD,West Bengal,Urban,4,1,0,3,0.25,10.8,742,137,0.1846,0,3,3,0,1,578.4,5,0,0,3.85,1796,1254.7,0,0,1,1
ORD001060,17239,1205,2024-02-14 03:00:00,1481.89,1,Beauty,12.5,Credit Card,West Bengal,Urban,14,3,0,11,0.2143,22.3,725,103,0.1421,2,6,2,0,2,215.1,2,0,0,3.68,1156,0.0,0,1,1,0
ORD001061,11574,1678,2024-02-14 04:00:00,894.35,1,Beauty,12.0,COD,Delhi,Semi-Urban,12,0,1,11,0.0,0.4,747,65,0.087,3,10,3,0,3,124.9,4,0,0,4.06,1515,894.35,0,0,1,0
ORD001062,16297,1246,2024-02-14 05:00:00,645.03,1,Beauty,4.1,COD,Bihar,Urban,13,2,4,7,0.1538,37.0,779,36,0.0462,1,9,1,0,3,292.0,5,0,0,3.81,1854,645.03,1,0,1,0
ORD001063,10249,1558,2024-02-14 06:00:00,2199.99,1,Fashion,20.3,Debit Card,Maharashtra,Urban,3,0,0,3,0.0,52.1,725,171,0.2359,3,12,2,0,4,89.5,1,0,0,4.49,804,0.0,1,0,0,0
ORD001064,10673,1757,2024-02-14 07:00:00,1328.59,1,Beauty,6.1,COD,Maharashtra,Semi-Urban,13,1,0,12,0.0769,20.6,757,78,0.103,0,6,5,0,5,54.5,5,0,0,2.75,1564,1328.59,0,0,0,0
ORD001065,14533,1126,2024-02-14 08:00:00,461.22,1,Footwear,11.0,COD,Bihar,Urban,15,0,1,14,0.0,4.7,734,160,0.218,3,6,4,0,2,79.1,5,0,0,4.0,1771,461.22,1,0,0,0
ORD001066,12165,1146,2024-02-14 09:00:00,1655.94,1,Fashion,4.9,UPI,Delhi,Urban,10,0,0,10,0.0,13.3,737,69,0.0936,3,10,2,0,2,31.4,3,0,0,3.74,1536,0.0,1,0,0,0
ORD001067,10770,1117,2024-02-14 10:00:00,1468.07,2,Fashion,20.9,COD,Karnataka,Urban,9,1,0,8,0.1111,25.2,737,40,0.0543,2,9,1,0,3,154.8,3,0,0,3.48,679,1468.07,0,0,0,0
ORD001068,13962,1381,2024-02-14 11:00:00,902.19,1,Beauty,10.9,Credit Card,Karnataka,Urban,11,1,1,9,0.0909,51.2,760,91,0.1197,4,9,2,0,4,230.3,3,0,0,4.53,1986,0.0,0,1,0,0
ORD001069,17473,1411,2024-02-14 12:00:00,2898.32,3,Fashion,8.3,UPI,Maharashtra,Urban,9,3,1,5,0.3333,24.9,728,40,0.0549,2,5,1,0,3,238.7,6,0,0,3.91,707,0.0,0,0,0,0
ORD001070,14363,1663,2024-02-14 13:00:00,756.8,4,Electronics,9.7,COD,Karnataka,Rural,6,0,0,6,0.0,32.4,749,229,0.3057,3,9,4,0,3,160.7,3,0,0,3.91,1112,756.8,0,0,0,0
ORD001071,11984,1583,2024-02-14 14:00:00,990.89,4,Electronics,27.4,COD,Delhi,Rural,7,0,0,7,0.0,17.7,723,87,0.1203,1,6,5,0,2,70.1,3,0,0,3.88,790,990.89,0,0,0,0
ORD001072,11077,1362,2024-02-14 15:00:00,1739.21,2,Beauty,11.3,Credit Card,Karnataka,Urban,9,2,3,4,0.2222,18.6,770,114,0.1481,3,7,3,0,3,98.5,1,0,0,4.84,1832,0.0,0,0,0,0
ORD001073,10235,1508,2024-02-14 16:00:00,1148.32,1,Footwear,26.3,COD,West Bengal,Urban,13,0,4,9,0.0,5.9,738,115,0.1558,2,4,4,0,4,64.7,5,0,0,4.02,1734,1148.32,1,0,0,1
ORD001074,10388,1136,2024-02-14 17:00:00,477.87,1,Fashion,13.8,Wallet,Delhi,Urban,8,1,1,6,0.125,14.9,713,112,0.1571,2,12,1,0,4,297.1,4,0,0,4.52,645,0.0,2,0,0,0
ORD001075,13037,1174,2024-02-14 18:00:00,1224.49,1,Home,5.9,COD,Bihar,Urban,3,0,0,3,0.0,15.5,708,144,0.2034,0,2,5,0,4,237.9,4,0,0,3.36,340,1224.49,0,2,0,0
ORD001076,17901,1288,2024-02-14 19:00:00,855.23,1,Beauty,17.9,Credit Card,Maharashtra,Semi-Urban,9,3,1,5,0.3333,1.4,731,57,0.078,0,6,3,0,2,79.7,2,0,0,3.97,1018,0.0,0,0,0,0
ORD001077,14858,1480,2024-02-14 20:00:00,1833.9,2,Fashion,33.0,Credit Card,Delhi,Urban,8,0,3,5,0.0,45.3,756,97,0.1283,2,6,4,0,2,113.9,3,0,0,4.57,508,0.0,0,0,0,0
ORD001078,11848,1018,2024-02-14 21:00:00,1200.79,4,Beauty,4.6,COD,Karnataka,Urban,8,0,1,7,0.0,24.3,734,76,0.1035,1,4,3,0,2,158.8,4,0,0,3.91,1578,1200.79,2,0,0,0
ORD001079,16544,1194,2024-02-14 22:00:00,1160.61,1,Beauty,7.1,COD,Delhi,Urban,6,1,0,5,0.1667,1.7,779,33,0.0424,2,3,1,0,5,37.8,5,0,0,4.1,63,1160.61,0,0,1,1
ORD001080,14719,1329,2024-02-14 23:00:00,584.67,1,Footwear,3.8,UPI,Bihar,Rural,9,1,0,8,0.1111,60.7,743,126,0.1696,1,7,4,0,4,375.5,1,0,0,3.05,786,0.0,0,0,1,0
ORD001081,12814,1174,2024-02-15 00:00:00,955.26,1,Home,8.1,UPI,Delhi,Urban,16,4,0,12,0.25,22.2,763,91,0.1193,1,7,6,0,1,66.7,3,0,0,3.29,1698,0.0,1,0,1,0
ORD001082,13374,1448,2024-02-15 01:00:00,1962.67,1,Fashion,17.6,UPI,Bihar,Rural,9,1,2,6,0.1111,12.8,798,51,0.0639,2,6,4,0,4,356.9,2,0,0,4.16,1006,0.0,1,0,1,0
ORD001083,17062,1353,2024-02-15 02:00:00,688.2,1,Beauty,8.8,COD,Bihar,Semi-Urban,8,0,0,8,0.0,4.6,769,47,0.0611,0,4,4,0,1,151.6,1,0,0,3.81,11,688.2,0,0,1,0
ORD001084,13278,1498,2024-02-15 03:00:00,1075.42,1,Beauty,21.5,UPI,Delhi,Urban,6,2,1,3,0.3333,9.1,782,116,0.1483,2,5,4,0,5,169.6,3,0,0,4.21,929,0.0,0,0,1,0
ORD001085,11252,1140,2024-02-15 04:00:00,625.24,2,Fashion,33.1,COD,Maharashtra,Urban,10,1,1,8,0.1,13.7,736,31,0.0421,4,10,5,0,1,52.7,5,0,0,3.89,73,625.24,0,1,1,0
ORD001086,16996,1757,2024-02-15 05:00:00,538.99,1,Beauty,8.3,COD,Maharashtra,Urban,4,0,0,4,0.0,22.9,765,99,0.1294,3,7,2,0,5,65.7,1,0,0,3.83,203,538.99,0,0,1,1
ORD001087,13981,1092,2024-02-15 06:00:00,1042.2,3,Beauty,22.0,COD,Karnataka,Urban,6,3,1,2,0.5,64.0,798,65,0.0815,0,5,3,0,3,323.5,3,0,0,3.94,844,1042.2,0,0,0,1
ORD001088,14673,1238,2024-02-15 07:00:00,1217.17,2,Beauty,14.7,COD,Delhi,Semi-Urban,10,4,1,5,0.4,0.4,720,69,0.0958,3,9,2,1,2,125.2,2,0,0,4.27,452,1217.17,0,0,0,0
ORD001089,12122,1204,2024-02-15 08:00:00,3627.57,2,Electronics,10.1,Debit Card,Delhi,Semi-Urban,9,1,0,8,0.1111,10.3,766,101,0.1319,2,5,2,0,4,107.5,2,0,0,4.22,935,0.0,0,0,0,0
ORD001090,14530,1559,2024-02-15 09:00:00,834.41,1,Electronics,12.2,COD,West Bengal,Urban,11,1,0,10,0.0909,7.9,772,29,0.0376,2,9,5,0,3,195.1,4,0,0,3.74,53,834.41,0,0,0,0
ORD001091,12150,1432,2024-02-15 10:00:00,1064.11,3,Home,11.2,COD,Maharashtra,Urban,6,2,0,4,0.3333,42.1,732,18,0.0246,2,6,3,0,5,269.6,2,0,0,3.85,1378,1064.11,0,0,0,1
ORD001092,17589,1244,2024-02-15 11:00:00,517.99,2,Footwear,11.0,UPI,Bihar,Semi-Urban,9,0,0,9,0.0,14.6,698,150,0.2149,2,11,3,1,2,212.2,2,0,0,4.56,44,0.0,1,0,0,0
ORD001093,17871,1316,2024-02-15 12:00:00,1583.42,1,Fashion,3.7,COD,West Bengal,Rural,6,0,0,6,0.0,28.1,760,23,0.0303,2,5,2,0,3,181.2,3,0,0,4.36,1155,1583.42,0,0,0,1
ORD001094,14859,1294,2024-02-15 13:00:00,1392.5,1,Footwear,19.3,Credit Card,Delhi,Rural,14,3,0,11,0.2143,27.4,736,93,0.1264,3,10,6,0,3,50.2,3,0,0,4.31,832,0.0,0,0,0,0
ORD001095,16881,1639,2024-02-15 14:00:00,2678.57,3,Footwear,10.8,COD,West Bengal,Semi-Urban,7,1,0,6,0.1429,1.1,749,51,0.0681,4,12,4,0,3,49.2,3,0,0,4.0,763,2678.57,0,0,0,0
ORD001096,16949,1281,2024-02-15 15:00:00,2136.6,1,Electronics,30.0,Debit Card,Maharashtra,Urban,11,7,1,3,0.6364,9.1,766,91,0.1188,3,9,6,0,2,336.9,6,0,0,4.56,611,0.0,1,0,0,0
ORD001097,11329,1016,2024-02-15 16:00:00,1354.03,1,Home,3.2,COD,Delhi,Urban,8,0,0,8,0.0,59.1,790,117,0.1481,2,6,3,0,5,138.1,6,0,0,4.11,1099,1354.03,1,0,0,0
ORD001098,16241,1070,2024-02-15 17:00:00,827.13,1,Footwear,6.6,COD,Maharashtra,Urban,8,1,0,7,0.125,33.2,765,182,0.2379,1,9,2,0,1,49.8,3,0,0,4.59,1461,827.13,0,0,0,0
ORD001099,16941,1268,2024-02-15 18:00:00,1239.92,2,Footwear,8.4,Credit Card,West Bengal,Semi-Urban,10,0,2,8,0.0,61.5,777,26,0.0335,2,5,3,1,6,130.7,3,0,0,4.11,1811,0.0,0,1,0,0
ORD001100,11358,1324,2024-02-15 19:00:00,1025.97,2,Beauty,24.3,UPI,Karnataka,Urban,6,1,0,5,0.1667,22.5,790,95,0.1203,2,4,2,0,2,229.6,2,0,0,4.23,229,0.0,0,0,0,0
ORD001101,17002,1793,2024-02-15 20:00:00,1943.1,1,Fashion,13.3,UPI,Bihar,Semi-Urban,9,0,0,9,0.0,27.3,729,86,0.118,2,7,1,0,1,165.4,4,0,0,4.24,1453,0.0,0,0,0,1
ORD001102,12482,1304,2024-02-15 21:00:00,1800.35,1,Home,3.8,COD,Bihar,Semi-Urban,8,2,0,6,0.25,69.1,767,59,0.0769,3,13,1,0,4,68.8,3,0,0,4.55,1014,1800.35,1,1,0,1
ORD001103,14542,1450,2024-02-15 22:00:00,917.96,4,Fashion,22.3,COD,Karnataka,Urban,11,1,0,10,0.0909,42.1,762,137,0.1798,5,11,2,0,1,85.1,4,0,0,4.27,17,917.96,0,0,1,0
ORD001104,12017,1006,2024-02-15 23:00:00,456.14,2,Electronics,13.9,COD,Karnataka,Rural,7,4,0,3,0.5714,9.3,781,52,0.0666,2,7,4,0,3,173.7,6,0,0,3.95,765,456.14,2,1,1,1
ORD001105,11331,1313,2024-02-16 00:00:00,2440.68,3,Footwear,18.5,COD,Karnataka,Urban,10,0,1,9,0.0,23.0,737,120,0.1628,0,5,3,0,2,55.1,3,0,0,4.26,1312,2440.68,0,1,1,1
ORD001106,14344,1102,2024-02-16 01:00:00,1554.83,1,Footwear,3.8,COD,Maharashtra,Urban,7,2,0,5,0.2857,1.2,707,37,0.0523,1,2,4,0,2,262.9,3,0,0,4.35,724,1554.83,1,2,1,0
ORD001107,14261,1192,2024-02-16 02:00:00,905.34,1,Fashion,13.3,Credit Card,Delhi,Semi-Urban,9,3,0,6,0.3333,57.4,761,51,0.067,2,10,4,0,5,238.1,3,0,1,4.35,410,0.0,0,0,1,0
ORD001108,17648,1752,2024-02-16 03:00:00,1518.87,1,Electronics,7.2,Credit Card,Karnataka,Rural,6,1,0,5,0.1667,53.4,769,45,0.0585,2,11,2,0,3,155.0,3,0,0,3.8,688,0.0,2,1,1,1
ORD001109,17127,1573,2024-02-16 04:00:00,1147.01,2,Beauty,13.9,Debit Card,Maharashtra,Semi-Urban,12,2,0,10,0.1667,7.7,719,41,0.057,2,6,3,0,3,253.3,2,0,0,4.83,1513,0.0,0,0,1,1
ORD001110,11358,1528,2024-02-16 05:00:00,2419.15,1,Beauty,9.1,UPI,West Bengal,Semi-Urban,16,0,2,14,0.0,6.9,719,135,0.1878,0,6,4,0,6,141.7,4,0,0,3.56,84,0.0,0,1,1,1
ORD001111,15115,1170,2024-02-16 06:00:00,344.51,1,Footwear,16.0,COD,West Bengal,Rural,7,0,0,7,0.0,28.6,694,85,0.1225,3,15,4,0,4,433.0,2,0,1,3.96,1469,344.51,0,0,0,1
ORD001112,14637,1536,2024-02-16 07:00:00,864.1,1,Footwear,23.9,COD,Karnataka,Urban,8,0,0,8,0.0,0.0,739,58,0.0785,2,8,4,0,1,160.5,5,0,0,4.82,1192,864.1,0,0,0,0
ORD001113,14854,1250,2024-02-16 08:00:00,2862.45,1,Home,14.7,Credit Card,West Bengal,Semi-Urban,12,3,0,9,0.25,13.2,711,141,0.1983,1,4,4,0,2,141.2,1,0,0,4.16,1624,0.0,1,1,0,0
ORD001114,13177,1764,2024-02-16 09:00:00,1537.51,2,Fashion,11.5,COD,Karnataka,Urban,7,0,2,5,0.0,8.9,775,297,0.3832,0,3,5,0,4,148.2,1,0,0,3.95,1526,1537.51,0,0,0,0
ORD001115,17730,1386,2024-02-16 10:00:00,3176.59,1,Footwear,10.9,UPI,West Bengal,Urban,11,3,0,8,0.2727,1.6,751,82,0.1092,1,9,2,0,3,213.2,4,0,0,3.97,1642,0.0,0,0,0,0
ORD001116,12128,1206,2024-02-16 11:00:00,526.85,2,Electronics,3.6,COD,West Bengal,Semi-Urban,10,0,0,10,0.0,9.0,722,15,0.0208,1,4,7,0,2,87.7,2,0,0,3.32,1118,526.85,0,1,0,0
ORD001117,12180,1540,2024-02-16 12:00:00,2086.66,3,Fashion,26.0,UPI,Delhi,Semi-Urban,10,2,0,8,0.2,10.2,815,115,0.1411,4,10,2,0,1,93.4,4,0,0,4.58,823,0.0,0,0,0,1
ORD001118,14892,1628,2024-02-16 13:00:00,2012.91,1,Home,8.0,Credit Card,Delhi,Urban,11,0,0,11,0.0,43.2,724,20,0.0276,1,7,1,1,2,128.5,6,0,0,3.98,844,0.0,1,1,0,0
ORD001119,17043,1415,2024-02-16 14:00:00,399.8,2,Beauty,13.3,UPI,West Bengal,Urban,8,0,2,6,0.0,42.1,756,195,0.2579,0,6,2,0,2,87.6,4,0,0,5.0,1152,0.0,0,0,0,0
ORD001120,10137,1793,2024-02-16 15:00:00,918.46,4,Home,37.9,Wallet,Delhi,Rural,8,1,3,4,0.125,50.8,794,92,0.1159,3,10,3,0,3,98.0,2,0,0,4.48,1467,0.0,1,0,0,0
ORD001121,16327,1379,2024-02-16 16:00:00,1028.73,4,Fashion,35.5,COD,Karnataka,Urban,14,0,2,12,0.0,3.3,729,153,0.2099,1,5,3,0,1,90.0,4,0,0,3.81,306,1028.73,0,0,0,1
ORD001122,13472,1143,2024-02-16 17:00:00,414.99,1,Beauty,27.8,UPI,Bihar,Rural,6,2,1,3,0.3333,5.4,761,103,0.1353,1,7,1,0,3,122.2,5,0,0,4.17,12,0.0,0,0,0,0
ORD001123,15449,1024,2024-02-16 18:00:00,930.05,1,Electronics,11.3,COD,Karnataka,Rural,9,2,1,6,0.2222,4.4,738,195,0.2642,3,8,4,0,5,32.1,4,0,0,4.47,1346,930.05,0,0,0,1
ORD001124,12832,1667,2024-02-16 19:00:00,1851.79,1,Beauty,20.4,COD,Delhi,Semi-Urban,11,3,0,8,0.2727,23.6,718,46,0.0641,3,6,5,0,3,286.7,4,0,0,4.62,1209,1851.79,1,0,0,0
ORD001125,13579,1072,2024-02-16 20:00:00,867.35,2,Beauty,8.4,Debit Card,Maharashtra,Urban,9,3,0,6,0.3333,8.1,771,123,0.1595,1,8,2,0,2,34.6,5,0,0,4.45,1470,0.0,0,0,0,0
ORD001126,15971,1631,2024-02-16 21:00:00,1268.11,2,Electronics,4.7,COD,West Bengal,Urban,8,0,2,6,0.0,41.4,771,110,0.1427,1,6,1,1,3,151.7,4,0,0,4.15,579,1268.11,0,1,0,1
ORD001127,13031,1092,2024-02-16 22:00:00,1273.62,2,Footwear,32.6,Credit Card,Delhi,Urban,8,0,0,8,0.0,71.2,729,37,0.0508,3,7,5,0,2,249.7,3,0,0,4.4,1216,0.0,0,0,1,1
ORD001128,14164,1504,2024-02-16 23:00:00,1088.67,1,Footwear,6.9,Wallet,Delhi,Semi-Urban,11,1,2,8,0.0909,0.5,742,17,0.0229,0,1,2,0,4,225.0,4,0,0,4.44,1203,0.0,0,0,1,0
ORD001129,12593,1597,2024-02-17 00:00:00,718.3,1,Beauty,5.3,COD,Delhi,Urban,8,0,2,6,0.0,15.7,771,132,0.1712,3,5,3,0,5,122.9,2,1,0,4.9,417,718.3,1,0,1,0
ORD001130,17941,1335,2024-02-17 01:00:00,1628.29,1,Beauty,9.7,COD,Karnataka,Semi-Urban,14,5,0,9,0.3571,92.3,722,88,0.1219,0,5,4,0,4,87.5,3,1,0,4.1,1194,1628.29,1,1,1,1
ORD001131,16196,1424,2024-02-17 02:00:00,423.17,1,Home,27.4,COD,West Bengal,Semi-Urban,10,0,3,7,0.0,20.3,782,123,0.1573,4,6,3,0,2,164.6,4,1,0,4.05,1188,423.17,0,0,1,0
ORD001132,15569,1498,2024-02-17 03:00:00,1102.3,2,Footwear,12.0,COD,Bihar,Urban,10,0,0,10,0.0,39.5,731,70,0.0958,4,11,2,0,2,296.4,3,1,0,3.78,477,1102.3,0,0,1,0
ORD001133,14300,1363,2024-02-17 04:00:00,2518.18,1,Electronics,3.5,COD,Delhi,Semi-Urban,7,1,0,6,0.1429,19.2,737,138,0.1872,1,6,4,0,2,185.9,3,1,0,3.73,421,2518.18,0,1,1,1
ORD001134,16269,1629,2024-02-17 05:00:00,838.47,1,Beauty,36.6,COD,Maharashtra,Urban,13,1,1,11,0.0769,34.1,749,35,0.0467,1,4,4,0,4,416.0,2,1,0,3.99,266,838.47,0,0,1,1
ORD001135,13818,1744,2024-02-17 06:00:00,708.82,1,Beauty,25.9,UPI,West Bengal,Urban,8,1,1,6,0.125,4.4,753,188,0.2497,3,8,2,1,4,118.2,3,1,0,3.86,115,0.0,1,0,0,0
ORD001136,14138,1198,2024-02-17 07:00:00,1694.78,1,Home,23.5,UPI,Bihar,Urban,8,0,0,8,0.0,27.5,738,65,0.0881,2,5,3,0,1,136.6,3,1,0,3.87,183,0.0,0,1,0,0
ORD001137,13823,1717,2024-02-17 08:00:00,1209.62,1,Home,30.3,Credit Card,Maharashtra,Urban,6,1,0,5,0.1667,41.6,776,28,0.0361,1,6,3,0,5,115.2,2,1,0,4.32,817,0.0,0,1,0,0
ORD001138,14042,1412,2024-02-17 09:00:00,1715.17,1,Home,10.5,COD,Bihar,Semi-Urban,12,1,2,9,0.0833,33.0,734,37,0.0504,4,6,2,0,3,209.2,6,1,0,4.34,765,1715.17,0,0,0,0
ORD001139,11906,1338,2024-02-17 10:00:00,1122.26,1,Fashion,27.4,COD,Bihar,Semi-Urban,11,0,2,9,0.0,9.3,730,114,0.1562,3,8,5,0,9,354.8,4,1,0,3.98,722,1122.26,0,1,0,0
ORD001140,16254,1658,2024-02-17 11:00:00,261.65,1,Electronics,20.1,COD,West Bengal,Semi-Urban,7,0,0,7,0.0,10.2,725,48,0.0662,4,8,6,0,3,207.7,3,1,1,4.62,599,261.65,0,0,0,1
ORD001141,10760,1428,2024-02-17 12:00:00,2225.97,1,Fashion,20.6,COD,Karnataka,Semi-Urban,9,0,2,7,0.0,93.3,698,217,0.3109,2,3,3,0,3,127.1,2,1,0,4.44,1970,2225.97,1,0,0,1
ORD001142,17830,1782,2024-02-17 13:00:00,3797.19,2,Beauty,6.9,Debit Card,Maharashtra,Semi-Urban,14,2,1,11,0.1429,64.0,726,37,0.051,2,7,1,0,2,421.2,2,1,0,3.83,1834,0.0,0,1,0,0
ORD001143,17350,1138,2024-02-17 14:00:00,2369.48,1,Home,15.3,Wallet,Delhi,Semi-Urban,13,1,2,10,0.0769,18.2,723,167,0.231,0,4,1,0,3,63.1,2,1,0,4.13,1388,0.0,0,0,0,0
ORD001144,16991,1692,2024-02-17 15:00:00,150.0,2,Home,16.5,COD,Bihar,Semi-Urban,6,0,2,4,0.0,29.6,770,193,0.2506,2,10,1,0,2,149.8,4,1,1,4.19,1651,150.0,0,0,0,0
ORD001145,16238,1541,2024-02-17 16:00:00,1437.49,2,Home,5.4,COD,Maharashtra,Urban,6,0,2,4,0.0,41.6,778,106,0.1362,2,9,5,1,4,176.8,3,1,0,4.67,1106,1437.49,1,0,0,1
ORD001146,16090,1056,2024-02-17 17:00:00,828.78,1,Footwear,14.8,COD,West Bengal,Semi-Urban,9,0,1,8,0.0,22.2,754,57,0.0756,2,4,2,0,4,117.4,2,1,0,4.71,1218,828.78,2,0,0,0
ORD001147,13445,1231,2024-02-17 18:00:00,572.18,4,Electronics,15.3,COD,Maharashtra,Semi-Urban,8,0,0,8,0.0,1.9,744,145,0.1949,1,6,2,0,2,179.1,3,1,0,4.22,283,572.18,0,0,0,0
ORD001148,16031,1657,2024-02-17 19:00:00,1180.44,1,Fashion,18.3,Credit Card,Delhi,Urban,6,0,0,6,0.0,16.1,724,177,0.2445,0,1,2,0,1,315.3,4,1,0,4.05,1998,0.0,1,1,0,0
ORD001149,17687,1434,2024-02-17 20:00:00,1002.88,2,Electronics,10.6,Credit Card,Delhi,Urban,10,0,0,10,0.0,46.5,767,137,0.1786,1,8,2,0,3,54.8,4,1,0,4.02,1705,0.0,0,0,0,0
ORD001150,10899,1383,2024-02-17 21:00:00,1488.01,4,Home,31.6,Debit Card,West Bengal,Semi-Urban,8,0,1,7,0.0,9.8,773,165,0.2135,3,9,3,0,3,312.3,2,1,0,3.59,259,0.0,0,0,0,0
ORD001151,14455,1559,2024-02-17 22:00:00,1134.5,3,Beauty,27.3,Credit Card,Maharashtra,Semi-Urban,3,0,0,3,0.0,17.5,754,54,0.0716,1,10,2,0,4,85.5,6,1,0,3.81,133,0.0,0,0,1,0
ORD001152,12947,1193,2024-02-17 23:00:00,559.76,1,Footwear,10.5,COD,Karnataka,Urban,17,0,5,12,0.0,5.7,759,125,0.1647,3,6,4,0,4,47.3,4,1,0,4.42,696,559.76,0,0,1,0
ORD001153,11719,1735,2024-02-18 00:00:00,775.91,1,Electronics,16.8,COD,Karnataka,Urban,7,1,0,6,0.1429,43.4,737,117,0.1588,1,6,3,0,1,410.0,5,1,0,3.97,228,775.91,0,0,1,0
ORD001154,10280,1647,2024-02-18 01:00:00,704.31,1,Beauty,2.9,COD,Bihar,Urban,7,0,0,7,0.0,5.6,762,67,0.0879,1,6,2,0,3,270.7,2,1,0,4.59,1292,704.31,0,0,1,0
ORD001155,13266,1533,2024-02-18 02:00:00,391.55,2,Home,29.5,UPI,Bihar,Urban,10,2,0,8,0.2,33.9,748,35,0.0468,2,7,4,0,2,172.6,2,1,0,4.59,1371,0.0,1,0,1,0
ORD001156,11887,1517,2024-02-18 03:00:00,481.55,2,Home,22.5,COD,Maharashtra,Urban,8,1,0,7,0.125,25.5,785,110,0.1401,1,5,5,1,3,299.9,3,1,0,4.42,1625,481.55,0,0,1,0
ORD001157,13266,1715,2024-02-18 04:00:00,966.19,1,Home,6.0,COD,Bihar,Urban,5,0,0,5,0.0,68.5,726,39,0.0537,5,9,4,0,4,97.1,7,1,0,4.22,1426,966.19,0,0,1,1
ORD001158,10666,1750,2024-02-18 05:00:00,2576.67,1,Home,8.0,COD,Delhi,Urban,6,4,0,2,0.6667,22.3,739,111,0.1502,4,13,6,0,3,152.9,1,1,1,4.37,1716,2576.67,0,0,1,1
ORD001159,14188,1184,2024-02-18 06:00:00,795.26,2,Footwear,30.3,COD,West Bengal,Urban,12,0,0,12,0.0,29.6,725,140,0.1931,2,6,2,0,4,799.4,5,1,0,4.46,1818,795.26,0,0,0,0
ORD001160,10671,1291,2024-02-18 07:00:00,696.13,1,Footwear,28.0,COD,Bihar,Semi-Urban,9,2,1,6,0.2222,126.5,743,29,0.039,1,6,3,0,1,62.9,4,1,0,3.84,1861,696.13,0,0,0,1
ORD001161,11969,1334,2024-02-18 08:00:00,539.82,3,Electronics,18.2,Credit Card,Karnataka,Urban,8,1,0,7,0.125,9.9,784,117,0.1492,3,6,7,1,3,191.4,7,1,0,4.03,1363,0.0,1,2,0,0
ORD001162,14156,1731,2024-02-18 09:00:00,1116.91,2,Home,25.1,UPI,Delhi,Semi-Urban,7,1,0,6,0.1429,6.9,757,332,0.4386,2,6,4,0,3,140.3,6,1,1,4.61,926,0.0,0,0,0,1
ORD001163,16777,1115,2024-02-18 10:00:00,2225.1,1,Footwear,8.6,UPI,Karnataka,Semi-Urban,11,2,1,8,0.1818,10.6,768,81,0.1055,3,6,2,0,4,52.5,3,1,0,3.28,1094,0.0,0,0,0,0
ORD001164,13122,1048,2024-02-18 11:00:00,3646.82,2,Beauty,20.1,COD,Bihar,Semi-Urban,13,0,0,13,0.0,29.5,752,18,0.0239,1,6,3,0,2,36.2,5,1,0,4.19,483,3646.82,0,0,0,1
ORD001165,17570,1684,2024-02-18 12:00:00,1301.46,1,Footwear,19.9,Credit Card,Bihar,Urban,8,0,1,7,0.0,16.1,738,110,0.1491,0,4,3,0,2,87.4,4,1,0,3.8,1617,0.0,0,0,0,0
ORD001166,17956,1081,2024-02-18 13:00:00,1192.73,1,Footwear,14.6,UPI,Delhi,Urban,6,0,1,5,0.0,24.4,776,66,0.0851,1,5,1,0,2,195.6,7,1,0,4.2,1289,0.0,0,0,0,1
ORD001167,15124,1332,2024-02-18 14:00:00,791.49,4,Electronics,20.1,UPI,Karnataka,Rural,6,3,0,3,0.5,87.7,728,41,0.0563,3,6,6,0,1,134.9,2,1,0,4.18,27,0.0,0,0,0,1
ORD001168,15585,1556,2024-02-18 15:00:00,874.86,3,Footwear,10.8,COD,West Bengal,Semi-Urban,8,2,1,5,0.25,19.3,727,112,0.1541,2,6,4,0,2,183.1,4,1,0,3.49,182,874.86,0,0,0,0
ORD001169,14699,1334,2024-02-18 16:00:00,1599.59,1,Beauty,11.8,Credit Card,West Bengal,Semi-Urban,9,2,0,7,0.2222,27.2,756,2,0.0026,1,7,3,0,6,139.0,2,1,1,4.1,1395,0.0,1,0,0,0
ORD001170,14777,1531,2024-02-18 17:00:00,907.85,1,Home,10.7,Credit Card,Delhi,Urban,14,1,4,9,0.0714,4.3,722,23,0.0319,2,8,2,0,2,126.7,4,1,0,3.38,385,0.0,0,0,0,0
ORD001171,13900,1220,2024-02-18 18:00:00,994.89,1,Fashion,15.1,Debit Card,Bihar,Urban,6,1,0,5,0.1667,9.8,753,75,0.0996,1,6,3,0,3,44.6,4,1,0,3.81,1503,0.0,1,0,0,0
ORD001172,16677,1634,2024-02-18 19:00:00,1080.08,1,Electronics,17.3,UPI,Delhi,Urban,8,0,2,6,0.0,41.7,780,72,0.0923,3,14,3,0,2,318.0,1,1,0,4.4,81,0.0,0,0,0,1
ORD001173,15524,1745,2024-02-18 20:00:00,769.32,1,Beauty,10.1,COD,Karnataka,Urban,14,3,0,11,0.2143,0.0,716,91,0.1271,0,7,3,0,2,25.5,5,1,0,3.74,727,769.32,0,0,0,0
ORD001174,16981,1732,2024-02-18 21:00:00,1048.39,1,Electronics,30.9,COD,West Bengal,Urban,5,0,2,3,0.0,23.6,744,40,0.0538,2,9,5,0,2,127.7,3,1,0,3.87,919,1048.39,1,0,0,1
ORD001175,17680,1322,2024-02-18 22:00:00,326.48,1,Home,5.5,COD,Bihar,Urban,7,2,1,4,0.2857,36.0,721,99,0.1373,1,4,4,0,2,61.9,3,1,0,3.67,1003,326.48,0,1,1,0
ORD001176,16788,1002,2024-02-18 23:00:00,1524.32,1,Footwear,16.1,COD,Karnataka,Urban,12,5,0,7,0.4167,9.9,746,106,0.1421,1,5,3,1,1,69.7,5,1,0,3.86,1588,1524.32,0,0,1,0
ORD001177,16376,1693,2024-02-19 00:00:00,4496.54,1,Footwear,2.3,COD,West Bengal,Semi-Urban,12,1,0,11,0.0833,8.8,738,35,0.0474,5,12,2,0,4,112.9,2,0,0,4.07,458,4496.54,0,0,1,0
ORD001178,10523,1205,2024-02-19 01:00:00,787.43,4,Beauty,4.3,COD,West Bengal,Semi-Urban,9,0,1,8,0.0,6.0,756,118,0.1561,4,9,5,0,4,206.0,5,0,0,3.83,1805,787.43,0,0,1,0
ORD001179,12393,1039,2024-02-19 02:00:00,1372.38,2,Home,2.8,Debit Card,Maharashtra,Urban,11,3,0,8,0.2727,35.7,764,107,0.1401,2,7,3,0,1,104.7,4,0,0,3.69,1311,0.0,1,0,1,0
ORD001180,13117,1058,2024-02-19 03:00:00,1827.94,1,Fashion,32.8,UPI,Bihar,Rural,8,0,0,8,0.0,101.5,734,27,0.0368,2,6,3,0,3,530.2,2,0,0,3.88,555,0.0,0,0,1,1
ORD001181,12593,1573,2024-02-19 04:00:00,2364.04,1,Fashion,7.4,Credit Card,Delhi,Semi-Urban,15,2,1,12,0.1333,30.4,730,117,0.1603,5,9,5,0,1,92.7,4,0,0,4.1,155,0.0,1,0,1,0
ORD001182,11968,1643,2024-02-19 05:00:00,935.8,1,Footwear,27.8,COD,Maharashtra,Urban,6,1,0,5,0.1667,37.1,726,53,0.073,0,4,4,0,4,84.9,1,0,0,4.21,1150,935.8,0,2,1,0
ORD001183,15197,1506,2024-02-19 06:00:00,371.67,1,Home,4.2,COD,West Bengal,Urban,5,0,1,4,0.0,9.5,733,27,0.0368,3,9,1,0,3,69.5,2,0,0,5.0,694,371.67,0,1,0,1
ORD001184,11753,1571,2024-02-19 07:00:00,1287.35,1,Home,25.5,COD,Bihar,Urban,12,3,0,9,0.25,30.7,771,23,0.0298,1,3,3,0,2,249.1,5,0,0,3.83,431,1287.35,0,0,0,0
ORD001185,15932,1121,2024-02-19 08:00:00,1184.62,2,Beauty,3.9,Credit Card,Bihar,Semi-Urban,9,2,0,7,0.2222,24.5,746,79,0.1059,3,9,1,0,4,57.4,1,0,0,4.65,476,0.0,1,0,0,0
ORD001186,17240,1478,2024-02-19 09:00:00,891.23,2,Fashion,4.1,COD,Maharashtra,Urban,9,1,2,6,0.1111,3.8,761,153,0.2011,0,6,1,0,3,38.7,5,0,0,4.94,1839,891.23,1,0,0,0
ORD001187,16937,1618,2024-02-19 10:00:00,1012.21,2,Beauty,18.1,COD,Karnataka,Urban,6,2,0,4,0.3333,26.7,711,86,0.121,4,7,3,0,1,24.0,4,0,0,3.81,187,1012.21,0,0,0,1
ORD001188,12296,1095,2024-02-19 11:00:00,1195.37,1,Electronics,3.7,COD,Karnataka,Urban,8,0,1,7,0.0,68.1,693,40,0.0577,2,9,3,1,3,39.8,5,0,0,4.56,49,1195.37,0,1,0,0
ORD001189,16190,1413,2024-02-19 12:00:00,1362.47,3,Home,29.6,UPI,Delhi,Semi-Urban,9,1,0,8,0.1111,17.4,773,153,0.1979,2,5,2,0,5,127.0,1,0,0,4.28,551,0.0,0,0,0,0
ORD001190,15240,1234,2024-02-19 13:00:00,1328.61,3,Fashion,9.0,COD,Bihar,Urban,11,0,2,9,0.0,51.6,778,70,0.09,1,6,7,0,1,139.5,6,0,0,4.65,197,1328.61,1,0,0,0
ORD001191,12261,1061,2024-02-19 14:00:00,962.36,1,Beauty,40.1,COD,Maharashtra,Urban,7,1,1,5,0.1429,57.3,698,48,0.0688,1,4,4,0,3,84.1,6,0,0,4.12,1865,962.36,0,1,0,0
ORD001192,12286,1255,2024-02-19 15:00:00,1381.01,1,Footwear,34.4,COD,West Bengal,Urban,12,1,0,11,0.0833,2.1,756,63,0.0833,2,9,3,0,2,188.5,5,0,0,2.94,1029,1381.01,1,0,0,1
ORD001193,15175,1560,2024-02-19 16:00:00,924.25,1,Electronics,22.0,UPI,Karnataka,Urban,8,1,2,5,0.125,44.7,781,73,0.0935,0,12,6,0,4,58.3,2,0,0,3.88,674,0.0,0,0,0,0
ORD001194,16493,1347,2024-02-19 17:00:00,1611.97,1,Beauty,20.5,COD,Maharashtra,Urban,6,1,0,5,0.1667,19.0,745,18,0.0242,0,3,3,0,5,354.5,3,0,0,4.21,846,1611.97,0,1,0,0
ORD001195,14202,1670,2024-02-19 18:00:00,752.6,2,Footwear,5.4,UPI,Delhi,Urban,14,1,0,13,0.0714,25.8,720,51,0.0708,2,6,4,0,3,313.7,5,0,0,4.36,1531,0.0,0,0,0,0
ORD001196,12878,1123,2024-02-19 19:00:00,1145.77,1,Fashion,15.5,COD,Delhi,Urban,9,1,0,8,0.1111,3.1,724,93,0.1285,0,6,4,0,1,170.0,4,0,0,4.32,143,1145.77,1,0,0,1
ORD001197,14143,1481,2024-02-19 20:00:00,413.95,1,Fashion,34.9,Wallet,Bihar,Urban,8,0,1,7,0.0,3.2,736,85,0.1155,2,5,3,0,3,191.9,4,0,0,3.92,1602,0.0,0,0,0,0
ORD001198,13644,1316,2024-02-19 21:00:00,878.36,1,Electronics,18.6,UPI,Delhi,Urban,13,3,2,8,0.2308,31.8,729,70,0.096,2,7,5,0,3,116.9,1,0,0,3.99,1683,0.0,0,0,0,0
ORD001199,14432,1503,2024-02-19 22:00:00,1541.47,1,Footwear,12.2,UPI,Delhi,Urban,15,0,0,15,0.0,44.1,756,87,0.1151,3,6,3,0,2,180.4,2,0,0,4.6,61,0.0,0,0,1,0
ORD001200,15145,1718,2024-02-19 23:00:00,589.79,3,Home,16.5,COD,Karnataka,Urban,7,0,1,6,0.0,100.4,729,62,0.085,5,11,5,0,3,358.1,2,0,0,3.82,376,589.79,0,0,1,0
ORD001201,16947,1047,2024-02-20 00:00:00,905.0,1,Fashion,15.3,UPI,Karnataka,Urban,11,0,0,11,0.0,65.4,764,6,0.0079,1,9,3,0,2,57.3,4,0,0,4.34,647,0.0,0,1,1,0
ORD001202,15376,1408,2024-02-20 01:00:00,259.03,2,Home,12.7,Credit Card,Delhi,Urban,5,2,0,3,0.4,41.9,757,93,0.1229,1,6,5,0,3,520.1,6,0,0,4.28,836,0.0,1,0,1,1
ORD001203,12055,1135,2024-02-20 02:00:00,482.58,1,Home,12.5,UPI,Bihar,Urban,9,1,1,7,0.1111,88.3,731,46,0.0629,1,6,2,0,4,26.8,1,0,0,4.47,1998,0.0,0,1,1,0
ORD001204,14720,1200,2024-02-20 03:00:00,564.6,1,Beauty,8.2,Credit Card,Karnataka,Urban,6,1,0,5,0.1667,30.9,718,77,0.1072,2,9,3,0,2,266.7,4,0,0,3.85,26,0.0,0,1,1,1
ORD001205,15986,1249,2024-02-20 04:00:00,1165.67,1,Beauty,16.8,COD,Karnataka,Rural,7,0,0,7,0.0,127.4,720,75,0.1042,0,8,2,0,2,79.8,5,0,0,4.37,89,1165.67,0,0,1,1
ORD001206,11276,1313,2024-02-20 05:00:00,1339.49,2,Fashion,16.3,COD,Delhi,Rural,10,2,5,3,0.2,11.7,763,42,0.055,5,9,4,0,3,254.5,4,0,0,4.29,714,1339.49,0,0,1,0
ORD001207,15811,1367,2024-02-20 06:00:00,1060.36,1,Home,23.3,UPI,Bihar,Urban,5,1,1,3,0.2,1.4,742,57,0.0768,1,9,3,0,4,183.5,1,0,0,3.85,487,0.0,1,0,0,0
ORD001208,12766,1428,2024-02-20 07:00:00,871.7,1,Beauty,13.3,COD,Delhi,Urban,4,1,0,3,0.25,32.1,739,47,0.0636,1,6,3,0,3,37.8,3,0,0,4.97,874,871.7,1,0,0,0
ORD001209,10302,1479,2024-02-20 08:00:00,873.53,1,Footwear,13.9,COD,West Bengal,Rural,7,0,1,6,0.0,6.6,709,205,0.2891,1,4,1,0,3,293.4,3,0,0,3.95,1400,873.53,0,0,0,0
ORD001210,10638,1313,2024-02-20 09:00:00,1685.18,1,Footwear,16.8,COD,West Bengal,Urban,5,0,1,4,0.0,11.6,808,40,0.0495,2,7,2,0,2,96.9,6,0,0,4.1,824,1685.18,0,0,0,0
ORD001211,10055,1499,2024-02-20 10:00:00,1246.0,4,Footwear,24.1,COD,Bihar,Semi-Urban,9,1,0,8,0.1111,8.2,749,114,0.1522,1,1,2,0,4,110.9,6,0,0,4.17,302,1246.0,0,0,0,1
ORD001212,14821,1720,2024-02-20 11:00:00,897.52,1,Footwear,24.4,Credit Card,West Bengal,Semi-Urban,11,4,0,7,0.3636,0.2,745,74,0.0993,2,10,6,0,2,116.8,5,0,0,3.83,1834,0.0,0,0,0,0
ORD001213,10525,1354,2024-02-20 12:00:00,2382.68,1,Home,13.4,UPI,Bihar,Rural,9,0,0,9,0.0,17.5,760,90,0.1184,3,4,2,0,4,279.1,3,0,0,4.42,570,0.0,0,0,0,1
ORD001214,14569,1484,2024-02-20 13:00:00,3533.29,1,Footwear,40.6,UPI,West Bengal,Urban,13,0,1,12,0.0,2.1,749,17,0.0227,1,8,4,0,3,115.6,1,0,0,3.94,576,0.0,0,0,0,0
ORD001215,14123,1210,2024-02-20 14:00:00,519.34,3,Home,2.3,UPI,Maharashtra,Urban,13,0,2,11,0.0,6.3,729,17,0.0233,2,5,2,0,2,128.1,4,0,0,4.62,1265,0.0,0,0,0,0
ORD001216,12125,1703,2024-02-20 15:00:00,1500.43,1,Fashion,5.1,UPI,Karnataka,Urban,8,0,3,5,0.0,13.1,762,86,0.1129,2,8,2,0,3,76.9,4,0,0,3.9,1628,0.0,0,0,0,0
ORD001217,13287,1043,2024-02-20 16:00:00,7001.88,2,Fashion,19.0,UPI,Delhi,Semi-Urban,10,1,0,9,0.1,17.8,772,59,0.0764,1,5,3,0,2,213.7,1,0,0,4.4,397,0.0,0,0,0,0
ORD001218,17553,1540,2024-02-20 17:00:00,1297.41,3,Footwear,20.9,COD,Bihar,Urban,12,0,0,12,0.0,34.4,752,124,0.1649,0,4,5,0,2,118.3,2,0,0,4.85,1938,1297.41,1,2,0,0
ORD001219,10364,1570,2024-02-20 18:00:00,1175.28,1,Footwear,19.1,Debit Card,West Bengal,Urban,15,0,1,14,0.0,5.9,749,74,0.0988,2,6,4,0,2,263.4,4,0,0,3.26,1240,0.0,0,0,0,0
ORD001220,16809,1582,2024-02-20 19:00:00,1060.57,1,Footwear,17.3,UPI,Maharashtra,Urban,7,0,0,7,0.0,16.7,733,27,0.0368,0,2,4,0,1,92.5,3,0,0,4.06,673,0.0,0,0,0,0
ORD001221,14621,1091,2024-02-20 20:00:00,1471.6,1,Fashion,8.9,UPI,West Bengal,Semi-Urban,6,1,0,5,0.1667,28.4,769,40,0.052,2,5,5,0,1,268.3,1,0,0,3.9,922,0.0,1,0,0,0
ORD001222,16842,1264,2024-02-20 21:00:00,1724.93,2,Beauty,9.3,COD,Maharashtra,Urban,6,3,0,3,0.5,23.8,776,93,0.1198,2,7,2,0,2,56.2,3,0,0,4.79,57,1724.93,0,0,0,0
ORD001223,15431,1219,2024-02-20 22:00:00,519.64,1,Fashion,4.2,COD,Delhi,Semi-Urban,16,2,2,12,0.125,4.4,760,152,0.2,1,6,1,0,4,161.1,7,0,0,3.67,1219,519.64,0,0,1,1
ORD001224,14978,1441,2024-02-20 23:00:00,1079.35,1,Footwear,32.5,Debit Card,Karnataka,Semi-Urban,8,0,0,8,0.0,44.0,725,72,0.0993,3,8,1,0,2,104.7,4,0,0,3.82,1978,0.0,1,1,1,0
ORD001225,15126,1400,2024-02-21 00:00:00,280.98,2,Beauty,16.9,Wallet,Karnataka,Urban,6,1,0,5,0.1667,0.5,790,133,0.1684,1,6,5,0,3,42.2,4,0,0,4.51,309,0.0,0,0,1,0
ORD001226,15122,1399,2024-02-21 01:00:00,967.2,1,Beauty,25.7,Credit Card,Maharashtra,Urban,6,4,1,1,0.6667,14.4,704,95,0.1349,2,11,4,0,5,368.4,5,0,0,3.96,1052,0.0,2,1,1,1
ORD001227,11646,1726,2024-02-21 02:00:00,638.03,1,Electronics,11.0,Debit Card,West Bengal,Rural,8,0,1,7,0.0,8.8,783,85,0.1086,1,7,4,0,1,45.6,3,0,0,3.81,1945,0.0,0,0,1,0
ORD001228,10918,1788,2024-02-21 03:00:00,1344.14,1,Home,22.2,COD,Karnataka,Urban,9,0,0,9,0.0,2.6,784,146,0.1862,2,11,4,0,2,8.7,2,0,0,4.66,498,1344.14,0,0,1,0
ORD001229,12797,1575,2024-02-21 04:00:00,405.93,1,Footwear,19.4,COD,West Bengal,Semi-Urban,7,2,1,4,0.2857,35.7,762,30,0.0394,2,7,1,0,2,157.7,2,0,0,4.2,1461,405.93,0,0,1,0
ORD001230,16506,1489,2024-02-21 05:00:00,806.42,1,Home,37.9,Credit Card,Bihar,Semi-Urban,6,0,0,6,0.0,50.7,779,48,0.0616,0,5,2,0,3,3.9,7,0,0,4.08,364,0.0,0,0,1,0
ORD001231,15870,1484,2024-02-21 06:00:00,1958.49,1,Electronics,6.9,COD,West Bengal,Semi-Urban,8,1,0,7,0.125,19.1,707,78,0.1103,3,6,1,0,2,69.7,2,0,0,3.8,501,1958.49,0,1,0,0
ORD001232,11531,1756,2024-02-21 07:00:00,730.84,3,Home,3.6,COD,Bihar,Semi-Urban,12,2,0,10,0.1667,21.0,738,17,0.023,2,6,2,0,2,240.1,3,0,0,3.82,271,730.84,1,0,0,1
ORD001233,13345,1469,2024-02-21 08:00:00,349.69,1,Footwear,14.9,Credit Card,Bihar,Urban,7,0,0,7,0.0,20.4,759,99,0.1304,3,8,3,0,3,114.7,3,0,0,4.67,566,0.0,1,0,0,0
ORD001234,17673,1573,2024-02-21 09:00:00,1279.88,3,Electronics,10.8,UPI,Karnataka,Semi-Urban,10,2,1,7,0.2,11.0,737,97,0.1316,6,10,1,0,4,94.7,4,0,0,4.38,983,0.0,1,0,0,0
ORD001235,16949,1681,2024-02-21 10:00:00,771.3,2,Home,24.9,COD,Bihar,Urban,11,1,0,10,0.0909,18.4,777,4,0.0051,0,2,5,0,3,108.2,1,0,0,4.35,1990,771.3,0,0,0,0
ORD001236,16882,1444,2024-02-21 11:00:00,980.9,1,Fashion,20.0,UPI,West Bengal,Semi-Urban,5,0,1,4,0.0,20.1,785,55,0.0701,3,6,4,0,4,203.5,4,0,0,3.75,350,0.0,0,0,0,0
ORD001237,11906,1268,2024-02-21 12:00:00,707.74,2,Beauty,27.0,Credit Card,Delhi,Urban,10,0,1,9,0.0,152.4,772,146,0.1891,0,10,3,1,4,158.3,1,0,0,4.3,1761,0.0,0,0,0,0
ORD001238,13086,1266,2024-02-21 13:00:00,3585.45,1,Electronics,6.8,UPI,West Bengal,Rural,8,0,1,7,0.0,10.2,710,92,0.1296,1,4,2,0,4,82.1,2,0,0,4.11,21,0.0,1,0,0,0
ORD001239,15311,1053,2024-02-21 14:00:00,430.59,4,Fashion,11.1,UPI,Maharashtra,Rural,8,2,0,6,0.25,38.3,735,89,0.1211,3,6,5,0,2,384.5,4,0,0,4.17,1693,0.0,0,0,0,0
ORD001240,15750,1527,2024-02-21 15:00:00,6003.5,3,Footwear,1.9,Wallet,Maharashtra,Semi-Urban,11,3,1,7,0.2727,8.1,785,105,0.1338,2,7,2,0,2,178.6,2,0,0,3.95,679,0.0,0,1,0,0
ORD001241,14580,1519,2024-02-21 16:00:00,867.5,1,Beauty,12.1,UPI,West Bengal,Urban,14,2,0,12,0.1429,8.9,708,200,0.2825,2,3,2,0,4,161.4,3,0,0,4.66,917,0.0,0,0,0,0
ORD001242,12075,1615,2024-02-21 17:00:00,1224.23,1,Electronics,19.4,COD,Maharashtra,Urban,7,0,0,7,0.0,1.0,735,59,0.0803,2,6,3,0,3,118.6,5,0,0,4.27,1912,1224.23,1,0,0,0
ORD001243,10713,1058,2024-02-21 18:00:00,776.75,1,Beauty,3.6,COD,Delhi,Urban,12,1,1,10,0.0833,4.0,756,41,0.0542,1,8,4,0,2,56.6,3,0,0,4.8,1966,776.75,0,0,0,0
ORD001244,11062,1039,2024-02-21 19:00:00,757.5,1,Electronics,17.4,COD,Maharashtra,Semi-Urban,9,1,1,7,0.1111,13.0,741,91,0.1228,2,6,4,0,3,51.3,3,0,0,3.92,1035,757.5,0,0,0,0
ORD001245,11976,1236,2024-02-21 20:00:00,684.78,1,Electronics,18.1,COD,Karnataka,Semi-Urban,13,2,0,11,0.1538,41.5,752,65,0.0864,0,1,3,0,5,471.8,4,0,0,3.98,632,684.78,0,0,0,1
ORD001246,11296,1385,2024-02-21 21:00:00,1573.02,1,Home,7.3,COD,Delhi,Urban,7,2,1,4,0.2857,19.0,748,39,0.0521,1,4,2,0,3,229.4,3,0,0,4.08,1283,1573.02,0,0,0,0
ORD001247,15350,1605,2024-02-21 22:00:00,470.37,2,Beauty,6.4,COD,Karnataka,Semi-Urban,11,1,3,7,0.0909,14.5,773,170,0.2199,3,5,3,1,4,356.7,4,0,0,4.56,477,470.37,0,0,1,0
ORD001248,16229,1733,2024-02-21 23:00:00,1364.39,1,Beauty,18.1,COD,Karnataka,Urban,12,4,1,7,0.3333,45.4,839,73,0.087,3,7,5,0,3,19.2,5,0,0,4.1,237,1364.39,1,1,1,1
ORD001249,17641,1715,2024-02-22 00:00:00,295.69,2,Fashion,15.0,COD,Delhi,Rural,10,5,0,5,0.5,34.4,755,61,0.0808,1,6,1,0,4,211.6,3,0,0,3.09,1400,295.69,1,0,1,1
ORD001250,10125,1649,2024-02-22 01:00:00,1292.22,2,Footwear,18.6,COD,Karnataka,Urban,6,2,0,4,0.3333,13.4,713,188,0.2637,1,5,3,0,2,149.8,3,0,0,4.38,952,1292.22,0,0,1,1
ORD001251,16955,1299,2024-02-22 02:00:00,1825.27,1,Fashion,9.7,COD,Maharashtra,Urban,13,1,2,10,0.0769,113.0,761,150,0.1971,2,7,2,0,1,50.5,2,0,0,4.26,234,1825.27,0,0,1,0
ORD001252,14632,1394,2024-02-22 03:00:00,510.45,3,Home,27.8,COD,West Bengal,Semi-Urban,12,0,2,10,0.0,39.9,677,3,0.0044,4,7,3,0,2,266.0,3,0,0,4.42,1647,510.45,1,0,1,0
ORD001253,16288,1206,2024-02-22 04:00:00,1647.88,1,Electronics,6.6,COD,Delhi,Rural,9,3,1,5,0.3333,13.2,767,187,0.2438,2,7,6,0,1,56.2,4,0,0,4.35,1843,1647.88,1,0,1,1
ORD001254,13596,1335,2024-02-22 05:00:00,1130.97,1,Home,22.6,COD,West Bengal,Urban,14,0,0,14,0.0,41.9,737,87,0.118,3,8,1,0,2,192.1,3,0,0,3.9,979,1130.97,0,0,1,0
ORD001255,13283,1592,2024-02-22 06:00:00,2861.37,2,Home,18.0,UPI,Delhi,Urban,8,1,0,7,0.125,20.8,786,28,0.0356,2,3,4,0,3,388.3,7,0,1,4.18,299,0.0,0,1,0,0
ORD001256,16168,1729,2024-02-22 07:00:00,656.47,1,Fashion,4.4,COD,Delhi,Semi-Urban,11,3,0,8,0.2727,1.5,720,143,0.1986,2,5,3,0,6,328.6,4,0,0,4.68,1546,656.47,1,0,0,1
ORD001257,11603,1513,2024-02-22 08:00:00,5940.76,1,Electronics,10.3,UPI,Karnataka,Rural,10,0,3,7,0.0,31.8,738,50,0.0678,1,7,2,0,1,24.3,2,0,1,4.07,171,0.0,0,0,0,0
ORD001258,17561,1177,2024-02-22 09:00:00,261.26,3,Footwear,11.5,UPI,West Bengal,Rural,7,0,0,7,0.0,12.7,760,227,0.2987,1,4,5,0,4,182.4,2,0,0,4.62,293,0.0,1,0,0,0
ORD001259,10066,1395,2024-02-22 10:00:00,899.91,4,Home,11.0,COD,Maharashtra,Urban,8,1,0,7,0.125,32.3,718,37,0.0515,4,7,2,0,3,45.8,4,0,0,3.47,1820,899.91,0,0,0,1
ORD001260,10232,1370,2024-02-22 11:00:00,395.78,2,Footwear,9.0,COD,West Bengal,Semi-Urban,7,0,0,7,0.0,15.9,700,39,0.0557,3,9,3,0,4,101.9,4,0,0,4.39,1691,395.78,0,0,0,0
ORD001261,12156,1790,2024-02-22 12:00:00,3329.68,2,Electronics,23.0,COD,Delhi,Semi-Urban,9,1,0,8,0.1111,8.4,743,39,0.0525,3,7,6,0,3,315.8,1,0,0,3.91,163,3329.68,0,1,0,0
ORD001262,11169,1657,2024-02-22 13:00:00,937.28,1,Electronics,4.3,Credit Card,Maharashtra,Urban,15,1,1,13,0.0667,8.7,768,110,0.1432,3,8,2,0,7,99.4,1,0,0,3.99,1912,0.0,1,1,0,0
ORD001263,12158,1317,2024-02-22 14:00:00,989.29,1,Fashion,4.7,Wallet,Karnataka,Urban,14,0,1,13,0.0,4.9,749,93,0.1242,3,7,1,0,3,103.2,5,0,0,4.09,933,0.0,0,0,0,0
ORD001264,16371,1735,2024-02-22 15:00:00,1430.73,2,Beauty,28.0,COD,Maharashtra,Semi-Urban,14,3,1,10,0.2143,55.7,779,93,0.1194,4,9,1,0,4,219.1,3,0,0,3.6,655,1430.73,0,0,0,0
ORD001265,14206,1368,2024-02-22 16:00:00,1093.48,1,Fashion,24.1,COD,Maharashtra,Urban,9,1,1,7,0.1111,76.7,742,38,0.0512,5,14,2,0,4,226.1,5,0,0,4.37,1894,1093.48,0,0,0,1
ORD001266,11493,1383,2024-02-22 17:00:00,767.96,1,Footwear,19.4,COD,West Bengal,Urban,6,0,1,5,0.0,30.2,699,229,0.3276,1,6,2,0,4,430.8,4,0,0,4.1,36,767.96,0,0,0,1
ORD001267,16177,1061,2024-02-22 18:00:00,515.95,1,Fashion,16.6,COD,Delhi,Urban,9,3,0,6,0.3333,2.0,757,110,0.1453,2,8,2,0,2,23.1,2,0,0,4.15,1671,515.95,0,1,0,1
ORD001268,14718,1504,2024-02-22 19:00:00,1213.31,2,Electronics,7.2,UPI,Delhi,Semi-Urban,9,0,0,9,0.0,16.7,719,96,0.1335,2,7,2,0,3,273.2,3,0,1,4.1,1546,0.0,1,1,0,0
ORD001269,17943,1238,2024-02-22 20:00:00,1376.5,1,Home,9.5,Wallet,Delhi,Urban,16,0,1,15,0.0,2.0,733,184,0.251,3,10,4,0,4,179.5,3,0,0,3.97,1082,0.0,0,0,0,0
ORD001270,14007,1194,2024-02-22 21:00:00,1664.41,2,Beauty,22.6,Debit Card,Bihar,Rural,5,1,2,2,0.2,9.4,769,203,0.264,2,13,7,0,4,59.8,3,0,0,4.04,380,0.0,1,0,0,1
ORD001271,17536,1677,2024-02-22 22:00:00,3455.2,1,Electronics,16.9,UPI,Karnataka,Urban,9,0,1,8,0.0,1.0,733,82,0.1119,3,5,1,0,1,46.7,4,0,0,4.26,1143,0.0,0,2,1,0
ORD001272,16891,1221,2024-02-22 23:00:00,297.6,1,Home,8.3,COD,West Bengal,Urban,10,0,0,10,0.0,134.9,738,52,0.0705,1,7,2,0,5,269.7,5,0,0,3.68,1651,297.6,0,0,1,0
ORD001273,16738,1060,2024-02-23 00:00:00,1052.97,1,Footwear,10.0,COD,Delhi,Rural,7,0,0,7,0.0,13.9,797,92,0.1154,0,3,4,0,5,104.1,2,0,0,3.58,41,1052.97,0,2,1,1
ORD001274,17721,1128,2024-02-23 01:00:00,2241.82,1,Footwear,12.2,UPI,Maharashtra,Semi-Urban,11,1,1,9,0.0909,8.1,742,33,0.0445,1,7,2,1,2,66.8,6,0,0,4.44,732,0.0,0,0,1,0
ORD001275,12472,1684,2024-02-23 02:00:00,1017.69,3,Footwear,16.6,UPI,Bihar,Urban,10,1,0,9,0.1,2.1,720,40,0.0556,3,6,4,1,4,19.6,3,0,1,4.44,1538,0.0,0,1,1,0
ORD001276,12660,1155,2024-02-23 03:00:00,269.64,1,Fashion,5.9,COD,Karnataka,Rural,10,3,0,7,0.3,3.9,770,96,0.1247,2,2,2,0,5,367.0,7,0,0,4.51,1325,269.64,2,1,1,1
ORD001277,15637,1377,2024-02-23 04:00:00,505.41,1,Footwear,2.0,COD,Delhi,Semi-Urban,5,0,0,5,0.0,6.5,723,77,0.1065,3,10,2,0,4,105.8,2,0,0,4.34,941,505.41,1,0,1,1
ORD001278,12739,1621,2024-02-23 05:00:00,1335.61,1,Footwear,12.7,UPI,Bihar,Semi-Urban,5,1,0,4,0.2,14.7,744,148,0.1989,1,9,2,0,7,183.5,3,0,0,4.42,537,0.0,0,0,1,0
ORD001279,15401,1780,2024-02-23 06:00:00,1306.78,1,Fashion,19.3,UPI,Karnataka,Rural,12,1,1,10,0.0833,3.7,712,33,0.0463,5,8,5,0,1,183.4,3,0,0,4.13,811,0.0,0,0,0,1
ORD001280,17487,1789,2024-02-23 07:00:00,1641.74,1,Home,12.0,COD,Maharashtra,Urban,10,0,4,6,0.0,2.5,772,53,0.0687,1,3,3,0,2,84.1,2,0,0,4.37,1031,1641.74,0,0,0,1
ORD001281,11761,1585,2024-02-23 08:00:00,686.35,1,Electronics,11.9,UPI,Bihar,Urban,8,2,0,6,0.25,28.3,793,90,0.1135,3,7,4,0,3,125.7,5,0,0,4.24,105,0.0,1,0,0,0
ORD001282,13514,1436,2024-02-23 09:00:00,1281.68,4,Beauty,10.4,COD,West Bengal,Semi-Urban,8,1,0,7,0.125,22.5,750,7,0.0093,3,5,2,0,4,100.9,1,0,0,4.18,753,1281.68,0,0,0,1
ORD001283,11975,1206,2024-02-23 10:00:00,621.72,2,Footwear,9.7,COD,Karnataka,Urban,11,2,2,7,0.1818,5.1,772,49,0.0635,1,7,1,0,4,104.5,3,0,0,3.76,1828,621.72,0,0,0,0
ORD001284,12362,1387,2024-02-23 11:00:00,1281.74,1,Footwear,14.1,Debit Card,Bihar,Rural,17,0,0,17,0.0,17.8,683,82,0.1201,4,10,3,0,3,131.2,3,0,1,4.01,1211,0.0,0,0,0,1
ORD001285,10876,1479,2024-02-23 12:00:00,1132.21,1,Footwear,6.5,UPI,Bihar,Urban,10,1,5,4,0.1,6.7,715,36,0.0503,1,6,3,0,3,59.6,3,0,0,4.16,272,0.0,0,1,0,0
ORD001286,16085,1790,2024-02-23 13:00:00,670.14,1,Fashion,17.6,COD,Karnataka,Urban,11,2,2,7,0.1818,2.2,743,133,0.179,2,5,2,0,3,136.1,5,0,0,4.66,1716,670.14,0,0,0,0
ORD001287,13812,1339,2024-02-23 14:00:00,2793.11,1,Fashion,25.2,UPI,Bihar,Urban,11,0,1,10,0.0,31.5,745,39,0.0523,1,11,2,0,5,66.0,3,0,0,4.85,863,0.0,1,0,0,1
ORD001288,13448,1339,2024-02-23 15:00:00,394.11,2,Fashion,13.9,COD,Bihar,Semi-Urban,17,4,0,13,0.2353,18.7,743,14,0.0188,1,9,1,0,2,234.6,3,0,0,4.07,51,394.11,0,0,0,0
ORD001289,11312,1203,2024-02-23 16:00:00,1007.3,3,Beauty,25.7,COD,Karnataka,Urban,9,2,1,6,0.2222,23.1,706,51,0.0722,0,5,4,0,2,198.2,5,0,0,4.67,1309,1007.3,0,1,0,0
ORD001290,11460,1160,2024-02-23 17:00:00,661.33,1,Electronics,14.7,COD,Maharashtra,Urban,4,0,1,3,0.0,4.1,776,27,0.0348,0,4,1,0,3,53.6,4,0,0,4.68,814,661.33,0,1,0,0
ORD001291,12709,1539,2024-02-23 18:00:00,3296.19,2,Footwear,2.5,Credit Card,West Bengal,Rural,4,0,1,3,0.0,34.8,752,79,0.1051,0,7,3,0,4,70.8,2,0,0,5.0,1615,0.0,0,0,0,0
ORD001292,12324,1391,2024-02-23 19:00:00,1570.33,1,Home,11.9,COD,Karnataka,Rural,8,1,1,6,0.125,36.6,744,27,0.0363,1,6,5,0,2,101.7,5,0,0,4.64,1376,1570.33,0,0,0,0
ORD001293,11733,1768,2024-02-23 20:00:00,742.79,1,Footwear,8.3,UPI,Delhi,Urban,12,0,0,12,0.0,17.3,757,175,0.2312,3,7,3,0,4,38.1,1,0,0,3.98,1706,0.0,1,0,0,0
ORD001294,11605,1676,2024-02-23 21:00:00,927.2,1,Footwear,33.1,COD,Bihar,Urban,16,0,1,15,0.0,50.4,738,74,0.1003,0,7,5,0,4,303.3,1,0,0,3.82,273,927.2,0,0,0,1
ORD001295,15622,1574,2024-02-23 22:00:00,3350.13,1,Footwear,0.3,COD,West Bengal,Urban,10,1,0,9,0.1,120.6,763,160,0.2097,1,4,1,0,1,84.0,6,0,0,3.88,1793,3350.13,0,0,1,0
ORD001296,16767,1533,2024-02-23 23:00:00,621.56,3,Footwear,17.8,Debit Card,West Bengal,Rural,9,0,0,9,0.0,14.4,767,131,0.1708,2,7,3,0,4,302.7,1,0,0,4.12,230,0.0,0,0,1,1
ORD001297,12563,1069,2024-02-24 00:00:00,380.44,1,Electronics,29.0,COD,Karnataka,Semi-Urban,8,0,1,7,0.0,29.7,820,68,0.0829,1,8,2,0,2,97.6,3,1,0,3.86,134,380.44,0,0,1,1
ORD001298,13421,1404,2024-02-24 01:00:00,1305.84,1,Home,10.4,COD,Delhi,Semi-Urban,8,0,0,8,0.0,0.5,747,131,0.1754,3,6,4,0,4,78.4,4,1,0,3.61,1472,1305.84,0,0,1,0
ORD001299,16986,1607,2024-02-24 02:00:00,1323.7,4,Fashion,5.5,COD,Delhi,Rural,8,1,0,7,0.125,1.8,718,68,0.0947,1,3,4,0,1,206.2,4,1,0,4.02,1369,1323.7,0,0,1,0
ORD001300,13517,1674,2024-02-24 03:00:00,1635.36,3,Home,18.3,COD,Maharashtra,Semi-Urban,12,0,2,10,0.0,17.4,735,63,0.0857,1,7,1,0,7,144.5,5,1,0,3.45,1927,1635.36,0,1,1,0
ORD001301,17997,1590,2024-02-24 04:00:00,1641.84,2,Footwear,23.4,UPI,Delhi,Urban,11,1,3,7,0.0909,4.7,738,49,0.0664,5,7,4,0,3,125.5,2,1,0,3.82,653,0.0,0,1,1,0
ORD001302,12397,1516,2024-02-24 05:00:00,3172.97,3,Home,21.9,UPI,Karnataka,Urban,6,0,1,5,0.0,0.6,740,57,0.077,1,10,3,1,5,79.6,6,1,0,4.1,459,0.0,1,0,1,0
ORD001303,15726,1119,2024-02-24 06:00:00,391.16,1,Footwear,26.9,UPI,West Bengal,Rural,8,1,0,7,0.125,1.6,707,236,0.3338,1,8,4,0,5,52.8,2,1,0,4.66,210,0.0,1,0,0,0
ORD001304,13735,1689,2024-02-24 07:00:00,532.89,2,Home,18.2,UPI,West Bengal,Semi-Urban,9,1,0,8,0.1111,2.8,728,122,0.1676,3,7,3,1,2,54.7,5,1,0,3.97,790,0.0,0,0,0,0
ORD001305,12870,1687,2024-02-24 08:00:00,1631.61,2,Beauty,35.9,COD,Delhi,Rural,10,0,0,10,0.0,66.2,716,22,0.0307,1,4,1,0,3,303.7,6,1,0,4.7,1684,1631.61,0,0,0,1
ORD001306,11160,1216,2024-02-24 09:00:00,564.89,3,Home,3.9,COD,Bihar,Rural,9,2,0,7,0.2222,28.1,750,37,0.0493,5,11,5,0,1,49.8,3,1,0,4.12,856,564.89,0,1,0,0
ORD001307,14854,1055,2024-02-24 10:00:00,457.62,2,Fashion,9.8,Credit Card,Maharashtra,Urban,7,0,0,7,0.0,38.9,715,109,0.1524,3,4,3,0,3,58.5,4,1,0,4.33,269,0.0,0,0,0,0
ORD001308,17042,1365,2024-02-24 11:00:00,3359.36,1,Fashion,9.6,COD,Delhi,Urban,13,3,0,10,0.2308,4.7,763,76,0.0996,0,2,2,0,2,104.7,1,1,0,3.82,1011,3359.36,0,0,0,0
ORD001309,10242,1698,2024-02-24 12:00:00,414.9,2,Home,35.9,COD,Karnataka,Semi-Urban,8,1,1,6,0.125,9.8,756,170,0.2249,1,6,6,0,2,20.4,4,1,0,4.18,1782,414.9,0,0,0,0
ORD001310,12590,1503,2024-02-24 13:00:00,888.24,1,Home,31.6,COD,Maharashtra,Urban,9,0,0,9,0.0,3.0,815,126,0.1546,2,5,4,0,3,124.3,2,1,0,4.08,629,888.24,0,0,0,0
ORD001311,11063,1743,2024-02-24 14:00:00,1058.26,1,Electronics,17.3,COD,Delhi,Urban,9,0,0,9,0.0,50.7,736,73,0.0992,2,8,2,0,3,258.0,4,1,0,3.95,1655,1058.26,0,0,0,0
ORD001312,14324,1766,2024-02-24 15:00:00,2405.43,1,Home,7.8,COD,Maharashtra,Urban,6,1,0,5,0.1667,14.8,745,53,0.0711,1,4,8,0,3,341.3,4,1,0,3.68,1137,2405.43,0,0,0,0
ORD001313,12595,1454,2024-02-24 16:00:00,357.35,3,Fashion,6.6,Debit Card,Bihar,Semi-Urban,7,1,1,5,0.1429,54.1,717,91,0.1269,2,5,3,0,2,156.0,3,1,0,3.64,307,0.0,0,1,0,0
ORD001314,10919,1103,2024-02-24 17:00:00,1407.1,1,Beauty,19.8,COD,Karnataka,Rural,12,1,0,11,0.0833,25.9,771,39,0.0506,1,4,2,0,2,238.6,5,1,0,3.48,1562,1407.1,0,0,0,1
ORD001315,15342,1076,2024-02-24 18:00:00,642.76,1,Fashion,35.3,Wallet,Delhi,Urban,9,4,0,5,0.4444,61.7,713,11,0.0154,3,9,1,0,3,369.8,5,1,0,3.44,1543,0.0,2,0,0,1
ORD001316,10005,1229,2024-02-24 19:00:00,1598.09,1,Electronics,4.8,UPI,West Bengal,Semi-Urban,4,1,0,3,0.25,30.4,805,57,0.0708,4,7,4,0,2,81.5,3,1,0,5.0,1875,0.0,0,0,0,0
ORD001317,17489,1257,2024-02-24 20:00:00,636.46,4,Home,5.3,Credit Card,Karnataka,Semi-Urban,8,0,4,4,0.0,19.7,732,44,0.0601,1,7,2,0,6,59.2,3,1,0,4.25,754,0.0,1,0,0,0
ORD001318,10467,1263,2024-02-24 21:00:00,2816.88,1,Beauty,1.1,COD,Bihar,Semi-Urban,9,0,0,9,0.0,0.2,758,192,0.2533,3,5,4,0,4,170.3,6,1,0,5.0,661,2816.88,0,0,0,1
ORD001319,15851,1330,2024-02-24 22:00:00,638.69,2,Fashion,14.7,COD,Bihar,Semi-Urban,8,0,0,8,0.0,9.5,736,119,0.1617,3,8,6,0,4,93.4,7,1,0,4.18,1707,638.69,1,1,1,1
ORD001320,14170,1181,2024-02-24 23:00:00,250.34,3,Beauty,19.1,UPI,West Bengal,Urban,6,0,0,6,0.0,24.4,749,216,0.2884,1,6,2,0,1,134.7,4,1,0,4.38,1609,0.0,0,0,1,0
ORD001321,10003,1767,2024-02-25 00:00:00,683.13,1,Footwear,10.8,COD,Karnataka,Urban,12,0,1,11,0.0,136.2,726,130,0.1791,1,3,3,0,1,114.0,4,1,0,4.63,742,683.13,0,0,1,0
ORD001322,15966,1549,2024-02-25 01:00:00,937.5,1,Fashion,12.3,Debit Card,Delhi,Urban,11,4,0,7,0.3636,18.1,707,137,0.1938,2,3,5,0,3,93.1,5,1,0,4.14,1617,0.0,0,1,1,0
ORD001323,10645,1687,2024-02-25 02:00:00,2099.41,2,Footwear,2.1,COD,West Bengal,Rural,7,0,0,7,0.0,27.1,720,40,0.0556,0,4,4,0,3,115.7,2,1,0,4.19,840,2099.41,0,1,1,0
ORD001324,10117,1026,2024-02-25 03:00:00,515.4,3,Beauty,13.0,UPI,Delhi,Urban,9,1,0,8,0.1111,68.0,753,117,0.1554,4,10,5,0,2,545.1,5,1,0,3.88,1014,0.0,2,0,1,0
ORD001325,12928,1275,2024-02-25 04:00:00,521.55,2,Home,9.2,Credit Card,Maharashtra,Rural,9,2,0,7,0.2222,3.1,748,36,0.0481,1,3,2,0,1,96.9,2,1,0,3.5,493,0.0,1,0,1,0
ORD001326,15725,1651,2024-02-25 05:00:00,1951.49,1,Home,5.0,COD,Delhi,Urban,5,1,0,4,0.2,19.1,742,38,0.0512,1,5,2,0,3,28.0,2,1,0,4.22,236,1951.49,0,0,1,1
ORD001327,12551,1298,2024-02-25 06:00:00,480.52,3,Home,43.0,Debit Card,Maharashtra,Semi-Urban,4,1,0,3,0.25,38.7,775,62,0.08,1,4,2,1,2,206.2,5,1,0,4.33,1937,0.0,0,0,0,0
ORD001328,16117,1798,2024-02-25 07:00:00,984.97,1,Footwear,9.1,COD,Delhi,Semi-Urban,7,3,0,4,0.4286,12.0,701,104,0.1484,0,5,7,0,3,193.9,7,1,0,3.66,1002,984.97,0,1,0,1
ORD001329,15042,1090,2024-02-25 08:00:00,997.06,1,Home,13.0,UPI,Maharashtra,Semi-Urban,3,0,0,3,0.0,22.2,765,27,0.0353,2,4,2,0,1,106.1,7,1,0,3.64,1388,0.0,0,0,0,0
ORD001330,16717,1479,2024-02-25 09:00:00,1249.56,2,Electronics,16.6,Credit Card,Karnataka,Urban,7,1,0,6,0.1429,30.6,801,43,0.0537,5,13,7,0,3,61.7,6,1,0,3.41,38,0.0,0,2,0,0
ORD001331,15560,1572,2024-02-25 10:00:00,699.31,1,Fashion,7.5,COD,Bihar,Urban,11,1,0,10,0.0909,36.2,724,50,0.0691,1,6,3,0,2,134.8,2,1,0,3.97,310,699.31,0,0,0,1
ORD001332,14289,1457,2024-02-25 11:00:00,628.79,2,Fashion,19.1,COD,Karnataka,Urban,10,4,0,6,0.4,7.7,710,74,0.1042,2,7,3,0,3,108.1,3,1,0,4.43,1524,628.79,0,0,0,1
ORD001333,10846,1450,2024-02-25 12:00:00,1340.69,1,Beauty,18.3,COD,West Bengal,Semi-Urban,9,1,0,8,0.1111,5.7,751,76,0.1012,1,5,7,0,4,232.2,3,1,0,3.73,1350,1340.69,0,0,0,0
ORD001334,12762,1364,2024-02-25 13:00:00,640.6,3,Footwear,3.6,COD,Karnataka,Semi-Urban,7,1,0,6,0.1429,63.4,766,73,0.0953,2,4,6,0,3,56.6,4,1,0,4.15,179,640.6,0,0,0,1
ORD001335,15511,1674,2024-02-25 14:00:00,484.94,1,Fashion,34.3,COD,Karnataka,Urban,9,1,1,7,0.1111,0.6,804,50,0.0622,6,15,3,0,1,188.7,3,1,0,3.65,1431,484.94,0,0,0,0
ORD001336,17193,1350,2024-02-25 15:00:00,2290.85,1,Footwear,20.4,COD,Bihar,Urban,10,2,2,6,0.2,40.8,753,56,0.0744,2,11,3,0,4,275.3,3,1,0,3.54,1528,2290.85,0,0,0,0
ORD001337,15554,1654,2024-02-25 16:00:00,1469.76,2,Beauty,37.2,COD,Karnataka,Urban,11,2,1,8,0.1818,6.3,780,77,0.0987,4,7,1,0,4,66.8,2,1,0,3.07,824,1469.76,0,0,0,1
ORD001338,16316,1399,2024-02-25 17:00:00,3166.88,1,Home,9.2,COD,West Bengal,Urban,4,0,0,4,0.0,36.0,761,48,0.0631,2,12,3,1,5,249.1,3,1,0,4.44,577,3166.88,0,0,0,0
ORD001339,17467,1252,2024-02-25 18:00:00,1755.27,1,Beauty,13.1,Wallet,Karnataka,Urban,11,0,0,11,0.0,19.2,739,88,0.1191,2,5,4,0,1,149.3,2,1,0,4.22,863,0.0,1,0,0,0
ORD001340,15764,1780,2024-02-25 19:00:00,512.4,4,Electronics,13.7,UPI,Karnataka,Rural,8,0,2,6,0.0,17.3,761,74,0.0972,2,8,2,0,4,163.6,3,1,0,4.57,1547,0.0,1,0,0,0
ORD001341,16469,1458,2024-02-25 20:00:00,1161.91,1,Home,11.1,COD,Karnataka,Semi-Urban,6,0,0,6,0.0,10.6,719,51,0.0709,0,5,2,0,1,397.8,3,1,0,3.9,1370,1161.91,0,0,0,1
ORD001342,15529,1698,2024-02-25 21:00:00,596.23,4,Home,33.8,UPI,Karnataka,Urban,5,0,0,5,0.0,64.4,681,64,0.094,3,5,4,0,2,58.9,7,1,0,4.56,904,0.0,0,0,0,0
ORD001343,11141,1498,2024-02-25 22:00:00,407.09,1,Home,19.8,Credit Card,Bihar,Urban,10,6,0,4,0.6,5.0,765,96,0.1255,1,9,3,0,2,127.7,3,1,0,4.42,357,0.0,2,0,1,0
ORD001344,16979,1507,2024-02-25 23:00:00,838.56,1,Beauty,21.4,COD,Bihar,Urban,5,0,0,5,0.0,1.4,801,107,0.1336,0,4,5,0,3,60.8,4,1,0,3.91,1325,838.56,1,0,1,0
ORD001345,11810,1303,2024-02-26 00:00:00,1976.18,2,Electronics,10.5,Credit Card,West Bengal,Urban,9,2,0,7,0.2222,20.1,721,131,0.1817,2,9,4,0,2,118.0,3,0,0,3.47,1942,0.0,0,0,1,0
ORD001346,10723,1500,2024-02-26 01:00:00,1293.29,2,Footwear,13.0,UPI,West Bengal,Semi-Urban,8,2,0,6,0.25,2.7,787,37,0.047,1,9,5,0,4,73.0,2,0,0,4.49,541,0.0,0,0,1,1
ORD001347,10224,1597,2024-02-26 02:00:00,476.02,1,Beauty,32.1,Credit Card,West Bengal,Urban,9,1,1,7,0.1111,21.5,759,84,0.1107,3,8,2,0,2,106.1,4,0,0,3.69,144,0.0,0,0,1,0
ORD001348,14627,1165,2024-02-26 03:00:00,821.06,1,Fashion,27.2,UPI,Karnataka,Urban,7,2,0,5,0.2857,18.4,752,88,0.117,4,5,4,0,1,189.7,3,0,0,4.86,1129,0.0,0,0,1,1
ORD001349,14208,1414,2024-02-26 04:00:00,1006.55,2,Fashion,4.0,UPI,Delhi,Urban,7,1,0,6,0.1429,27.7,738,18,0.0244,3,7,2,0,5,261.8,4,0,0,4.31,711,0.0,0,2,1,0
ORD001350,16283,1461,2024-02-26 05:00:00,398.03,1,Beauty,5.1,COD,Karnataka,Urban,6,0,1,5,0.0,50.5,730,101,0.1384,2,5,3,0,4,218.2,4,0,0,4.69,1908,398.03,0,0,1,0
ORD001351,14654,1113,2024-02-26 06:00:00,1682.28,1,Footwear,21.5,COD,Delhi,Urban,10,2,0,8,0.2,11.0,742,81,0.1092,0,7,3,0,1,108.9,5,0,0,4.39,88,1682.28,0,0,0,1
ORD001352,12048,1432,2024-02-26 07:00:00,956.0,1,Fashion,6.2,UPI,West Bengal,Semi-Urban,11,3,0,8,0.2727,22.4,756,16,0.0212,0,7,5,0,3,191.9,4,0,0,3.97,1757,0.0,1,0,0,0
ORD001353,16233,1355,2024-02-26 08:00:00,476.11,1,Footwear,30.1,COD,Karnataka,Rural,12,2,1,9,0.1667,17.5,694,76,0.1095,2,7,4,0,3,118.0,1,0,0,4.14,810,476.11,0,1,0,0
ORD001354,14749,1694,2024-02-26 09:00:00,460.22,1,Home,6.3,COD,West Bengal,Urban,7,1,2,4,0.1429,4.9,715,125,0.1748,2,6,2,0,5,56.3,1,0,0,4.11,301,460.22,0,3,0,0
ORD001355,14415,1206,2024-02-26 10:00:00,2122.6,1,Beauty,3.6,COD,Bihar,Semi-Urban,7,1,0,6,0.1429,12.3,757,98,0.1295,2,6,4,0,3,53.5,3,0,0,4.36,1124,2122.6,1,1,0,1
ORD001356,11573,1767,2024-02-26 11:00:00,872.63,1,Home,21.9,COD,West Bengal,Semi-Urban,6,0,1,5,0.0,18.0,798,23,0.0288,1,6,3,0,4,185.5,2,0,0,3.8,1580,872.63,0,0,0,1
ORD001357,11828,1234,2024-02-26 12:00:00,2239.96,1,Fashion,2.8,COD,Karnataka,Semi-Urban,7,0,0,7,0.0,2.1,703,19,0.027,2,9,2,0,5,212.6,2,0,0,3.1,1971,2239.96,1,0,0,0
ORD001358,11917,1441,2024-02-26 13:00:00,2816.62,1,Footwear,15.4,COD,Bihar,Semi-Urban,12,1,0,11,0.0833,5.9,738,98,0.1328,3,6,2,0,4,151.6,5,0,0,3.81,265,2816.62,0,0,0,0
ORD001359,14234,1354,2024-02-26 14:00:00,2025.29,2,Home,21.9,UPI,Bihar,Rural,8,0,1,7,0.0,15.0,729,27,0.037,1,3,1,0,5,110.7,6,0,0,3.93,1419,0.0,0,1,0,0
ORD001360,17678,1514,2024-02-26 15:00:00,796.27,1,Fashion,15.9,COD,Delhi,Urban,7,1,0,6,0.1429,24.8,785,105,0.1338,3,5,1,1,3,406.4,6,0,0,3.9,1244,796.27,1,0,0,0
ORD001361,16988,1207,2024-02-26 16:00:00,245.01,3,Electronics,22.9,COD,Maharashtra,Urban,10,0,0,10,0.0,24.3,769,102,0.1326,6,14,7,0,4,196.2,5,0,0,3.43,1549,245.01,0,0,0,0
ORD001362,12026,1708,2024-02-26 17:00:00,1323.19,2,Home,23.8,COD,Bihar,Semi-Urban,13,3,1,9,0.2308,6.7,781,42,0.0538,3,6,2,0,1,119.4,4,0,0,4.2,1710,1323.19,0,0,0,0
ORD001363,16402,1124,2024-02-26 18:00:00,3846.6,1,Electronics,24.7,Credit Card,Maharashtra,Semi-Urban,7,0,3,4,0.0,78.2,716,47,0.0656,1,4,3,0,5,243.1,4,0,0,4.61,875,0.0,1,0,0,0
ORD001364,13744,1137,2024-02-26 19:00:00,1073.59,2,Electronics,19.1,UPI,West Bengal,Urban,17,0,4,13,0.0,7.8,779,112,0.1438,4,10,1,0,3,106.8,6,0,0,3.5,229,0.0,1,0,0,0
ORD001365,10901,1338,2024-02-26 20:00:00,332.32,1,Fashion,17.6,COD,West Bengal,Semi-Urban,4,2,0,2,0.5,15.7,715,77,0.1077,2,8,5,0,1,116.5,4,0,1,4.93,304,332.32,0,0,0,1
ORD001366,14785,1536,2024-02-26 21:00:00,731.48,2,Beauty,12.1,COD,Bihar,Urban,7,1,1,5,0.1429,19.3,748,89,0.119,3,4,4,0,3,160.4,3,0,0,4.18,98,731.48,0,1,0,1
ORD001367,12039,1067,2024-02-26 22:00:00,982.17,4,Footwear,14.2,UPI,Delhi,Rural,10,0,1,9,0.0,11.0,713,129,0.1809,2,4,3,0,3,167.3,2,0,0,4.56,407,0.0,0,0,1,0
ORD001368,10009,1572,2024-02-26 23:00:00,567.48,1,Fashion,15.4,Debit Card,West Bengal,Semi-Urban,7,1,0,6,0.1429,19.8,770,127,0.1649,2,7,1,0,5,102.8,3,0,0,4.06,863,0.0,1,0,1,0
ORD001369,10260,1540,2024-02-27 00:00:00,235.48,2,Home,26.6,COD,Maharashtra,Urban,6,0,1,5,0.0,11.9,737,21,0.0285,1,6,4,0,3,14.7,6,0,0,4.4,1110,235.48,0,0,1,1
ORD001370,16038,1382,2024-02-27 01:00:00,1034.1,1,Footwear,4.3,UPI,Bihar,Semi-Urban,8,0,0,8,0.0,17.9,770,25,0.0325,1,10,3,0,2,334.2,2,0,0,4.38,674,0.0,0,0,1,0
ORD001371,11673,1018,2024-02-27 02:00:00,684.76,1,Beauty,13.9,COD,Bihar,Urban,9,1,2,6,0.1111,22.4,767,245,0.3194,0,3,3,0,1,283.0,3,0,0,4.3,187,684.76,0,0,1,1
ORD001372,12219,1682,2024-02-27 03:00:00,3176.75,3,Fashion,31.4,COD,Delhi,Urban,5,1,2,2,0.2,3.1,805,16,0.0199,1,9,5,0,3,56.7,6,0,0,4.42,535,3176.75,0,1,1,0
ORD001373,17041,1449,2024-02-27 04:00:00,1165.17,1,Beauty,25.1,UPI,Bihar,Rural,8,2,0,6,0.25,30.9,760,13,0.0171,2,6,4,0,1,110.0,2,0,0,3.81,1958,0.0,0,0,1,1
ORD001374,12060,1073,2024-02-27 05:00:00,1453.53,1,Home,22.9,COD,Karnataka,Urban,7,0,0,7,0.0,34.1,774,79,0.1021,4,7,2,0,4,141.1,5,0,0,4.48,1449,1453.53,0,0,1,0
ORD001375,15287,1572,2024-02-27 06:00:00,1021.01,1,Fashion,18.7,UPI,Maharashtra,Urban,11,1,0,10,0.0909,2.2,740,63,0.0851,1,4,2,0,5,285.0,4,0,0,4.91,223,0.0,1,0,0,0
ORD001376,13713,1664,2024-02-27 07:00:00,1160.08,2,Home,22.6,COD,Karnataka,Semi-Urban,9,0,2,7,0.0,1.2,770,118,0.1532,1,5,3,0,6,92.7,4,0,0,4.23,1858,1160.08,1,0,0,0
ORD001377,11619,1275,2024-02-27 08:00:00,406.92,1,Footwear,21.5,UPI,Karnataka,Semi-Urban,5,2,0,3,0.4,34.6,754,34,0.0451,1,7,2,1,2,267.3,4,0,1,3.76,1808,0.0,1,0,0,0
ORD001378,10320,1047,2024-02-27 09:00:00,587.51,3,Footwear,19.1,COD,Maharashtra,Urban,10,1,3,6,0.1,75.8,718,148,0.2061,1,3,3,0,5,204.3,4,0,0,3.94,337,587.51,2,0,0,1
ORD001379,11342,1210,2024-02-27 10:00:00,2107.31,1,Beauty,15.4,COD,Bihar,Semi-Urban,10,1,0,9,0.1,12.2,767,51,0.0665,2,9,3,0,2,76.2,4,0,0,3.56,1384,2107.31,0,0,0,0
ORD001380,15732,1650,2024-02-27 11:00:00,1243.49,1,Beauty,19.9,COD,Bihar,Urban,7,0,0,7,0.0,56.2,723,107,0.148,2,7,2,0,2,68.9,6,0,0,4.27,1081,1243.49,0,0,0,1
ORD001381,12376,1621,2024-02-27 12:00:00,863.42,2,Footwear,10.7,COD,Karnataka,Semi-Urban,8,0,1,7,0.0,48.2,745,57,0.0765,3,12,5,0,3,159.5,3,0,0,3.72,1340,863.42,0,1,0,1
ORD001382,12832,1694,2024-02-27 13:00:00,1468.07,1,Electronics,5.6,COD,Maharashtra,Urban,7,0,0,7,0.0,5.7,752,63,0.0838,1,6,2,0,4,87.9,4,0,0,3.45,326,1468.07,0,1,0,0
ORD001383,12824,1539,2024-02-27 14:00:00,1485.52,2,Footwear,25.9,COD,West Bengal,Semi-Urban,7,3,0,4,0.4286,22.6,716,81,0.1131,4,9,1,1,3,77.3,1,0,0,4.04,541,1485.52,0,0,0,1
ORD001384,11994,1708,2024-02-27 15:00:00,3621.11,1,Fashion,16.9,COD,Maharashtra,Semi-Urban,8,0,0,8,0.0,0.4,804,44,0.0547,1,6,3,0,6,289.4,7,0,0,3.84,854,3621.11,0,0,0,1
ORD001385,12958,1190,2024-02-27 16:00:00,1209.35,1,Home,25.5,Credit Card,Karnataka,Urban,7,0,0,7,0.0,53.3,721,13,0.018,1,3,3,1,7,212.0,2,0,0,3.99,1035,0.0,0,0,0,0
ORD001386,16039,1314,2024-02-27 17:00:00,579.69,1,Footwear,16.3,UPI,Maharashtra,Urban,14,1,0,13,0.0714,18.4,750,35,0.0467,3,10,3,0,1,172.5,1,0,0,3.37,647,0.0,0,0,0,0
ORD001387,17717,1562,2024-02-27 18:00:00,1023.09,3,Footwear,19.5,COD,Maharashtra,Urban,16,1,1,14,0.0625,79.7,742,12,0.0162,2,6,2,0,4,131.4,5,0,0,4.37,1682,1023.09,0,1,0,1
ORD001388,12038,1660,2024-02-27 19:00:00,1578.99,1,Home,22.4,COD,West Bengal,Rural,10,1,2,7,0.1,10.7,713,20,0.0281,0,7,3,0,2,35.6,6,0,0,4.51,532,1578.99,1,0,0,1
ORD001389,13490,1779,2024-02-27 20:00:00,1993.0,2,Home,5.1,UPI,Delhi,Urban,16,1,5,10,0.0625,0.6,758,54,0.0712,3,11,2,0,3,241.4,2,0,0,3.49,542,0.0,0,0,0,1
ORD001390,13677,1561,2024-02-27 21:00:00,416.12,1,Fashion,10.7,Credit Card,Delhi,Rural,12,0,2,10,0.0,8.4,758,64,0.0844,1,5,6,1,1,224.3,4,0,0,3.5,1481,0.0,0,0,0,0
ORD001391,11118,1757,2024-02-27 22:00:00,1276.94,1,Home,9.8,COD,West Bengal,Urban,8,1,0,7,0.125,10.2,757,14,0.0185,0,5,3,0,1,241.0,6,0,0,4.1,1031,1276.94,0,1,1,1
ORD001392,17984,1112,2024-02-27 23:00:00,640.11,1,Beauty,6.1,COD,Maharashtra,Urban,6,1,0,5,0.1667,17.0,757,66,0.0872,4,5,7,0,2,28.3,2,0,0,4.22,701,640.11,0,0,1,1
ORD001393,11604,1169,2024-02-28 00:00:00,780.57,3,Footwear,16.6,UPI,Karnataka,Rural,11,5,0,6,0.4545,4.2,763,188,0.2464,0,7,4,0,3,24.1,3,0,0,4.37,562,0.0,0,0,1,0
ORD001394,16461,1467,2024-02-28 01:00:00,1821.66,2,Home,7.6,COD,West Bengal,Semi-Urban,9,0,0,9,0.0,28.2,738,29,0.0393,3,11,3,0,3,103.1,3,0,0,3.77,1481,1821.66,1,0,1,0
ORD001395,14027,1677,2024-02-28 02:00:00,1716.0,2,Fashion,6.7,COD,Delhi,Semi-Urban,13,0,4,9,0.0,2.0,749,76,0.1015,4,10,6,0,1,224.2,6,0,0,4.34,1295,1716.0,0,0,1,1
ORD001396,10235,1013,2024-02-28 03:00:00,730.05,1,Home,3.4,UPI,Delhi,Rural,5,0,0,5,0.0,6.6,709,52,0.0733,2,5,2,0,4,273.3,3,0,0,3.85,1974,0.0,0,0,1,0
ORD001397,11969,1714,2024-02-28 04:00:00,997.54,1,Footwear,10.8,COD,West Bengal,Rural,10,0,0,10,0.0,0.1,759,45,0.0593,6,11,2,1,2,101.0,4,0,0,3.87,1609,997.54,1,0,1,1
ORD001398,14429,1287,2024-02-28 05:00:00,795.01,1,Electronics,17.0,COD,Maharashtra,Urban,12,3,0,9,0.25,19.4,707,33,0.0467,2,10,3,0,4,325.5,7,0,0,4.81,192,795.01,0,1,1,1
ORD001399,11908,1188,2024-02-28 06:00:00,6216.87,3,Home,16.7,UPI,Bihar,Urban,4,0,0,4,0.0,6.1,760,11,0.0145,3,4,2,0,3,98.9,5,0,0,4.08,764,0.0,0,1,0,0
ORD001400,10375,1154,2024-02-28 07:00:00,1295.97,1,Beauty,8.0,COD,Karnataka,Urban,9,0,1,8,0.0,22.9,797,12,0.0151,3,10,2,0,1,138.1,4,0,0,3.63,1803,1295.97,0,1,0,1
ORD001401,13530,1566,2024-02-28 08:00:00,662.69,1,Footwear,11.7,UPI,Bihar,Semi-Urban,9,2,1,6,0.2222,20.8,758,3,0.004,1,5,3,0,5,159.2,3,0,0,3.81,739,0.0,0,0,0,0
ORD001402,15256,1693,2024-02-28 09:00:00,2424.31,1,Fashion,13.0,Debit Card,Karnataka,Urban,13,0,0,13,0.0,38.5,753,29,0.0385,2,7,6,0,4,246.8,3,0,0,3.97,1334,0.0,1,0,0,0
ORD001403,12635,1721,2024-02-28 10:00:00,2476.19,1,Footwear,11.8,UPI,Bihar,Semi-Urban,12,4,4,4,0.3333,29.9,790,28,0.0354,2,7,4,0,3,189.9,2,0,0,3.74,1959,0.0,0,0,0,0
ORD001404,11570,1470,2024-02-28 11:00:00,3213.14,1,Electronics,34.4,UPI,Bihar,Rural,6,0,0,6,0.0,1.2,722,93,0.1288,0,3,5,0,3,410.0,2,0,0,3.87,160,0.0,0,0,0,0
ORD001405,12560,1074,2024-02-28 12:00:00,3838.34,3,Fashion,6.0,COD,Karnataka,Semi-Urban,7,1,1,5,0.1429,18.2,755,63,0.0834,1,6,4,0,3,184.0,4,0,0,4.06,824,3838.34,1,0,0,0
ORD001406,15415,1276,2024-02-28 13:00:00,1676.78,1,Electronics,15.0,Credit Card,Karnataka,Urban,10,2,0,8,0.2,49.4,746,115,0.1542,2,3,3,0,1,182.7,3,0,0,4.25,190,0.0,0,1,0,1
ORD001407,13391,1644,2024-02-28 14:00:00,888.99,3,Electronics,10.5,COD,Delhi,Urban,7,3,0,4,0.4286,1.7,756,110,0.1455,0,4,3,0,2,81.5,1,0,1,4.57,1042,888.99,0,0,0,1
ORD001408,12965,1342,2024-02-28 15:00:00,971.1,2,Beauty,10.3,COD,Maharashtra,Urban,14,2,1,11,0.1429,75.8,793,104,0.1311,1,7,2,0,3,214.0,4,0,0,4.08,882,971.1,1,0,0,0
ORD001409,13643,1424,2024-02-28 16:00:00,920.35,1,Home,32.8,Debit Card,Maharashtra,Urban,9,6,0,3,0.6667,120.5,805,3,0.0037,2,10,3,0,4,72.2,3,0,0,3.71,1232,0.0,1,0,0,0
ORD001410,15951,1570,2024-02-28 17:00:00,860.7,1,Beauty,9.6,UPI,Delhi,Urban,12,2,1,9,0.1667,13.8,708,100,0.1412,2,8,3,0,2,92.2,5,0,0,4.27,1884,0.0,0,0,0,0
ORD001411,15468,1510,2024-02-28 18:00:00,2307.6,1,Beauty,11.3,COD,Bihar,Urban,6,0,1,5,0.0,9.5,705,87,0.1234,3,7,1,0,1,143.3,3,0,0,4.22,813,2307.6,0,0,0,0
ORD001412,13850,1181,2024-02-28 19:00:00,1097.11,3,Beauty,8.5,Credit Card,Karnataka,Semi-Urban,9,1,1,7,0.1111,46.6,740,133,0.1797,2,5,2,0,3,256.2,7,0,0,3.86,1607,0.0,1,0,0,0
ORD001413,10872,1457,2024-02-28 20:00:00,1964.23,1,Fashion,45.2,COD,West Bengal,Rural,4,0,0,4,0.0,50.6,757,202,0.2668,3,4,4,0,2,23.8,3,0,0,4.75,716,1964.23,0,0,0,0
ORD001414,11252,1063,2024-02-28 21:00:00,1645.68,1,Home,7.8,UPI,Bihar,Rural,12,1,0,11,0.0833,43.4,757,27,0.0357,3,9,1,0,2,40.5,2,0,0,3.32,1592,0.0,1,0,0,0
ORD001415,16413,1259,2024-02-28 22:00:00,567.25,1,Home,15.3,Debit Card,Maharashtra,Urban,7,0,3,4,0.0,41.6,732,100,0.1366,2,8,5,0,3,164.8,5,0,0,4.95,1354,0.0,0,0,1,1
ORD001416,15947,1192,2024-02-28 23:00:00,391.39,1,Fashion,16.6,UPI,Karnataka,Semi-Urban,13,2,1,10,0.1538,28.5,736,64,0.087,1,7,7,0,5,60.4,6,0,0,4.02,852,0.0,2,1,1,0
ORD001417,16941,1654,2024-02-29 00:00:00,522.17,1,Beauty,4.5,Credit Card,Delhi,Semi-Urban,6,1,0,5,0.1667,0.9,760,60,0.0789,3,13,6,0,7,341.5,4,0,0,4.88,1641,0.0,0,0,1,0
ORD001418,11314,1615,2024-02-29 01:00:00,848.93,1,Beauty,29.1,UPI,Bihar,Semi-Urban,9,1,0,8,0.1111,21.5,714,116,0.1625,2,6,3,0,1,55.0,3,0,0,4.55,1953,0.0,0,0,1,1
ORD001419,14820,1405,2024-02-29 02:00:00,1188.68,2,Electronics,27.6,Credit Card,West Bengal,Semi-Urban,6,1,0,5,0.1667,8.2,743,107,0.144,0,2,3,0,2,62.7,4,0,0,4.26,155,0.0,1,0,1,0
ORD001420,17332,1725,2024-02-29 03:00:00,743.24,2,Electronics,20.6,Wallet,Bihar,Rural,11,0,0,11,0.0,22.6,714,65,0.091,3,5,5,0,4,348.2,5,0,0,4.12,1387,0.0,0,0,1,0
ORD001421,16148,1753,2024-02-29 04:00:00,1672.11,1,Footwear,15.3,COD,Delhi,Urban,10,0,0,10,0.0,9.0,715,145,0.2028,3,13,2,0,5,72.2,5,0,0,3.98,985,1672.11,0,1,1,0
ORD001422,12898,1720,2024-02-29 05:00:00,799.02,1,Electronics,14.3,COD,West Bengal,Semi-Urban,9,2,0,7,0.2222,8.5,730,26,0.0356,0,6,5,0,1,115.9,4,0,0,3.92,918,799.02,0,0,1,1
ORD001423,17546,1092,2024-02-29 06:00:00,1279.44,3,Home,5.1,UPI,Bihar,Semi-Urban,14,3,0,11,0.2143,7.5,758,26,0.0343,3,10,7,0,3,103.8,7,0,0,3.9,584,0.0,1,1,0,1
ORD001424,10077,1429,2024-02-29 07:00:00,1176.79,1,Fashion,24.1,Debit Card,Delhi,Urban,13,0,3,10,0.0,11.8,758,22,0.029,3,12,2,0,4,200.7,1,0,0,4.24,381,0.0,0,0,0,0
ORD001425,17577,1653,2024-02-29 08:00:00,3104.66,3,Beauty,7.3,COD,Bihar,Urban,13,3,1,9,0.2308,11.5,764,2,0.0026,1,5,2,0,1,113.4,4,0,0,4.78,1377,3104.66,1,0,0,0
ORD001426,12621,1433,2024-02-29 09:00:00,610.85,1,Footwear,3.8,Credit Card,Karnataka,Urban,7,0,4,3,0.0,49.8,742,103,0.1388,2,4,2,0,3,400.8,5,0,1,3.99,444,0.0,1,0,0,0
ORD001427,14227,1403,2024-02-29 10:00:00,4125.95,2,Electronics,20.1,Credit Card,Bihar,Rural,11,0,1,10,0.0,13.0,740,116,0.1568,3,7,2,0,3,294.0,6,0,0,3.2,1909,0.0,0,0,0,0
ORD001428,10600,1433,2024-02-29 11:00:00,767.69,1,Footwear,4.9,COD,Delhi,Rural,9,1,0,8,0.1111,11.3,735,110,0.1497,2,8,5,0,3,152.8,3,0,0,4.05,1208,767.69,0,1,0,1
ORD001429,15868,1111,2024-02-29 12:00:00,490.77,1,Fashion,32.4,COD,Maharashtra,Semi-Urban,10,3,2,5,0.3,7.3,718,50,0.0696,0,6,2,0,2,105.1,2,0,0,3.85,977,490.77,0,0,0,0
ORD001430,11065,1374,2024-02-29 13:00:00,962.81,3,Fashion,3.2,COD,Delhi,Urban,6,1,0,5,0.1667,19.8,754,27,0.0358,2,7,3,0,3,162.8,6,0,0,4.07,405,962.81,0,0,0,1
ORD001431,12136,1058,2024-02-29 14:00:00,7662.42,1,Footwear,7.3,COD,Bihar,Urban,6,0,2,4,0.0,11.1,779,222,0.285,0,4,2,0,3,138.8,2,0,0,4.23,1983,7662.42,0,1,0,0
ORD001432,12449,1042,2024-02-29 15:00:00,1876.42,1,Footwear,28.8,Credit Card,Karnataka,Semi-Urban,5,0,0,5,0.0,95.7,766,19,0.0248,1,7,5,0,1,203.4,3,0,0,3.75,1249,0.0,0,0,0,0
ORD001433,12343,1206,2024-02-29 16:00:00,1574.63,1,Footwear,5.3,COD,Maharashtra,Urban,7,0,0,7,0.0,15.9,779,148,0.19,1,6,4,1,3,157.5,3,0,0,3.96,982,1574.63,0,0,0,1
ORD001434,11863,1779,2024-02-29 17:00:00,1767.13,2,Beauty,8.6,Debit Card,Delhi,Urban,8,0,0,8,0.0,0.1,717,100,0.1395,4,7,1,0,3,111.2,5,0,0,4.2,890,0.0,0,1,0,0
ORD001435,11318,1295,2024-02-29 18:00:00,691.07,1,Home,21.9,COD,Maharashtra,Rural,7,3,0,4,0.4286,10.8,735,78,0.1061,2,9,6,1,6,263.0,3,0,0,3.51,1942,691.07,0,1,0,1
ORD001436,14711,1117,2024-02-29 19:00:00,1333.59,2,Electronics,10.6,COD,Karnataka,Semi-Urban,15,0,2,13,0.0,5.3,774,68,0.0879,4,5,6,0,2,168.6,3,0,0,3.29,854,1333.59,1,0,0,0
ORD001437,13597,1531,2024-02-29 20:00:00,1098.28,1,Electronics,10.5,COD,West Bengal,Semi-Urban,8,0,1,7,0.0,10.8,758,50,0.066,0,4,3,0,2,111.5,3,0,0,4.07,924,1098.28,1,0,0,0
ORD001438,16943,1221,2024-02-29 21:00:00,3246.85,1,Electronics,19.5,Debit Card,Maharashtra,Urban,8,1,0,7,0.125,7.3,793,146,0.1841,4,7,2,0,3,168.0,5,0,0,4.53,131,0.0,0,0,0,1
ORD001439,13762,1165,2024-02-29 22:00:00,1027.4,2,Footwear,7.7,COD,Delhi,Urban,9,2,0,7,0.2222,6.3,762,58,0.0761,1,6,3,0,5,356.0,3,0,0,4.41,449,1027.4,0,0,1,1
ORD001440,17804,1642,2024-02-29 23:00:00,873.96,1,Footwear,13.5,UPI,Karnataka,Semi-Urban,11,1,2,8,0.0909,5.6,720,115,0.1597,4,6,2,0,5,124.4,3,0,0,4.82,1801,0.0,1,1,1,0
ORD001441,16565,1155,2024-03-01 00:00:00,545.18,1,Footwear,5.9,COD,Delhi,Urban,14,0,0,14,0.0,61.9,742,13,0.0175,3,6,1,1,1,134.0,2,0,0,4.21,1498,545.18,1,0,1,0
ORD001442,15984,1183,2024-03-01 01:00:00,1192.74,1,Beauty,15.0,COD,Karnataka,Urban,7,0,0,7,0.0,0.8,746,82,0.1099,2,5,2,0,1,243.6,5,0,0,4.72,674,1192.74,0,0,1,0
ORD001443,15142,1089,2024-03-01 02:00:00,1307.37,1,Beauty,8.4,COD,Delhi,Urban,12,0,0,12,0.0,38.4,779,104,0.1335,5,11,4,0,6,121.7,2,0,0,4.37,327,1307.37,0,2,1,1
ORD001444,14670,1093,2024-03-01 03:00:00,533.28,2,Beauty,13.9,COD,Karnataka,Urban,8,0,2,6,0.0,3.2,750,15,0.02,3,5,2,0,6,140.3,2,0,0,4.68,565,533.28,0,0,1,1
ORD001445,12190,1012,2024-03-01 04:00:00,1439.28,1,Beauty,27.7,COD,Bihar,Urban,7,0,1,6,0.0,1.2,772,31,0.0402,2,10,1,0,2,162.5,3,0,0,3.79,1460,1439.28,0,0,1,0
ORD001446,10992,1741,2024-03-01 05:00:00,1261.31,1,Fashion,5.2,UPI,Delhi,Urban,11,0,2,9,0.0,10.6,746,132,0.1769,1,4,3,0,4,192.1,6,0,0,4.03,366,0.0,1,0,1,0
ORD001447,12712,1437,2024-03-01 06:00:00,2014.38,1,Beauty,32.6,COD,Karnataka,Urban,7,2,1,4,0.2857,26.2,743,185,0.249,3,6,8,0,2,64.6,3,0,0,4.11,454,2014.38,0,0,0,0
ORD001448,12192,1537,2024-03-01 07:00:00,2269.74,1,Beauty,4.9,COD,West Bengal,Urban,6,0,1,5,0.0,113.8,766,65,0.0849,3,7,2,0,6,115.8,4,0,0,4.67,1678,2269.74,0,0,0,0
ORD001449,11248,1586,2024-03-01 08:00:00,1160.46,1,Beauty,2.5,COD,Karnataka,Urban,10,2,1,7,0.2,7.6,756,79,0.1045,1,7,2,0,3,73.4,4,0,0,5.0,428,1160.46,0,0,0,1
ORD001450,13054,1149,2024-03-01 09:00:00,588.86,4,Electronics,23.0,COD,West Bengal,Semi-Urban,10,1,0,9,0.1,7.5,760,69,0.0908,1,3,3,0,2,103.7,3,0,0,3.61,926,588.86,0,0,0,0
ORD001451,14598,1659,2024-03-01 10:00:00,666.22,3,Electronics,12.5,UPI,Maharashtra,Urban,9,2,2,5,0.2222,4.0,745,46,0.0617,3,6,2,0,4,60.8,2,0,1,3.97,1527,0.0,0,0,0,0
ORD001452,14033,1007,2024-03-01 11:00:00,3156.68,1,Electronics,6.5,COD,Karnataka,Urban,13,0,1,12,0.0,42.6,732,32,0.0437,0,2,2,0,2,183.8,3,0,0,4.77,1836,3156.68,0,1,0,0
ORD001453,11997,1028,2024-03-01 12:00:00,1211.11,1,Home,27.7,COD,Maharashtra,Urban,9,4,2,3,0.4444,39.7,748,35,0.0468,0,5,2,0,5,162.5,3,0,0,3.47,943,1211.11,1,1,0,0
ORD001454,14916,1295,2024-03-01 13:00:00,3126.57,3,Fashion,5.2,Credit Card,Maharashtra,Urban,15,2,4,9,0.1333,15.7,724,91,0.1257,2,6,3,0,4,207.0,3,0,0,4.48,1182,0.0,1,0,0,0
ORD001455,13687,1720,2024-03-01 14:00:00,1479.06,1,Footwear,27.5,COD,Bihar,Urban,12,1,0,11,0.0833,10.5,735,148,0.2014,2,13,5,1,3,193.9,2,0,0,4.24,957,1479.06,1,0,0,1
ORD001456,12151,1639,2024-03-01 15:00:00,1723.72,1,Beauty,17.1,COD,Karnataka,Urban,11,6,1,4,0.5455,6.2,762,98,0.1286,5,14,4,0,4,199.6,3,0,0,4.17,562,1723.72,1,0,0,1
ORD001457,14018,1339,2024-03-01 16:00:00,1926.06,2,Electronics,24.0,UPI,Bihar,Urban,5,0,0,5,0.0,15.4,758,88,0.1161,0,7,3,0,2,40.1,2,0,0,3.73,512,0.0,1,0,0,0
ORD001458,13110,1627,2024-03-01 17:00:00,526.43,1,Fashion,9.3,Credit Card,Bihar,Urban,7,0,0,7,0.0,41.4,721,56,0.0777,2,2,2,1,3,102.3,4,0,0,4.06,1538,0.0,0,1,0,0
ORD001459,11970,1438,2024-03-01 18:00:00,1318.4,1,Beauty,33.1,UPI,Maharashtra,Urban,11,0,0,11,0.0,29.7,741,117,0.1579,1,6,6,0,4,111.5,4,0,0,4.36,483,0.0,0,0,0,0
ORD001460,10197,1143,2024-03-01 19:00:00,522.07,4,Home,6.3,COD,Delhi,Urban,8,1,0,7,0.125,17.1,743,67,0.0902,2,8,4,0,2,137.3,1,0,0,4.45,25,522.07,0,0,0,1
ORD001461,15765,1746,2024-03-01 20:00:00,924.31,2,Footwear,21.0,COD,Maharashtra,Urban,12,0,0,12,0.0,19.2,786,119,0.1514,2,6,3,0,2,149.7,7,0,0,4.14,1315,924.31,1,0,0,1
ORD001462,12626,1518,2024-03-01 21:00:00,1610.18,1,Beauty,13.1,COD,Maharashtra,Urban,12,3,0,9,0.25,21.1,753,120,0.1594,3,7,2,0,3,166.5,2,0,0,3.95,1248,1610.18,0,1,0,1
ORD001463,16534,1044,2024-03-01 22:00:00,592.77,1,Footwear,12.6,Debit Card,West Bengal,Rural,10,0,2,8,0.0,35.9,742,78,0.1051,4,5,6,0,4,102.4,3,0,0,3.47,1309,0.0,0,0,1,0
ORD001464,11202,1238,2024-03-01 23:00:00,1533.95,1,Beauty,17.1,Credit Card,Delhi,Urban,7,3,0,4,0.4286,3.1,729,198,0.2716,5,11,2,0,2,67.9,5,0,0,3.64,1777,0.0,3,0,1,1
ORD001465,16697,1154,2024-03-02 00:00:00,446.29,2,Home,22.0,COD,Maharashtra,Rural,7,2,0,5,0.2857,18.3,758,204,0.2691,0,3,2,0,2,191.0,3,1,1,3.77,217,446.29,1,0,1,0
ORD001466,15567,1180,2024-03-02 01:00:00,2177.63,1,Fashion,6.2,COD,Delhi,Rural,9,0,1,8,0.0,6.2,749,99,0.1322,0,5,3,1,3,74.8,1,1,0,3.94,1010,2177.63,0,2,1,1
ORD001467,17667,1214,2024-03-02 02:00:00,736.08,1,Footwear,6.9,COD,West Bengal,Urban,7,1,1,5,0.1429,59.3,727,96,0.132,1,6,6,0,1,36.7,3,1,0,4.09,793,736.08,0,0,1,0
ORD001468,17182,1087,2024-03-02 03:00:00,592.13,3,Footwear,29.7,Debit Card,Delhi,Semi-Urban,10,0,0,10,0.0,62.3,757,143,0.1889,2,4,3,0,2,162.6,1,1,0,4.13,949,0.0,0,0,1,0
ORD001469,15742,1255,2024-03-02 04:00:00,463.49,1,Fashion,24.2,UPI,Karnataka,Rural,8,3,0,5,0.375,5.4,761,20,0.0263,5,9,2,0,2,100.3,7,1,0,4.77,566,0.0,0,0,1,0
ORD001470,15788,1510,2024-03-02 05:00:00,774.63,1,Footwear,16.4,Credit Card,West Bengal,Urban,5,0,0,5,0.0,51.4,708,171,0.2415,3,7,2,0,4,68.2,3,1,0,4.22,1455,0.0,0,0,1,0
ORD001471,15408,1072,2024-03-02 06:00:00,349.13,1,Electronics,27.4,COD,Delhi,Urban,9,0,0,9,0.0,33.2,741,163,0.22,2,8,3,0,6,195.1,4,1,0,4.6,829,349.13,0,0,0,0
ORD001472,12035,1178,2024-03-02 07:00:00,789.15,1,Fashion,13.6,Credit Card,Bihar,Urban,6,1,0,5,0.1667,17.6,756,92,0.1217,2,9,1,0,3,239.6,3,1,0,4.06,620,0.0,0,0,0,1
ORD001473,10477,1211,2024-03-02 08:00:00,2121.1,1,Home,13.4,COD,Delhi,Semi-Urban,8,0,0,8,0.0,33.4,768,153,0.1992,5,10,4,0,2,63.1,3,1,0,4.8,712,2121.1,0,0,0,1
ORD001474,11254,1233,2024-03-02 09:00:00,979.24,3,Beauty,17.6,COD,West Bengal,Urban,13,0,2,11,0.0,2.0,752,39,0.0519,1,9,4,0,1,335.7,1,1,0,3.8,23,979.24,0,0,0,0
ORD001475,10922,1464,2024-03-02 10:00:00,541.04,3,Beauty,8.0,COD,Bihar,Rural,6,1,0,5,0.1667,68.0,771,55,0.0713,2,8,3,0,4,59.0,1,1,0,4.37,1379,541.04,0,0,0,1
ORD001476,10419,1750,2024-03-02 11:00:00,1256.09,1,Fashion,33.0,Wallet,Delhi,Urban,12,1,1,10,0.0833,23.2,752,113,0.1503,1,5,1,0,3,23.1,4,1,0,3.48,1506,0.0,0,1,0,0
ORD001477,12204,1222,2024-03-02 12:00:00,1191.22,1,Electronics,6.4,COD,Delhi,Rural,16,0,4,12,0.0,0.5,801,84,0.1049,2,5,3,1,2,13.8,3,1,0,4.12,987,1191.22,0,0,0,0
ORD001478,12597,1630,2024-03-02 13:00:00,3547.38,1,Home,3.4,COD,West Bengal,Urban,10,2,3,5,0.2,12.1,747,23,0.0308,4,12,3,0,1,136.8,6,1,0,4.84,1211,3547.38,0,0,0,0
ORD001479,17608,1263,2024-03-02 14:00:00,1762.4,1,Beauty,12.5,UPI,Bihar,Semi-Urban,8,4,0,4,0.5,13.2,717,15,0.0209,0,9,3,1,3,195.2,4,1,0,4.35,1933,0.0,0,1,0,1
ORD001480,11120,1206,2024-03-02 15:00:00,1317.33,1,Beauty,26.9,Debit Card,Bihar,Semi-Urban,7,0,3,4,0.0,52.1,743,88,0.1184,2,7,1,0,3,417.4,2,1,0,4.15,849,0.0,1,0,0,0
ORD001481,13068,1606,2024-03-02 16:00:00,1887.56,3,Electronics,3.7,Credit Card,Delhi,Urban,15,0,1,14,0.0,32.5,751,78,0.1039,3,14,4,0,2,40.8,4,1,0,4.32,999,0.0,0,0,0,1
ORD001482,17140,1733,2024-03-02 17:00:00,1011.68,1,Footwear,5.4,COD,Karnataka,Rural,11,2,0,9,0.1818,2.2,812,25,0.0308,3,9,4,0,3,109.0,3,1,0,4.1,293,1011.68,1,0,0,0
ORD001483,17578,1365,2024-03-02 18:00:00,1048.12,1,Fashion,5.1,Debit Card,West Bengal,Urban,11,4,2,5,0.3636,0.6,772,38,0.0492,1,6,4,0,7,161.8,1,1,0,3.32,1443,0.0,0,0,0,1
ORD001484,10950,1275,2024-03-02 19:00:00,2967.17,1,Electronics,20.5,UPI,West Bengal,Urban,7,0,1,6,0.0,0.9,784,28,0.0357,5,11,4,0,4,74.3,1,1,0,3.99,652,0.0,0,0,0,0
ORD001485,12336,1379,2024-03-02 20:00:00,411.02,1,Electronics,33.8,Credit Card,Maharashtra,Rural,7,1,0,6,0.1429,0.8,750,231,0.308,2,6,5,0,2,88.1,4,1,0,4.03,1855,0.0,0,0,0,0
ORD001486,15373,1742,2024-03-02 21:00:00,1960.13,1,Electronics,14.1,Debit Card,Bihar,Urban,6,2,0,4,0.3333,9.9,730,35,0.0479,0,4,2,0,6,141.4,4,1,0,3.91,1347,0.0,0,0,0,0
ORD001487,12243,1308,2024-03-02 22:00:00,1026.1,1,Electronics,5.2,COD,Bihar,Urban,8,0,0,8,0.0,7.4,750,104,0.1387,3,7,3,0,3,341.8,3,1,0,4.93,604,1026.1,0,1,1,0
ORD001488,12645,1630,2024-03-02 23:00:00,920.67,1,Footwear,10.5,COD,Maharashtra,Urban,13,0,3,10,0.0,40.3,737,50,0.0678,2,5,2,0,4,84.8,4,1,0,3.57,1704,920.67,0,0,1,1
ORD001489,11857,1267,2024-03-03 00:00:00,787.03,2,Home,16.1,UPI,Delhi,Semi-Urban,11,0,0,11,0.0,29.0,768,108,0.1406,5,7,2,0,1,143.4,5,1,0,4.3,261,0.0,0,0,1,0
ORD001490,17689,1784,2024-03-03 01:00:00,1202.56,1,Electronics,5.7,Credit Card,Delhi,Urban,4,0,0,4,0.0,4.3,757,116,0.1532,3,3,3,0,6,243.3,4,1,0,3.17,1707,0.0,0,0,1,0
ORD001491,14612,1063,2024-03-03 02:00:00,1068.36,1,Electronics,13.3,COD,West Bengal,Semi-Urban,7,0,1,6,0.0,21.5,770,83,0.1078,4,10,3,0,1,76.8,1,1,0,3.79,157,1068.36,1,0,1,0
ORD001492,15754,1349,2024-03-03 03:00:00,855.07,1,Fashion,10.7,COD,Delhi,Semi-Urban,15,1,2,12,0.0667,70.9,735,15,0.0204,1,6,4,0,1,177.5,5,1,0,3.73,1945,855.07,0,0,1,1
ORD001493,11865,1493,2024-03-03 04:00:00,719.39,3,Beauty,20.9,UPI,Karnataka,Urban,9,1,0,8,0.1111,22.4,743,175,0.2355,2,8,3,0,2,64.8,5,1,0,4.31,1641,0.0,1,0,1,0
ORD001494,12912,1522,2024-03-03 05:00:00,349.6,1,Footwear,36.0,UPI,Karnataka,Urban,4,0,0,4,0.0,15.2,758,70,0.0923,3,9,4,0,1,384.1,5,1,0,3.68,1410,0.0,0,0,1,0
ORD001495,15237,1097,2024-03-03 06:00:00,710.32,1,Electronics,3.2,Debit Card,Karnataka,Semi-Urban,11,0,0,11,0.0,41.0,684,38,0.0556,1,6,5,0,3,261.9,4,1,0,4.37,1706,0.0,0,0,0,0
ORD001496,12853,1070,2024-03-03 07:00:00,806.43,1,Home,12.5,UPI,Maharashtra,Semi-Urban,11,1,1,9,0.0909,45.0,742,135,0.1819,1,5,2,0,3,141.1,6,1,0,3.61,758,0.0,1,0,0,0
ORD001497,16028,1363,2024-03-03 08:00:00,1200.79,2,Home,33.0,COD,Karnataka,Urban,5,4,0,1,0.8,12.0,764,59,0.0772,2,9,4,0,3,271.1,3,1,0,3.69,1835,1200.79,0,0,0,1
ORD001498,17326,1569,2024-03-03 09:00:00,3561.2,1,Home,4.3,Wallet,Maharashtra,Urban,6,0,0,6,0.0,4.9,761,33,0.0434,5,7,1,0,4,179.9,4,1,0,4.3,274,0.0,1,0,0,0
ORD001499,14910,1762,2024-03-03 10:00:00,757.81,1,Fashion,18.4,UPI,West Bengal,Rural,10,1,4,5,0.1,43.4,753,57,0.0757,2,9,5,0,2,101.7,2,1,0,4.16,448,0.0,0,0,0,0
ORD001500,16371,1275,2024-03-03 11:00:00,593.34,1,Home,14.8,UPI,West Bengal,Rural,12,0,2,10,0.0,37.4,748,72,0.0963,2,7,2,0,8,28.7,1,1,0,3.9,866,0.0,0,0,0,0
ORD001501,15996,1049,2024-03-03 12:00:00,714.3,1,Fashion,22.5,Debit Card,Karnataka,Semi-Urban,10,0,1,9,0.0,28.8,756,42,0.0556,1,8,1,0,1,155.9,6,1,0,4.33,947,0.0,0,0,0,0
ORD001502,16359,1357,2024-03-03 13:00:00,1202.32,1,Footwear,6.9,UPI,Maharashtra,Urban,9,0,0,9,0.0,15.1,726,105,0.1446,2,5,4,1,3,192.6,6,1,0,5.0,1945,0.0,0,1,0,1
ORD001503,17091,1727,2024-03-03 14:00:00,1561.16,1,Home,0.4,COD,Karnataka,Semi-Urban,10,0,1,9,0.0,4.7,741,77,0.1039,0,5,1,0,3,62.4,2,1,0,3.58,773,1561.16,0,0,0,0
ORD001504,17863,1563,2024-03-03 15:00:00,1697.66,2,Beauty,4.4,COD,Delhi,Urban,12,1,0,11,0.0833,37.5,725,91,0.1255,4,6,2,0,1,87.7,1,1,0,4.06,923,1697.66,0,0,0,1
ORD001505,16158,1782,2024-03-03 16:00:00,1801.95,2,Electronics,4.9,Wallet,Maharashtra,Semi-Urban,9,2,0,7,0.2222,5.9,751,214,0.285,1,8,4,0,4,160.5,3,1,0,3.76,224,0.0,0,0,0,1
ORD001506,13228,1484,2024-03-03 17:00:00,1961.64,1,Footwear,21.6,COD,Maharashtra,Semi-Urban,12,6,0,6,0.5,7.4,734,57,0.0777,3,7,4,0,1,91.9,6,1,0,3.72,1686,1961.64,0,0,0,1
ORD001507,13719,1083,2024-03-03 18:00:00,927.66,1,Beauty,9.4,COD,Maharashtra,Urban,10,3,1,6,0.3,4.5,760,167,0.2197,3,12,2,0,2,82.5,4,1,0,4.34,222,927.66,1,0,0,0
ORD001508,17428,1637,2024-03-03 19:00:00,3758.91,1,Footwear,35.8,Credit Card,Maharashtra,Urban,5,1,1,3,0.2,53.5,735,44,0.0599,1,5,2,0,3,231.6,7,1,0,3.97,1870,0.0,0,0,0,0
ORD001509,13228,1583,2024-03-03 20:00:00,886.37,1,Home,29.9,COD,Delhi,Semi-Urban,6,0,0,6,0.0,16.7,761,90,0.1183,3,9,3,0,3,122.3,4,1,0,3.91,1021,886.37,1,0,0,1
ORD001510,16190,1295,2024-03-03 21:00:00,1170.99,3,Footwear,9.5,COD,Karnataka,Semi-Urban,11,0,0,11,0.0,3.2,735,61,0.083,0,8,3,1,2,47.9,7,1,0,4.02,1414,1170.99,1,0,0,0
ORD001511,12371,1235,2024-03-03 22:00:00,2386.29,4,Footwear,12.2,COD,West Bengal,Semi-Urban,11,2,1,8,0.1818,36.1,761,128,0.1682,1,2,2,0,5,151.9,4,1,0,3.59,1353,2386.29,3,0,1,0
ORD001512,12891,1055,2024-03-03 23:00:00,1540.49,1,Footwear,12.4,Wallet,Bihar,Semi-Urban,10,0,1,9,0.0,20.1,741,167,0.2254,3,8,2,1,4,135.4,5,1,0,3.86,437,0.0,1,0,1,0
ORD001513,13756,1359,2024-03-04 00:00:00,285.86,1,Fashion,14.6,UPI,Bihar,Urban,13,2,0,11,0.1538,35.6,805,105,0.1304,3,12,4,0,2,39.6,5,0,0,3.54,464,0.0,0,1,1,0
ORD001514,14225,1109,2024-03-04 01:00:00,1100.35,1,Beauty,32.1,COD,Maharashtra,Semi-Urban,10,2,0,8,0.2,27.3,759,45,0.0593,2,7,2,0,5,97.1,5,0,0,4.36,1068,1100.35,0,0,1,0
ORD001515,17578,1191,2024-03-04 02:00:00,1839.37,2,Home,6.8,Credit Card,Maharashtra,Semi-Urban,9,0,2,7,0.0,36.3,748,13,0.0174,3,5,1,0,1,110.2,6,0,0,4.45,1754,0.0,0,0,1,0
ORD001516,10094,1092,2024-03-04 03:00:00,489.76,2,Electronics,31.7,COD,West Bengal,Urban,10,0,0,10,0.0,3.5,793,37,0.0467,2,10,2,1,4,225.5,4,0,1,3.39,971,489.76,0,0,1,1
ORD001517,12674,1567,2024-03-04 04:00:00,1720.58,2,Home,11.8,COD,Bihar,Semi-Urban,9,1,0,8,0.1111,3.8,772,173,0.2241,1,8,3,0,6,135.8,3,0,0,4.38,141,1720.58,0,0,1,0
ORD001518,16898,1059,2024-03-04 05:00:00,1385.88,2,Home,13.9,COD,Maharashtra,Semi-Urban,10,3,2,5,0.3,17.4,766,129,0.1684,5,10,2,1,3,86.5,5,0,0,3.78,382,1385.88,0,1,1,1
ORD001519,11955,1649,2024-03-04 06:00:00,2231.33,1,Fashion,30.5,UPI,Delhi,Semi-Urban,13,0,0,13,0.0,38.7,740,39,0.0527,3,6,5,0,3,319.0,4,0,0,3.17,1165,0.0,0,0,0,0
ORD001520,17459,1038,2024-03-04 07:00:00,724.04,2,Fashion,9.0,UPI,Bihar,Urban,7,0,0,7,0.0,27.3,736,59,0.0802,3,7,4,0,4,82.2,2,0,0,4.3,1018,0.0,1,0,0,0
ORD001521,10793,1539,2024-03-04 08:00:00,1993.28,2,Footwear,7.2,COD,Delhi,Urban,10,2,4,4,0.2,39.4,731,11,0.015,5,9,1,0,3,12.9,3,0,0,3.85,1156,1993.28,0,0,0,1
ORD001522,11834,1048,2024-03-04 09:00:00,1206.85,1,Home,9.1,UPI,West Bengal,Rural,7,1,0,6,0.1429,11.3,750,79,0.1053,4,6,2,0,2,45.7,3,0,0,3.55,116,0.0,0,0,0,0
ORD001523,17450,1419,2024-03-04 10:00:00,3164.12,1,Beauty,50.1,COD,West Bengal,Urban,8,1,1,6,0.125,0.9,699,49,0.0701,3,3,2,0,4,27.6,5,0,0,4.25,166,3164.12,0,0,0,0
ORD001524,12116,1636,2024-03-04 11:00:00,5835.0,2,Fashion,3.2,Wallet,Bihar,Urban,8,3,3,2,0.375,3.0,734,18,0.0245,1,3,4,0,3,70.7,1,0,0,3.9,1342,0.0,0,0,0,0
ORD001525,15779,1012,2024-03-04 12:00:00,2760.03,1,Fashion,16.4,COD,Karnataka,Rural,5,0,0,5,0.0,8.6,754,63,0.0836,0,7,1,0,3,210.5,3,0,0,3.53,1618,2760.03,0,0,0,0
ORD001526,14106,1035,2024-03-04 13:00:00,1463.1,2,Beauty,7.4,UPI,Bihar,Urban,13,0,3,10,0.0,63.2,807,107,0.1326,0,3,2,0,5,108.2,2,0,0,3.93,1213,0.0,0,0,0,0
ORD001527,13325,1100,2024-03-04 14:00:00,4414.29,2,Fashion,21.5,UPI,Delhi,Urban,7,0,0,7,0.0,33.1,704,69,0.098,4,10,3,0,2,234.6,4,0,0,4.07,748,0.0,0,0,0,0
ORD001528,15961,1793,2024-03-04 15:00:00,1575.12,2,Beauty,2.0,UPI,Karnataka,Urban,6,0,0,6,0.0,23.0,759,114,0.1502,3,10,4,0,6,230.3,2,0,0,4.37,1358,0.0,0,1,0,0
ORD001529,12919,1085,2024-03-04 16:00:00,636.02,2,Electronics,5.5,COD,Delhi,Rural,10,0,2,8,0.0,57.8,707,117,0.1655,0,6,4,0,5,109.3,5,0,0,4.18,1471,636.02,0,0,0,0
ORD001530,12597,1515,2024-03-04 17:00:00,1071.09,1,Beauty,7.2,COD,Delhi,Urban,8,2,1,5,0.25,0.1,751,66,0.0879,2,11,7,0,6,64.6,3,0,0,4.19,1534,1071.09,0,1,0,0
ORD001531,13205,1222,2024-03-04 18:00:00,1731.95,2,Electronics,22.6,Wallet,Delhi,Semi-Urban,9,0,0,9,0.0,18.3,785,130,0.1656,2,6,3,0,5,19.8,2,0,0,4.26,974,0.0,1,0,0,0
ORD001532,14807,1337,2024-03-04 19:00:00,1800.05,1,Footwear,2.7,COD,Maharashtra,Semi-Urban,9,1,2,6,0.1111,30.3,730,63,0.0863,3,10,1,0,2,61.2,4,0,0,3.94,175,1800.05,2,0,0,1
ORD001533,16166,1165,2024-03-04 20:00:00,558.27,1,Footwear,16.9,Credit Card,Karnataka,Urban,11,1,2,8,0.0909,0.7,749,9,0.012,4,10,3,0,4,42.3,5,0,0,4.11,1977,0.0,0,0,0,0
ORD001534,10814,1382,2024-03-04 21:00:00,569.0,1,Fashion,25.5,COD,Maharashtra,Urban,10,0,3,7,0.0,32.3,743,167,0.2248,3,7,3,0,2,136.7,2,0,0,4.78,913,569.0,1,0,0,0
ORD001535,10345,1375,2024-03-04 22:00:00,893.56,1,Beauty,15.0,COD,Maharashtra,Urban,5,0,0,5,0.0,26.9,763,22,0.0288,3,6,3,0,2,208.3,7,0,0,4.13,135,893.56,0,0,1,1
ORD001536,12349,1470,2024-03-04 23:00:00,1511.3,1,Fashion,26.9,UPI,Delhi,Rural,11,1,0,10,0.0909,23.5,774,64,0.0827,1,5,4,0,2,34.9,5,0,0,4.6,1895,0.0,0,0,1,0
ORD001537,10362,1789,2024-03-05 00:00:00,1631.96,4,Beauty,28.7,COD,West Bengal,Semi-Urban,13,0,1,12,0.0,80.8,760,41,0.0539,4,10,3,0,4,91.9,4,0,0,5.0,1152,1631.96,0,0,1,1
ORD001538,12443,1641,2024-03-05 01:00:00,1193.66,1,Fashion,17.1,Debit Card,Bihar,Rural,5,0,0,5,0.0,5.0,675,51,0.0756,1,6,2,0,6,61.1,2,0,0,3.96,424,0.0,1,0,1,0
ORD001539,12265,1030,2024-03-05 02:00:00,664.7,1,Footwear,14.6,Credit Card,West Bengal,Urban,12,0,2,10,0.0,89.4,742,38,0.0512,3,5,2,0,2,33.9,2,0,0,4.73,1046,0.0,0,0,1,0
ORD001540,12188,1374,2024-03-05 03:00:00,3109.34,1,Footwear,5.6,Debit Card,Delhi,Urban,9,1,0,8,0.1111,62.7,765,163,0.2131,0,4,2,0,3,69.1,5,0,0,4.38,506,0.0,1,0,1,0
ORD001541,17783,1010,2024-03-05 04:00:00,576.38,1,Fashion,9.8,UPI,Bihar,Urban,13,2,1,10,0.1538,40.4,801,131,0.1635,1,5,2,0,7,64.9,4,0,0,4.68,908,0.0,0,0,1,1
ORD001542,13005,1301,2024-03-05 05:00:00,2395.64,2,Beauty,12.6,COD,Bihar,Semi-Urban,6,1,0,5,0.1667,63.0,758,102,0.1346,1,4,4,0,1,58.6,5,0,0,3.71,649,2395.64,0,2,1,0
ORD001543,13281,1095,2024-03-05 06:00:00,1708.37,1,Home,26.7,COD,Delhi,Semi-Urban,9,0,0,9,0.0,83.3,761,24,0.0315,3,10,2,0,1,194.4,2,0,0,4.06,153,1708.37,0,0,0,0
ORD001544,10984,1189,2024-03-05 07:00:00,2364.21,2,Beauty,26.8,Credit Card,Maharashtra,Semi-Urban,9,0,2,7,0.0,20.1,747,33,0.0442,2,6,2,0,6,184.3,6,0,0,3.91,1425,0.0,0,0,0,1
ORD001545,17136,1452,2024-03-05 08:00:00,839.95,2,Fashion,25.6,COD,Bihar,Rural,11,0,1,10,0.0,13.6,737,77,0.1045,2,12,2,0,1,45.8,5,0,0,3.84,757,839.95,2,0,0,1
ORD001546,17790,1191,2024-03-05 09:00:00,1006.67,1,Beauty,3.2,Credit Card,Bihar,Urban,8,3,0,5,0.375,9.3,732,176,0.2404,2,5,3,0,5,195.1,4,0,0,3.84,365,0.0,0,0,0,0
ORD001547,11639,1485,2024-03-05 10:00:00,1133.45,3,Electronics,17.0,UPI,Bihar,Semi-Urban,8,0,1,7,0.0,6.4,738,11,0.0149,2,5,2,0,2,163.5,7,0,0,4.13,908,0.0,0,0,0,0
ORD001548,10827,1265,2024-03-05 11:00:00,823.99,1,Beauty,7.0,UPI,Bihar,Semi-Urban,7,0,0,7,0.0,17.6,727,192,0.2641,2,8,4,0,4,78.4,3,0,0,4.03,1983,0.0,1,1,0,0
ORD001549,12730,1423,2024-03-05 12:00:00,1255.33,1,Footwear,17.4,UPI,Karnataka,Urban,11,1,3,7,0.0909,37.9,712,42,0.059,3,6,3,0,3,71.6,3,0,0,3.93,40,0.0,0,0,0,0
ORD001550,13531,1127,2024-03-05 13:00:00,2828.36,3,Footwear,5.5,Credit Card,Maharashtra,Semi-Urban,13,1,1,11,0.0769,11.8,771,136,0.1764,1,6,6,0,2,38.0,2,0,0,3.68,1347,0.0,1,0,0,0
ORD001551,17147,1237,2024-03-05 14:00:00,503.66,3,Electronics,27.7,COD,Karnataka,Rural,9,0,0,9,0.0,43.3,738,84,0.1138,1,5,2,1,3,220.7,7,0,0,3.92,1897,503.66,1,0,0,0
ORD001552,14451,1354,2024-03-05 15:00:00,739.28,1,Beauty,10.4,COD,Karnataka,Urban,11,5,1,5,0.4545,17.2,771,17,0.022,3,12,2,0,4,161.1,3,0,0,4.24,1306,739.28,1,1,0,0
ORD001553,17151,1111,2024-03-05 16:00:00,692.67,1,Home,6.9,COD,Delhi,Urban,7,0,0,7,0.0,7.0,754,39,0.0517,3,9,2,0,5,390.5,4,0,0,3.74,1671,692.67,0,0,0,1
ORD001554,15443,1445,2024-03-05 17:00:00,1036.23,1,Beauty,1.3,UPI,Maharashtra,Urban,10,0,3,7,0.0,23.8,726,96,0.1322,1,6,3,1,1,247.0,3,0,0,3.88,685,0.0,0,0,0,0
ORD001555,17300,1342,2024-03-05 18:00:00,1010.99,1,Footwear,15.0,Debit Card,West Bengal,Rural,14,1,2,11,0.0714,68.0,780,140,0.1795,4,12,2,0,1,94.3,3,0,0,3.29,536,0.0,1,0,0,0
ORD001556,12935,1144,2024-03-05 19:00:00,1743.04,4,Footwear,23.4,COD,Maharashtra,Semi-Urban,9,1,1,7,0.1111,4.5,771,192,0.249,2,8,8,0,3,141.4,4,0,0,4.02,804,1743.04,0,0,0,1
ORD001557,13876,1064,2024-03-05 20:00:00,1119.05,1,Fashion,13.1,Credit Card,West Bengal,Urban,8,0,2,6,0.0,17.7,744,70,0.0941,4,10,5,0,5,59.1,4,0,0,4.75,1177,0.0,0,0,0,0
ORD001558,15959,1246,2024-03-05 21:00:00,1315.18,1,Footwear,12.1,UPI,Bihar,Semi-Urban,9,3,1,5,0.3333,1.8,778,6,0.0077,2,6,4,0,3,57.6,2,0,0,3.29,927,0.0,0,0,0,0
ORD001559,10126,1734,2024-03-05 22:00:00,1392.8,3,Fashion,0.5,UPI,West Bengal,Urban,11,4,3,4,0.3636,36.5,696,147,0.2112,2,6,2,0,2,12.7,4,0,0,3.11,119,0.0,0,0,1,0
ORD001560,13177,1489,2024-03-05 23:00:00,1270.6,1,Footwear,15.2,COD,West Bengal,Urban,7,2,0,5,0.2857,52.3,794,12,0.0151,4,11,3,0,2,195.2,4,0,0,3.96,1601,1270.6,1,1,1,0
ORD001561,13056,1438,2024-03-06 00:00:00,1672.35,1,Footwear,11.0,UPI,West Bengal,Urban,10,0,1,9,0.0,5.1,755,86,0.1139,2,6,4,0,3,461.2,5,0,0,4.08,900,0.0,1,0,1,1
ORD001562,10603,1105,2024-03-06 01:00:00,1019.03,3,Home,8.4,UPI,Bihar,Urban,5,2,1,2,0.4,3.8,735,97,0.132,1,8,3,1,1,93.8,4,0,0,4.41,1343,0.0,0,0,1,0
ORD001563,17966,1180,2024-03-06 02:00:00,2944.87,2,Fashion,5.2,COD,Bihar,Urban,8,0,0,8,0.0,0.8,704,93,0.1321,0,8,3,0,5,123.3,2,0,0,4.13,1572,2944.87,0,0,1,0
ORD001564,13449,1183,2024-03-06 03:00:00,5039.05,2,Fashion,26.8,UPI,Karnataka,Semi-Urban,9,1,0,8,0.1111,32.8,775,136,0.1755,6,11,4,0,3,58.0,7,0,0,3.84,1172,0.0,0,0,1,0
ORD001565,16024,1225,2024-03-06 04:00:00,1675.29,1,Footwear,2.9,COD,West Bengal,Semi-Urban,11,0,0,11,0.0,1.1,746,16,0.0214,1,4,2,0,2,115.8,3,0,0,3.86,177,1675.29,0,0,1,0
ORD001566,15109,1776,2024-03-06 05:00:00,1257.39,2,Fashion,12.7,UPI,Maharashtra,Urban,9,1,0,8,0.1111,88.7,765,96,0.1255,5,13,2,0,2,335.9,4,0,0,4.07,1579,0.0,0,0,1,0
ORD001567,14146,1789,2024-03-06 06:00:00,1595.19,1,Footwear,20.7,UPI,Delhi,Urban,7,0,0,7,0.0,7.0,770,68,0.0883,1,10,2,1,1,178.0,7,0,0,3.7,1806,0.0,0,0,0,0
ORD001568,17196,1088,2024-03-06 07:00:00,566.45,1,Footwear,25.1,UPI,Karnataka,Urban,12,2,1,9,0.1667,22.6,779,314,0.4031,2,7,5,0,3,265.9,6,0,0,4.16,1091,0.0,1,1,0,0
ORD001569,13533,1687,2024-03-06 08:00:00,1221.78,4,Beauty,11.3,COD,West Bengal,Urban,10,1,0,9,0.1,27.0,762,39,0.0512,1,6,4,0,1,165.1,4,0,0,4.06,119,1221.78,1,0,0,0
ORD001570,13367,1529,2024-03-06 09:00:00,707.12,1,Fashion,7.7,COD,Karnataka,Urban,10,0,0,10,0.0,4.3,719,108,0.1502,3,7,1,0,5,45.2,2,0,0,3.65,1148,707.12,0,0,0,0
ORD001571,13368,1370,2024-03-06 10:00:00,1489.19,2,Electronics,33.7,Credit Card,West Bengal,Rural,9,0,0,9,0.0,4.2,726,161,0.2218,2,13,2,0,1,123.7,2,0,0,4.25,358,0.0,0,1,0,1
ORD001572,13797,1398,2024-03-06 11:00:00,709.23,1,Fashion,28.9,COD,West Bengal,Urban,8,1,1,6,0.125,0.4,766,86,0.1123,2,7,4,0,4,70.6,3,0,0,3.27,1443,709.23,1,0,0,1
ORD001573,16922,1105,2024-03-06 12:00:00,891.7,1,Fashion,9.1,Credit Card,Karnataka,Urban,4,0,2,2,0.0,34.9,774,41,0.053,1,9,4,1,2,47.7,2,0,0,3.7,239,0.0,1,0,0,0
ORD001574,15526,1270,2024-03-06 13:00:00,356.67,2,Home,12.4,COD,West Bengal,Urban,7,0,0,7,0.0,3.5,809,72,0.089,4,11,3,1,3,399.4,4,0,1,4.69,1362,356.67,0,0,0,0
ORD001575,11792,1502,2024-03-06 14:00:00,542.43,1,Electronics,20.7,Credit Card,West Bengal,Rural,6,2,0,4,0.3333,9.0,709,171,0.2412,4,6,1,0,4,50.2,6,0,0,3.69,1521,0.0,0,0,0,0
ORD001576,12861,1678,2024-03-06 15:00:00,1356.85,2,Electronics,17.3,COD,Delhi,Urban,8,1,1,6,0.125,18.0,762,66,0.0866,1,7,1,1,2,54.1,3,0,0,4.29,959,1356.85,1,0,0,0
ORD001577,15732,1524,2024-03-06 16:00:00,651.12,1,Home,13.3,COD,Maharashtra,Urban,11,1,1,9,0.0909,36.0,749,18,0.024,2,5,3,0,2,108.9,4,0,0,3.69,415,651.12,0,0,0,1
ORD001578,13476,1031,2024-03-06 17:00:00,2076.14,3,Home,8.4,Debit Card,Bihar,Urban,9,1,2,6,0.1111,7.9,769,173,0.225,2,4,1,0,2,193.2,2,0,0,3.94,1705,0.0,0,0,0,0
ORD001579,13417,1392,2024-03-06 18:00:00,618.73,1,Fashion,8.5,COD,Delhi,Urban,13,1,0,12,0.0769,34.7,722,75,0.1039,1,5,4,0,2,267.8,2,0,0,3.47,172,618.73,0,1,0,0
ORD001580,11645,1039,2024-03-06 19:00:00,1439.36,1,Beauty,10.9,COD,Bihar,Rural,7,0,2,5,0.0,11.7,751,40,0.0533,3,3,1,0,2,285.2,2,0,0,4.13,129,1439.36,0,1,0,0
ORD001581,16563,1659,2024-03-06 20:00:00,694.28,1,Home,24.0,COD,Bihar,Urban,2,0,1,1,0.0,27.2,711,157,0.2208,1,7,2,0,2,27.4,2,0,0,3.59,604,694.28,0,0,0,0
ORD001582,11205,1217,2024-03-06 21:00:00,1381.99,3,Electronics,26.5,Debit Card,Maharashtra,Semi-Urban,11,2,1,8,0.1818,13.2,770,35,0.0455,2,3,5,0,1,91.2,3,0,0,4.52,1333,0.0,0,0,0,0
ORD001583,13030,1730,2024-03-06 22:00:00,436.65,2,Electronics,1.6,COD,Delhi,Urban,10,1,0,9,0.1,53.8,738,171,0.2317,6,15,3,0,2,24.2,4,0,0,4.23,379,436.65,0,0,1,0
ORD001584,12872,1081,2024-03-06 23:00:00,835.55,2,Fashion,7.5,Credit Card,West Bengal,Urban,6,1,4,1,0.1667,9.9,792,131,0.1654,2,10,4,0,3,98.9,2,0,0,3.95,1435,0.0,0,0,1,0
ORD001585,13072,1719,2024-03-07 00:00:00,660.02,1,Beauty,10.1,UPI,Maharashtra,Rural,11,1,0,10,0.0909,31.6,774,59,0.0762,2,5,1,0,4,68.5,3,0,0,4.87,983,0.0,0,0,1,0
ORD001586,11854,1200,2024-03-07 01:00:00,1862.99,1,Footwear,27.1,COD,West Bengal,Semi-Urban,5,0,1,4,0.0,22.8,766,78,0.1018,0,6,1,0,3,82.2,2,0,0,3.93,794,1862.99,0,0,1,1
ORD001587,14021,1446,2024-03-07 02:00:00,1447.16,1,Home,9.8,COD,West Bengal,Urban,9,3,0,6,0.3333,42.2,760,53,0.0697,3,8,2,0,5,37.3,4,0,0,4.5,195,1447.16,0,0,1,1
ORD001588,14662,1427,2024-03-07 03:00:00,523.46,1,Home,9.6,COD,West Bengal,Semi-Urban,17,0,1,16,0.0,55.6,730,64,0.0877,1,6,2,0,1,53.4,4,0,0,4.69,1521,523.46,0,0,1,1
ORD001589,16514,1037,2024-03-07 04:00:00,970.77,1,Fashion,13.5,UPI,West Bengal,Urban,9,0,2,7,0.0,62.8,725,105,0.1448,1,10,1,0,1,171.2,2,0,0,4.05,515,0.0,1,0,1,0
ORD001590,15031,1210,2024-03-07 05:00:00,689.94,4,Beauty,16.8,UPI,Delhi,Rural,14,0,1,13,0.0,25.3,760,188,0.2474,2,4,3,0,3,144.9,6,0,0,4.12,1785,0.0,0,0,1,0
ORD001591,16030,1443,2024-03-07 06:00:00,1939.44,2,Electronics,21.0,COD,Bihar,Semi-Urban,8,0,0,8,0.0,9.3,759,80,0.1054,3,10,3,0,3,197.5,3,0,0,3.78,421,1939.44,2,0,0,0
ORD001592,12708,1326,2024-03-07 07:00:00,2351.75,1,Electronics,16.6,UPI,Bihar,Urban,16,5,1,10,0.3125,1.8,783,79,0.1009,4,5,4,0,1,120.1,7,0,0,3.88,1920,0.0,0,0,0,0
ORD001593,13502,1760,2024-03-07 08:00:00,461.75,1,Footwear,1.6,COD,Delhi,Urban,6,1,0,5,0.1667,6.2,742,27,0.0364,3,7,3,0,1,41.0,5,0,0,3.53,952,461.75,0,0,0,1
ORD001594,17112,1226,2024-03-07 09:00:00,1800.86,2,Electronics,16.6,COD,Bihar,Urban,8,0,0,8,0.0,4.5,743,79,0.1063,0,3,4,0,6,84.0,6,0,0,3.5,367,1800.86,0,0,0,0
ORD001595,11332,1047,2024-03-07 10:00:00,669.16,1,Home,10.9,Debit Card,Maharashtra,Semi-Urban,6,0,3,3,0.0,5.6,717,175,0.2441,3,11,3,0,3,130.3,4,0,0,4.28,1084,0.0,0,0,0,0
ORD001596,17304,1017,2024-03-07 11:00:00,942.23,1,Footwear,4.6,Credit Card,West Bengal,Urban,10,0,0,10,0.0,68.5,722,74,0.1025,2,2,2,0,2,47.2,1,0,0,3.42,1236,0.0,1,0,0,0
ORD001597,10201,1438,2024-03-07 12:00:00,1118.06,1,Beauty,27.2,COD,West Bengal,Urban,8,0,1,7,0.0,17.1,742,74,0.0997,5,13,2,0,1,226.2,6,0,0,3.42,1841,1118.06,1,0,0,0
ORD001598,13507,1707,2024-03-07 13:00:00,3261.57,1,Footwear,10.0,Debit Card,West Bengal,Rural,6,1,0,5,0.1667,14.1,722,152,0.2105,1,4,3,0,3,193.3,4,0,0,3.57,1410,0.0,0,0,0,0
ORD001599,16456,1186,2024-03-07 14:00:00,600.46,2,Beauty,19.7,Debit Card,Karnataka,Urban,9,0,2,7,0.0,6.4,791,111,0.1403,0,3,3,0,4,35.0,6,0,0,4.38,1102,0.0,1,0,0,0
ORD001600,14212,1344,2024-03-07 15:00:00,1809.58,1,Electronics,24.3,COD,Maharashtra,Urban,11,1,0,10,0.0909,17.3,728,213,0.2926,2,8,3,0,1,52.4,4,0,0,3.74,1467,1809.58,0,0,0,0
ORD001601,17833,1223,2024-03-07 16:00:00,542.99,1,Fashion,14.1,COD,Karnataka,Urban,8,1,0,7,0.125,110.0,729,58,0.0796,2,6,4,0,3,35.7,4,0,0,4.44,534,542.99,0,0,0,0
ORD001602,15032,1487,2024-03-07 17:00:00,520.94,1,Footwear,3.0,UPI,Delhi,Urban,6,0,0,6,0.0,5.9,747,17,0.0228,2,7,4,0,5,48.5,1,0,0,3.22,1541,0.0,1,1,0,0
ORD001603,17970,1228,2024-03-07 18:00:00,1115.52,2,Footwear,13.7,Debit Card,Karnataka,Semi-Urban,3,0,0,3,0.0,8.4,708,116,0.1638,0,4,1,0,2,37.6,3,0,0,4.55,349,0.0,0,0,0,1
ORD001604,10574,1389,2024-03-07 19:00:00,1111.02,1,Home,19.5,Credit Card,Bihar,Semi-Urban,11,2,0,9,0.1818,36.1,782,157,0.2008,3,9,2,0,4,77.1,6,0,0,4.49,795,0.0,1,0,0,0
ORD001605,16387,1588,2024-03-07 20:00:00,200.46,1,Home,9.8,COD,Bihar,Urban,7,1,2,4,0.1429,66.0,749,115,0.1535,4,10,4,0,3,340.8,2,0,0,3.65,1604,200.46,0,0,0,0
ORD001606,10536,1187,2024-03-07 21:00:00,2199.0,3,Beauty,12.7,COD,Maharashtra,Urban,9,2,0,7,0.2222,18.6,728,37,0.0508,1,5,2,1,2,173.5,4,0,0,4.63,699,2199.0,0,0,0,1
ORD001607,11625,1269,2024-03-07 22:00:00,303.85,4,Fashion,8.0,COD,Karnataka,Urban,14,1,1,12,0.0714,37.1,735,62,0.0844,4,11,4,0,1,35.8,5,0,0,3.8,947,303.85,0,0,1,0
ORD001608,12122,1606,2024-03-07 23:00:00,1004.69,4,Home,2.3,COD,Karnataka,Urban,9,2,1,6,0.2222,0.4,738,50,0.0678,0,3,4,0,3,66.9,7,0,0,4.32,1363,1004.69,1,0,1,1
ORD001609,17973,1309,2024-03-08 00:00:00,2432.24,2,Home,25.5,COD,West Bengal,Urban,9,1,0,8,0.1111,25.6,732,13,0.0178,5,6,2,0,1,244.4,2,0,0,4.11,705,2432.24,0,0,1,0
ORD001610,10385,1131,2024-03-08 01:00:00,4127.84,1,Electronics,7.7,UPI,Maharashtra,Urban,8,0,0,8,0.0,1.1,761,46,0.0604,2,8,6,0,4,58.4,3,0,0,4.0,1243,0.0,1,0,1,0
ORD001611,13281,1550,2024-03-08 02:00:00,881.98,1,Electronics,13.1,COD,West Bengal,Urban,8,0,2,6,0.0,115.0,766,39,0.0509,0,4,1,0,3,146.9,5,0,0,3.94,214,881.98,0,0,1,1
ORD001612,10474,1071,2024-03-08 03:00:00,464.16,1,Home,14.7,COD,Maharashtra,Semi-Urban,9,0,2,7,0.0,20.1,783,46,0.0587,3,7,2,0,5,609.9,6,0,0,4.27,948,464.16,1,1,1,1
ORD001613,10417,1792,2024-03-08 04:00:00,2378.75,1,Beauty,4.8,Debit Card,Maharashtra,Urban,11,3,1,7,0.2727,4.4,753,136,0.1806,2,4,2,0,5,203.8,6,0,0,4.56,1785,0.0,1,0,1,1
ORD001614,16490,1671,2024-03-08 05:00:00,1842.9,4,Fashion,7.6,COD,Karnataka,Semi-Urban,11,1,0,10,0.0909,49.6,717,208,0.2901,3,10,1,0,2,111.4,1,0,1,3.83,277,1842.9,1,0,1,1
ORD001615,13600,1186,2024-03-08 06:00:00,817.79,2,Home,13.8,COD,West Bengal,Urban,9,3,2,4,0.3333,31.5,789,111,0.1407,3,10,3,0,2,136.0,3,0,0,4.03,130,817.79,0,0,0,1
ORD001616,16783,1485,2024-03-08 07:00:00,757.9,2,Beauty,15.7,UPI,Delhi,Semi-Urban,5,1,0,4,0.2,10.3,836,63,0.0754,1,6,2,0,4,245.9,2,0,0,4.08,1772,0.0,0,0,0,0
ORD001617,15034,1190,2024-03-08 08:00:00,713.06,1,Beauty,8.4,COD,West Bengal,Semi-Urban,8,0,4,4,0.0,1.1,778,50,0.0643,1,5,4,1,4,96.0,6,0,0,3.81,987,713.06,0,1,0,0
ORD001618,10954,1421,2024-03-08 09:00:00,891.81,3,Home,32.1,UPI,Delhi,Semi-Urban,7,1,1,5,0.1429,26.1,795,13,0.0164,1,3,3,0,3,147.2,3,0,0,4.07,854,0.0,0,0,0,0
ORD001619,14971,1119,2024-03-08 10:00:00,1325.63,2,Beauty,7.9,Credit Card,Bihar,Urban,11,0,0,11,0.0,25.3,769,49,0.0637,1,7,3,0,5,23.7,7,0,0,4.04,518,0.0,1,0,0,0
ORD001620,14858,1219,2024-03-08 11:00:00,780.86,1,Footwear,3.4,UPI,Maharashtra,Urban,10,0,0,10,0.0,9.4,703,101,0.1437,2,5,3,0,2,210.2,7,0,0,4.32,915,0.0,1,0,0,1
ORD001621,15298,1052,2024-03-08 12:00:00,842.4,3,Beauty,23.1,Credit Card,West Bengal,Semi-Urban,7,0,0,7,0.0,25.9,753,111,0.1474,2,8,3,0,4,171.8,2,0,0,4.07,11,0.0,0,0,0,0
ORD001622,11205,1733,2024-03-08 13:00:00,1611.25,1,Home,10.9,COD,Maharashtra,Urban,7,0,0,7,0.0,4.6,783,103,0.1315,1,6,3,0,2,81.6,3,0,0,4.19,1655,1611.25,1,0,0,0
ORD001623,14759,1450,2024-03-08 14:00:00,450.59,1,Beauty,23.9,COD,West Bengal,Urban,3,0,0,3,0.0,64.4,695,54,0.0777,1,9,1,0,5,163.1,2,0,0,3.84,1826,450.59,1,0,0,1
ORD001624,14120,1411,2024-03-08 15:00:00,875.19,2,Home,7.6,COD,Bihar,Rural,9,3,0,6,0.3333,11.4,803,68,0.0847,1,8,3,0,2,704.2,2,0,0,3.98,196,875.19,0,0,0,1
ORD001625,11990,1642,2024-03-08 16:00:00,401.19,2,Electronics,12.4,Debit Card,West Bengal,Semi-Urban,7,1,1,5,0.1429,4.2,705,31,0.044,1,5,2,0,4,81.4,3,0,0,4.4,187,0.0,0,0,0,0
ORD001626,15299,1236,2024-03-08 17:00:00,1170.34,1,Home,11.9,UPI,Bihar,Semi-Urban,13,2,2,9,0.1538,50.0,706,126,0.1785,4,10,1,0,5,241.7,4,0,0,3.37,1453,0.0,1,0,0,0
ORD001627,14805,1757,2024-03-08 18:00:00,342.53,1,Beauty,39.1,COD,Maharashtra,Urban,7,0,3,4,0.0,12.2,717,62,0.0865,1,9,2,0,1,73.8,1,0,0,4.17,129,342.53,0,0,0,0
ORD001628,13572,1737,2024-03-08 19:00:00,1870.58,4,Home,6.8,UPI,Karnataka,Urban,8,0,0,8,0.0,28.4,734,29,0.0395,2,4,4,0,4,47.8,3,0,0,4.56,732,0.0,1,0,0,0
ORD001629,15975,1719,2024-03-08 20:00:00,498.31,2,Fashion,10.1,COD,Delhi,Urban,7,1,2,4,0.1429,24.0,826,44,0.0533,0,6,1,0,1,65.3,4,0,0,4.09,1440,498.31,1,2,0,0
ORD001630,15280,1405,2024-03-08 21:00:00,378.59,2,Home,4.0,UPI,Maharashtra,Semi-Urban,8,0,2,6,0.0,4.6,747,138,0.1847,2,4,2,0,2,80.6,5,0,0,3.78,1353,0.0,0,0,0,0
ORD001631,16320,1607,2024-03-08 22:00:00,881.68,1,Home,26.4,COD,Karnataka,Urban,7,1,2,4,0.1429,13.4,780,178,0.2282,1,9,1,0,2,196.1,3,0,0,4.45,1528,881.68,0,0,1,1
ORD001632,14380,1421,2024-03-08 23:00:00,3061.51,1,Fashion,14.9,UPI,Maharashtra,Urban,9,1,2,6,0.1111,44.1,753,18,0.0239,2,7,1,0,3,205.7,3,0,0,3.87,101,0.0,0,0,1,0
ORD001633,14158,1711,2024-03-09 00:00:00,1680.28,1,Fashion,4.5,UPI,Maharashtra,Semi-Urban,6,0,2,4,0.0,5.4,769,113,0.1469,2,6,3,0,4,319.4,7,1,0,4.83,494,0.0,1,0,1,0
ORD001634,15098,1246,2024-03-09 01:00:00,346.06,1,Fashion,23.3,COD,West Bengal,Urban,7,1,1,5,0.1429,17.2,785,277,0.3529,4,12,2,1,2,85.1,2,1,0,4.05,502,346.06,1,0,1,0
ORD001635,14757,1071,2024-03-09 02:00:00,489.86,1,Footwear,9.5,Debit Card,Bihar,Semi-Urban,8,0,0,8,0.0,18.6,779,21,0.027,0,1,4,0,2,184.1,6,1,0,4.81,1222,0.0,0,0,1,0
ORD001636,12713,1184,2024-03-09 03:00:00,864.92,1,Home,15.6,COD,Bihar,Urban,10,0,1,9,0.0,53.8,722,130,0.1801,2,7,3,0,1,161.3,1,1,0,4.46,56,864.92,2,0,1,0
ORD001637,12203,1005,2024-03-09 04:00:00,4200.72,1,Fashion,9.9,COD,West Bengal,Urban,10,0,1,9,0.0,23.4,760,63,0.0829,4,8,2,0,3,89.2,4,1,0,4.0,1076,4200.72,1,0,1,1
ORD001638,15588,1205,2024-03-09 05:00:00,624.3,1,Fashion,22.2,COD,West Bengal,Urban,10,0,0,10,0.0,50.4,725,23,0.0317,0,3,2,0,4,84.4,6,1,0,4.14,1549,624.3,0,0,1,1
ORD001639,13120,1543,2024-03-09 06:00:00,627.33,2,Electronics,18.4,Debit Card,Maharashtra,Semi-Urban,9,1,0,8,0.1111,52.7,759,215,0.2833,1,6,3,0,4,37.9,2,1,0,4.08,588,0.0,0,0,0,0
ORD001640,10966,1610,2024-03-09 07:00:00,2742.04,1,Footwear,22.6,COD,Bihar,Urban,9,1,1,7,0.1111,14.4,716,75,0.1047,2,5,2,0,3,386.5,2,1,0,3.49,1381,2742.04,1,0,0,0
ORD001641,14944,1386,2024-03-09 08:00:00,1232.68,1,Home,8.6,Debit Card,Maharashtra,Semi-Urban,5,0,0,5,0.0,2.4,765,42,0.0549,2,7,4,0,6,143.4,3,1,1,3.73,539,0.0,0,0,0,0
ORD001642,15203,1767,2024-03-09 09:00:00,2062.76,1,Beauty,9.3,UPI,Karnataka,Semi-Urban,12,1,0,11,0.0833,55.3,793,115,0.145,5,7,2,0,4,376.9,7,1,0,4.3,1307,0.0,0,0,0,1
ORD001643,13432,1698,2024-03-09 10:00:00,708.92,1,Footwear,7.6,Credit Card,Karnataka,Semi-Urban,11,3,1,7,0.2727,5.0,757,52,0.0687,1,7,5,1,6,285.9,4,1,0,4.37,1087,0.0,0,0,0,0
ORD001644,10688,1075,2024-03-09 11:00:00,1031.76,1,Footwear,45.3,Debit Card,West Bengal,Rural,13,0,2,11,0.0,19.5,767,104,0.1356,0,4,1,0,1,234.1,5,1,0,5.0,1475,0.0,2,0,0,0
ORD001645,14243,1176,2024-03-09 12:00:00,2414.82,4,Electronics,11.3,UPI,Bihar,Urban,7,0,0,7,0.0,3.4,762,59,0.0774,1,4,6,0,4,84.3,6,1,0,4.37,955,0.0,0,0,0,0
ORD001646,13701,1798,2024-03-09 13:00:00,1005.35,2,Home,7.8,UPI,Karnataka,Urban,14,4,0,10,0.2857,81.2,762,7,0.0092,0,6,2,0,2,458.5,2,1,0,3.45,1902,0.0,1,0,0,0
ORD001647,10341,1348,2024-03-09 14:00:00,2151.31,1,Home,9.5,UPI,Bihar,Urban,9,3,0,6,0.3333,0.3,721,15,0.0208,1,7,7,0,5,189.2,4,1,0,4.04,139,0.0,3,0,0,0
ORD001648,16619,1254,2024-03-09 15:00:00,1383.48,1,Fashion,30.1,Credit Card,Bihar,Rural,5,1,0,4,0.2,10.0,706,39,0.0552,1,6,1,0,3,165.2,5,1,0,3.48,718,0.0,0,0,0,1
ORD001649,15182,1701,2024-03-09 16:00:00,587.7,1,Fashion,13.8,COD,Delhi,Semi-Urban,5,2,1,2,0.4,100.9,748,119,0.1591,1,8,2,0,4,160.8,4,1,0,3.64,312,587.7,0,0,0,1
ORD001650,11724,1307,2024-03-09 17:00:00,1085.95,2,Footwear,1.8,Credit Card,Karnataka,Semi-Urban,9,1,0,8,0.1111,4.9,758,72,0.095,2,5,6,0,4,211.7,3,1,0,3.79,1900,0.0,0,1,0,0
ORD001651,15479,1344,2024-03-09 18:00:00,1976.0,1,Electronics,1.2,UPI,Karnataka,Urban,9,3,0,6,0.3333,31.6,685,51,0.0745,2,9,2,0,5,270.0,3,1,0,3.92,656,0.0,0,0,0,1
ORD001652,16704,1126,2024-03-09 19:00:00,1638.69,1,Home,7.7,UPI,Maharashtra,Urban,12,1,3,8,0.0833,25.2,763,68,0.0891,2,7,3,0,4,139.0,7,1,0,4.23,827,0.0,1,0,0,0
ORD001653,14422,1286,2024-03-09 20:00:00,1070.46,2,Electronics,10.2,COD,Maharashtra,Urban,11,1,0,10,0.0909,0.3,737,145,0.1967,2,4,2,0,2,131.9,2,1,0,4.05,313,1070.46,0,0,0,1
ORD001654,11792,1765,2024-03-09 21:00:00,352.47,2,Beauty,39.1,Credit Card,Bihar,Semi-Urban,12,0,0,12,0.0,53.9,750,75,0.1,3,13,5,0,2,168.6,4,1,0,3.84,822,0.0,0,0,0,0
ORD001655,11759,1724,2024-03-09 22:00:00,373.31,2,Home,16.8,COD,West Bengal,Urban,13,1,1,11,0.0769,0.6,744,70,0.0941,1,5,3,0,6,191.8,5,1,0,3.95,1964,373.31,0,0,1,1
ORD001656,13212,1761,2024-03-09 23:00:00,424.12,3,Fashion,17.6,Wallet,Maharashtra,Urban,9,1,1,7,0.1111,30.9,721,73,0.1012,3,9,3,0,2,112.6,1,1,0,4.24,1181,0.0,0,0,1,0
ORD001657,10989,1595,2024-03-10 00:00:00,807.33,3,Footwear,7.0,COD,Maharashtra,Semi-Urban,13,2,2,9,0.1538,15.0,728,64,0.0879,2,6,4,0,4,164.4,4,1,0,4.09,641,807.33,0,0,1,1
ORD001658,12262,1486,2024-03-10 01:00:00,874.57,1,Electronics,14.4,UPI,Bihar,Semi-Urban,9,0,1,8,0.0,1.7,728,135,0.1854,2,9,3,0,2,67.7,4,1,0,4.87,1328,0.0,1,0,1,0
ORD001659,12482,1382,2024-03-10 02:00:00,452.48,1,Fashion,10.7,COD,Karnataka,Urban,8,0,3,5,0.0,15.9,686,105,0.1531,2,7,2,0,1,140.7,6,1,0,4.35,1542,452.48,0,1,1,1
ORD001660,10951,1405,2024-03-10 03:00:00,2025.37,2,Footwear,8.8,UPI,Maharashtra,Rural,10,1,0,9,0.1,28.1,759,28,0.0369,0,7,1,0,3,66.1,3,1,0,3.38,1736,0.0,0,0,1,0
ORD001661,10722,1387,2024-03-10 04:00:00,513.75,2,Fashion,15.5,COD,West Bengal,Urban,9,0,0,9,0.0,1.5,723,90,0.1245,2,11,3,0,7,89.0,2,1,0,4.84,1574,513.75,0,1,1,1
ORD001662,13389,1524,2024-03-10 05:00:00,481.87,4,Home,12.0,UPI,Bihar,Urban,16,2,1,13,0.125,59.9,751,23,0.0306,2,12,2,0,3,102.5,2,1,0,4.44,658,0.0,0,0,1,0
ORD001663,12079,1556,2024-03-10 06:00:00,1156.25,1,Electronics,32.4,COD,Karnataka,Semi-Urban,15,2,2,11,0.1333,10.0,746,72,0.0965,1,5,2,0,2,186.8,7,1,0,4.33,366,1156.25,0,0,0,0
ORD001664,12717,1638,2024-03-10 07:00:00,1967.15,1,Beauty,14.4,Wallet,Delhi,Urban,8,0,0,8,0.0,5.5,755,64,0.0848,2,3,3,0,2,461.9,5,1,0,4.21,1149,0.0,0,0,0,0
ORD001665,12332,1625,2024-03-10 08:00:00,3762.78,1,Fashion,5.8,COD,West Bengal,Rural,8,1,0,7,0.125,46.3,735,78,0.1061,2,5,3,0,3,159.0,4,1,0,4.12,1757,3762.78,0,0,0,0
ORD001666,13376,1275,2024-03-10 09:00:00,1555.46,1,Electronics,41.9,Debit Card,Karnataka,Urban,14,3,2,9,0.2143,13.3,697,34,0.0488,2,7,7,0,3,94.8,2,1,0,3.91,542,0.0,0,0,0,0
ORD001667,14524,1499,2024-03-10 10:00:00,2829.62,1,Home,14.5,UPI,Bihar,Rural,8,0,4,4,0.0,49.0,760,31,0.0408,2,5,5,0,3,68.5,4,1,0,4.04,1614,0.0,1,0,0,0
ORD001668,11500,1716,2024-03-10 11:00:00,529.94,2,Fashion,27.5,COD,Delhi,Urban,16,4,2,10,0.25,9.0,743,40,0.0538,2,8,4,0,3,152.1,3,1,0,3.81,1957,529.94,1,1,0,0
ORD001669,10285,1336,2024-03-10 12:00:00,4007.18,1,Home,9.9,UPI,West Bengal,Semi-Urban,8,0,0,8,0.0,22.0,746,185,0.248,4,11,1,0,2,149.4,3,1,0,4.64,740,0.0,0,1,0,0
ORD001670,17311,1480,2024-03-10 13:00:00,358.92,2,Beauty,16.8,UPI,Maharashtra,Rural,11,0,1,10,0.0,93.6,762,79,0.1037,0,3,3,0,5,299.2,7,1,0,4.33,278,0.0,0,0,0,0
ORD001671,13495,1272,2024-03-10 14:00:00,810.54,2,Beauty,17.3,UPI,Maharashtra,Urban,11,0,0,11,0.0,11.2,759,45,0.0593,1,8,3,0,4,180.5,3,1,0,4.0,1268,0.0,1,0,0,0
ORD001672,17186,1057,2024-03-10 15:00:00,1535.16,1,Footwear,8.0,COD,West Bengal,Urban,10,0,0,10,0.0,17.4,800,91,0.1138,2,7,3,0,2,41.3,2,1,0,4.09,1357,1535.16,0,0,0,0
ORD001673,12065,1327,2024-03-10 16:00:00,418.58,1,Footwear,27.7,Wallet,Maharashtra,Urban,6,1,0,5,0.1667,41.2,759,163,0.2148,0,6,3,0,2,90.7,3,1,0,5.0,134,0.0,0,0,0,0
ORD001674,10768,1730,2024-03-10 17:00:00,628.77,2,Footwear,5.9,UPI,Bihar,Rural,12,1,1,10,0.0833,25.1,743,176,0.2369,1,2,1,0,3,68.0,4,1,0,4.27,1252,0.0,0,1,0,0
ORD001675,16733,1108,2024-03-10 18:00:00,571.6,2,Home,18.0,COD,West Bengal,Urban,5,0,0,5,0.0,38.8,734,87,0.1185,3,9,4,0,3,178.7,7,1,0,4.58,126,571.6,0,0,0,0
ORD001676,15490,1278,2024-03-10 19:00:00,910.38,3,Footwear,13.7,UPI,West Bengal,Urban,10,3,3,4,0.3,11.0,739,24,0.0325,1,8,2,0,2,96.0,2,1,0,4.03,1724,0.0,0,1,0,0
ORD001677,17342,1685,2024-03-10 20:00:00,2573.31,3,Electronics,5.2,COD,Maharashtra,Semi-Urban,8,2,3,3,0.25,13.3,754,80,0.1061,2,8,3,0,3,243.5,3,1,0,4.34,378,2573.31,0,1,0,1
ORD001678,13057,1327,2024-03-10 21:00:00,1107.76,4,Home,17.5,COD,West Bengal,Semi-Urban,3,1,0,2,0.3333,0.7,745,36,0.0483,1,8,1,0,6,34.0,7,1,0,3.82,1763,1107.76,1,1,0,1
ORD001679,14289,1775,2024-03-10 22:00:00,830.61,1,Home,17.3,COD,Delhi,Urban,10,0,1,9,0.0,40.5,758,22,0.029,2,3,1,0,3,118.3,4,1,0,3.96,1183,830.61,0,0,1,0
ORD001680,16645,1314,2024-03-10 23:00:00,194.3,3,Footwear,5.6,Credit Card,West Bengal,Rural,13,0,0,13,0.0,20.3,732,92,0.1257,1,4,3,0,3,59.3,3,1,0,4.49,823,0.0,0,0,1,0
ORD001681,15083,1473,2024-03-11 00:00:00,1451.07,2,Footwear,5.6,COD,Maharashtra,Urban,5,2,1,2,0.4,20.5,810,70,0.0864,2,4,2,0,3,269.0,3,0,0,4.53,1334,1451.07,4,0,1,1
ORD001682,15232,1110,2024-03-11 01:00:00,1761.66,3,Home,30.9,UPI,Maharashtra,Semi-Urban,5,1,1,3,0.2,10.1,771,139,0.1803,3,7,7,0,2,158.2,4,0,0,4.6,1390,0.0,0,0,1,0
ORD001683,12161,1698,2024-03-11 02:00:00,395.44,1,Beauty,25.9,COD,Maharashtra,Urban,7,0,0,7,0.0,56.3,748,24,0.0321,3,7,6,0,2,214.6,2,0,0,3.6,805,395.44,0,0,1,1
ORD001684,13293,1780,2024-03-11 03:00:00,1053.44,4,Beauty,5.8,COD,Maharashtra,Urban,11,0,0,11,0.0,30.9,768,155,0.2018,2,7,5,0,4,134.3,3,0,0,4.22,1356,1053.44,0,0,1,0
ORD001685,15797,1228,2024-03-11 04:00:00,1231.27,1,Footwear,8.6,COD,Bihar,Rural,13,0,0,13,0.0,1.5,719,59,0.0821,2,6,1,1,1,119.4,3,0,0,3.72,1142,1231.27,0,0,1,1
ORD001686,10946,1496,2024-03-11 05:00:00,1956.2,2,Beauty,10.4,Credit Card,Maharashtra,Urban,13,0,1,12,0.0,36.1,762,18,0.0236,3,8,2,0,2,140.2,2,0,0,3.91,309,0.0,0,1,1,0
ORD001687,14926,1155,2024-03-11 06:00:00,709.91,1,Electronics,10.8,COD,Delhi,Urban,12,0,1,11,0.0,1.0,742,77,0.1038,2,9,3,0,3,135.1,4,0,0,3.8,1699,709.91,1,0,0,0
ORD001688,17811,1472,2024-03-11 07:00:00,648.58,1,Electronics,23.6,COD,West Bengal,Semi-Urban,9,1,1,7,0.1111,10.4,781,106,0.1357,3,9,3,0,3,165.2,4,0,0,3.4,264,648.58,0,0,0,0
ORD001689,16016,1700,2024-03-11 08:00:00,833.89,1,Electronics,10.3,COD,Karnataka,Semi-Urban,6,0,3,3,0.0,15.2,769,250,0.3251,4,13,4,0,3,93.5,1,0,0,4.03,1768,833.89,0,0,0,0
ORD001690,13335,1271,2024-03-11 09:00:00,2370.04,1,Home,18.1,COD,Karnataka,Urban,7,0,1,6,0.0,26.1,771,105,0.1362,0,5,1,0,1,114.3,3,0,1,3.85,913,2370.04,0,0,0,0
ORD001691,17068,1001,2024-03-11 10:00:00,2051.46,1,Home,32.3,Debit Card,Bihar,Semi-Urban,14,1,2,11,0.0714,28.0,774,154,0.199,1,4,2,0,3,145.3,1,0,0,4.26,948,0.0,0,0,0,0
ORD001692,14150,1757,2024-03-11 11:00:00,1082.68,2,Home,24.1,Debit Card,Karnataka,Semi-Urban,3,0,2,1,0.0,17.4,726,171,0.2355,5,10,3,0,2,168.0,5,0,0,3.78,137,0.0,0,0,0,0
ORD001693,17810,1721,2024-03-11 12:00:00,2022.05,1,Home,12.1,COD,Maharashtra,Rural,14,2,0,12,0.1429,9.9,738,9,0.0122,1,6,2,0,3,119.5,5,0,0,4.87,1661,2022.05,1,0,0,0
ORD001694,14895,1510,2024-03-11 13:00:00,264.75,1,Home,16.0,COD,Karnataka,Urban,6,0,0,6,0.0,22.9,759,49,0.0646,2,12,3,0,2,99.0,3,0,0,3.73,1648,264.75,0,0,0,0
ORD001695,14873,1285,2024-03-11 14:00:00,1763.39,1,Footwear,14.6,UPI,Delhi,Urban,9,1,2,6,0.1111,28.8,753,56,0.0744,0,4,6,1,2,92.9,4,0,0,3.99,288,0.0,0,0,0,0
ORD001696,11481,1012,2024-03-11 15:00:00,560.45,1,Beauty,10.2,COD,Maharashtra,Urban,13,3,4,6,0.2308,8.5,782,60,0.0767,3,10,4,0,2,125.9,4,0,0,3.39,573,560.45,0,0,0,1
ORD001697,11901,1607,2024-03-11 16:00:00,3165.97,1,Footwear,18.2,Credit Card,Karnataka,Urban,11,0,0,11,0.0,22.7,710,40,0.0563,0,5,4,0,2,46.8,6,0,0,4.36,1670,0.0,1,0,0,0
ORD001698,16305,1497,2024-03-11 17:00:00,579.09,1,Beauty,13.4,COD,Maharashtra,Urban,5,0,1,4,0.0,17.5,777,75,0.0965,0,9,1,0,2,32.6,3,0,0,4.03,1079,579.09,0,0,0,0
ORD001699,13451,1732,2024-03-11 18:00:00,657.43,1,Footwear,15.4,COD,Bihar,Urban,6,0,0,6,0.0,1.8,732,38,0.0519,1,9,3,0,2,171.3,2,0,0,4.33,1579,657.43,0,0,0,0
ORD001700,14064,1237,2024-03-11 19:00:00,1536.79,2,Electronics,16.2,COD,Delhi,Rural,10,1,1,8,0.1,47.0,727,84,0.1155,2,4,1,0,4,111.9,2,0,0,4.06,465,1536.79,2,0,0,0
ORD001701,16230,1093,2024-03-11 20:00:00,1628.43,1,Fashion,17.8,Debit Card,West Bengal,Rural,16,6,0,10,0.375,61.1,742,200,0.2695,2,5,4,0,3,103.4,3,0,0,3.62,1729,0.0,1,0,0,0
ORD001702,10054,1337,2024-03-11 21:00:00,838.99,1,Home,26.1,COD,Maharashtra,Urban,6,0,2,4,0.0,23.4,784,80,0.102,3,11,3,0,1,394.1,4,0,0,4.08,1148,838.99,0,0,0,0
ORD001703,17643,1780,2024-03-11 22:00:00,1370.38,1,Fashion,3.4,COD,Delhi,Urban,12,2,1,9,0.1667,40.5,736,74,0.1005,1,6,1,0,5,414.6,2,0,0,4.02,595,1370.38,0,0,1,0
ORD001704,11823,1170,2024-03-11 23:00:00,1476.2,4,Fashion,25.0,COD,Bihar,Urban,9,0,0,9,0.0,22.5,753,69,0.0916,2,3,3,0,3,62.5,3,0,0,3.29,836,1476.2,0,0,1,0
ORD001705,15297,1605,2024-03-12 00:00:00,1388.35,1,Electronics,21.5,COD,Bihar,Urban,7,1,1,5,0.1429,18.5,726,140,0.1928,3,9,2,0,2,162.4,6,0,0,4.41,854,1388.35,0,0,1,0
ORD001706,13462,1660,2024-03-12 01:00:00,860.29,1,Fashion,14.7,COD,Delhi,Rural,9,0,0,9,0.0,26.1,757,74,0.0978,2,4,3,0,3,206.3,7,0,0,5.0,999,860.29,0,0,1,0
ORD001707,17516,1623,2024-03-12 02:00:00,1484.94,1,Fashion,24.3,COD,Karnataka,Urban,9,0,0,9,0.0,22.9,783,26,0.0332,2,8,6,0,4,69.5,3,0,0,4.5,636,1484.94,0,1,1,0
ORD001708,13079,1566,2024-03-12 03:00:00,2549.93,1,Electronics,3.5,Debit Card,Delhi,Semi-Urban,10,2,1,7,0.2,30.7,763,100,0.1311,0,6,4,0,4,76.5,1,0,0,4.7,1268,0.0,1,0,1,0
ORD001709,10832,1466,2024-03-12 04:00:00,525.69,1,Beauty,22.9,COD,Karnataka,Urban,5,1,1,3,0.2,24.1,755,26,0.0344,0,4,6,0,2,136.7,4,0,0,3.66,1672,525.69,0,1,1,1
ORD001710,14408,1627,2024-03-12 05:00:00,662.46,1,Footwear,5.1,COD,Karnataka,Semi-Urban,9,3,0,6,0.3333,90.2,767,119,0.1551,3,11,4,0,5,393.0,7,0,0,4.71,16,662.46,1,0,1,0
ORD001711,12806,1142,2024-03-12 06:00:00,1114.71,1,Fashion,7.9,Debit Card,Delhi,Semi-Urban,10,0,0,10,0.0,24.4,748,108,0.1444,1,3,3,0,2,73.6,5,0,0,4.32,1851,0.0,0,1,0,0
ORD001712,15954,1200,2024-03-12 07:00:00,581.88,1,Home,24.8,Credit Card,Bihar,Urban,9,1,0,8,0.1111,13.4,783,195,0.249,2,4,5,0,3,63.9,5,0,1,3.99,295,0.0,0,0,0,0
ORD001713,16103,1179,2024-03-12 08:00:00,371.65,1,Electronics,21.4,UPI,West Bengal,Urban,9,0,0,9,0.0,1.2,775,70,0.0903,4,10,1,0,1,102.1,3,0,0,4.2,629,0.0,1,0,0,0
ORD001714,16102,1713,2024-03-12 09:00:00,2113.02,2,Fashion,19.3,UPI,West Bengal,Rural,10,2,1,7,0.2,35.4,754,56,0.0743,0,5,2,0,2,122.3,2,0,0,3.4,1691,0.0,0,0,0,0
ORD001715,12490,1363,2024-03-12 10:00:00,287.93,4,Beauty,11.5,Credit Card,Delhi,Urban,11,2,1,8,0.1818,2.9,738,15,0.0203,3,7,2,0,3,19.9,7,0,0,4.26,1234,0.0,0,0,0,0
ORD001716,15886,1478,2024-03-12 11:00:00,861.41,1,Beauty,16.0,COD,Maharashtra,Urban,5,0,0,5,0.0,20.2,716,106,0.148,1,7,3,0,2,74.9,4,0,0,4.03,1642,861.41,0,0,0,0
ORD001717,10327,1564,2024-03-12 12:00:00,1729.12,2,Home,17.0,UPI,Delhi,Urban,7,0,3,4,0.0,0.2,730,28,0.0384,1,6,2,0,5,373.4,3,0,0,4.14,1405,0.0,1,0,0,0
ORD001718,17221,1470,2024-03-12 13:00:00,1286.94,4,Fashion,9.0,COD,West Bengal,Urban,11,1,0,10,0.0909,31.2,724,101,0.1395,1,4,3,0,6,445.3,3,0,0,4.01,51,1286.94,0,1,0,0
ORD001719,16904,1383,2024-03-12 14:00:00,869.27,2,Home,12.9,COD,Delhi,Urban,10,2,3,5,0.2,5.1,724,54,0.0746,2,7,4,0,7,508.8,3,0,0,4.4,1835,869.27,1,0,0,1
ORD001720,13310,1691,2024-03-12 15:00:00,567.67,1,Beauty,15.7,COD,Bihar,Urban,7,1,1,5,0.1429,10.7,743,37,0.0498,4,9,3,0,1,164.8,5,0,0,4.19,951,567.67,0,0,0,0
ORD001721,13300,1416,2024-03-12 16:00:00,1347.92,2,Beauty,13.0,UPI,West Bengal,Rural,8,0,0,8,0.0,33.6,771,312,0.4047,1,6,3,0,2,20.2,3,0,0,3.53,622,0.0,0,0,0,0
ORD001722,16722,1307,2024-03-12 17:00:00,606.05,1,Footwear,10.0,Debit Card,West Bengal,Urban,8,0,1,7,0.0,22.6,737,109,0.1479,4,6,3,0,4,85.4,2,0,0,4.26,189,0.0,0,0,0,1
ORD001723,17218,1648,2024-03-12 18:00:00,1286.34,1,Beauty,14.6,UPI,West Bengal,Urban,11,2,0,9,0.1818,5.8,737,120,0.1628,4,9,2,0,1,281.5,4,0,0,3.96,654,0.0,0,0,0,1
ORD001724,17776,1693,2024-03-12 19:00:00,1193.39,1,Electronics,10.6,COD,Bihar,Urban,10,2,0,8,0.2,10.2,815,133,0.1632,2,9,2,0,2,221.7,2,0,0,4.29,772,1193.39,0,0,0,0
ORD001725,13675,1366,2024-03-12 20:00:00,1200.65,1,Footwear,8.1,COD,West Bengal,Urban,11,0,3,8,0.0,14.8,768,236,0.3073,2,6,2,0,2,290.4,1,0,0,4.59,1385,1200.65,1,0,0,0
ORD001726,13054,1000,2024-03-12 21:00:00,746.81,1,Home,5.1,UPI,Maharashtra,Semi-Urban,4,1,0,3,0.25,12.6,731,107,0.1464,0,8,2,0,4,190.3,5,0,0,3.83,901,0.0,0,0,0,1
ORD001727,15383,1043,2024-03-12 22:00:00,3718.24,1,Beauty,9.6,UPI,West Bengal,Rural,5,0,0,5,0.0,24.7,723,17,0.0235,2,6,6,0,3,48.2,4,0,0,4.21,1135,0.0,0,0,1,0
ORD001728,17585,1738,2024-03-12 23:00:00,1359.57,2,Electronics,1.0,UPI,Delhi,Semi-Urban,9,1,0,8,0.1111,13.6,765,48,0.0627,2,7,5,0,3,90.0,4,0,0,3.92,689,0.0,0,1,1,1
ORD001729,17970,1097,2024-03-13 00:00:00,927.76,1,Footwear,9.5,COD,Maharashtra,Urban,7,0,0,7,0.0,22.1,728,67,0.092,1,7,2,0,4,88.9,5,0,0,4.42,275,927.76,1,0,1,1
ORD001730,12143,1719,2024-03-13 01:00:00,1285.06,1,Electronics,17.2,UPI,Karnataka,Urban,8,0,2,6,0.0,7.2,737,149,0.2022,1,6,2,0,2,383.3,3,0,0,3.94,1608,0.0,1,1,1,1
ORD001731,15207,1264,2024-03-13 02:00:00,689.06,1,Footwear,18.7,COD,West Bengal,Urban,7,0,0,7,0.0,196.5,739,144,0.1949,1,6,3,0,3,74.5,3,0,0,4.46,188,689.06,1,1,1,0
ORD001732,17245,1799,2024-03-13 03:00:00,869.76,1,Footwear,30.1,UPI,Karnataka,Urban,9,0,1,8,0.0,37.1,759,53,0.0698,3,5,3,0,4,127.2,4,0,0,4.3,102,0.0,1,1,1,0
ORD001733,11311,1782,2024-03-13 04:00:00,4606.17,1,Footwear,6.5,Credit Card,Karnataka,Urban,9,0,1,8,0.0,12.6,786,83,0.1056,3,7,1,0,4,281.4,3,0,0,3.78,1561,0.0,0,0,1,1
ORD001734,13191,1139,2024-03-13 05:00:00,691.99,4,Home,35.2,COD,Bihar,Semi-Urban,11,1,0,10,0.0909,86.3,805,36,0.0447,1,6,5,0,3,252.5,2,0,0,4.0,1047,691.99,0,0,1,0
ORD001735,16957,1480,2024-03-13 06:00:00,1046.64,1,Footwear,11.3,COD,Delhi,Urban,7,1,0,6,0.1429,30.7,741,137,0.1849,5,7,3,0,5,119.2,6,0,0,4.24,586,1046.64,1,0,0,1
ORD001736,12538,1236,2024-03-13 07:00:00,834.09,1,Footwear,26.8,Wallet,Delhi,Urban,10,0,2,8,0.0,15.1,745,115,0.1544,2,8,3,0,4,174.3,6,0,0,4.1,456,0.0,0,0,0,0
ORD001737,13983,1071,2024-03-13 08:00:00,587.7,3,Electronics,2.0,Credit Card,Karnataka,Rural,7,1,0,6,0.1429,6.0,738,7,0.0095,2,6,2,0,3,101.5,6,0,0,4.04,1226,0.0,0,0,0,0
ORD001738,14547,1666,2024-03-13 09:00:00,1411.84,1,Footwear,23.2,COD,Bihar,Rural,10,0,1,9,0.0,21.7,760,91,0.1197,2,12,2,0,2,148.4,1,0,0,4.61,1145,1411.84,1,0,0,0
ORD001739,15619,1189,2024-03-13 10:00:00,1120.9,3,Home,8.2,COD,Maharashtra,Urban,9,0,0,9,0.0,10.3,746,33,0.0442,1,3,2,0,4,85.1,6,0,0,3.51,1622,1120.9,0,0,0,0
ORD001740,10164,1267,2024-03-13 11:00:00,1894.32,1,Electronics,28.0,COD,West Bengal,Urban,8,1,0,7,0.125,1.1,790,122,0.1544,4,11,2,1,4,275.6,4,0,0,4.51,289,1894.32,0,1,0,0
ORD001741,14277,1320,2024-03-13 12:00:00,1783.52,1,Footwear,12.7,COD,Maharashtra,Semi-Urban,10,0,1,9,0.0,10.5,731,68,0.093,0,5,2,0,2,282.4,3,0,0,3.77,401,1783.52,3,0,0,0
ORD001742,16612,1106,2024-03-13 13:00:00,1882.63,1,Electronics,5.1,Credit Card,West Bengal,Urban,8,3,2,3,0.375,0.5,753,104,0.1381,2,6,1,0,5,269.9,5,0,0,4.42,1397,0.0,1,1,0,0
ORD001743,15005,1231,2024-03-13 14:00:00,632.12,1,Home,32.4,COD,Karnataka,Rural,6,0,0,6,0.0,19.2,750,40,0.0533,1,5,4,0,2,291.3,4,0,0,3.84,231,632.12,0,0,0,0
ORD001744,16878,1041,2024-03-13 15:00:00,1610.95,1,Electronics,20.4,UPI,Bihar,Urban,11,1,3,7,0.0909,1.4,768,85,0.1107,1,7,5,0,5,213.1,5,0,0,3.99,1720,0.0,1,0,0,1
ORD001745,10822,1701,2024-03-13 16:00:00,1634.62,3,Home,8.0,Debit Card,Bihar,Urban,8,0,3,5,0.0,2.3,723,101,0.1397,2,5,3,0,1,256.0,6,0,0,3.37,626,0.0,1,0,0,0
ORD001746,10943,1138,2024-03-13 17:00:00,594.29,2,Beauty,14.5,COD,Delhi,Urban,11,2,0,9,0.1818,69.9,799,190,0.2378,0,10,5,0,1,91.4,2,0,0,4.08,403,594.29,0,0,0,0
ORD001747,16097,1614,2024-03-13 18:00:00,905.81,2,Footwear,12.2,COD,Delhi,Semi-Urban,9,1,1,7,0.1111,21.9,732,136,0.1858,2,11,3,0,1,101.9,3,0,0,4.08,1926,905.81,0,0,0,0
ORD001748,16150,1682,2024-03-13 19:00:00,457.75,2,Home,19.7,Credit Card,Maharashtra,Semi-Urban,4,0,1,3,0.0,59.7,779,5,0.0064,0,6,4,0,3,42.6,1,0,0,3.83,1391,0.0,0,0,0,0
ORD001749,14425,1272,2024-03-13 20:00:00,1638.89,1,Footwear,18.9,UPI,Delhi,Semi-Urban,12,2,3,7,0.1667,1.9,727,81,0.1114,2,3,2,0,2,271.4,4,0,0,4.29,1309,0.0,1,1,0,0
ORD001750,10774,1480,2024-03-13 21:00:00,1634.37,2,Home,47.8,COD,West Bengal,Rural,8,1,0,7,0.125,109.5,731,56,0.0766,2,8,3,0,4,346.9,2,0,0,3.58,1432,1634.37,0,0,0,0
ORD001751,17840,1415,2024-03-13 22:00:00,2586.91,1,Fashion,6.9,UPI,Bihar,Urban,4,0,1,3,0.0,36.1,743,119,0.1602,1,10,2,0,3,62.4,2,0,0,4.19,1840,0.0,0,0,1,0
ORD001752,12198,1505,2024-03-13 23:00:00,955.96,2,Fashion,11.1,Credit Card,Bihar,Semi-Urban,7,0,1,6,0.0,42.2,760,77,0.1013,3,10,1,0,7,111.2,3,0,0,3.96,58,0.0,0,0,1,0
ORD001753,13156,1732,2024-03-14 00:00:00,1437.82,1,Fashion,2.2,COD,Karnataka,Semi-Urban,12,2,1,9,0.1667,60.6,741,189,0.2551,1,6,4,0,2,105.5,7,0,0,4.7,1360,1437.82,0,1,1,1
ORD001754,14242,1724,2024-03-14 01:00:00,1983.55,2,Home,36.8,COD,Karnataka,Semi-Urban,7,2,2,3,0.2857,70.5,770,33,0.0429,2,7,4,0,1,327.7,3,0,0,4.17,485,1983.55,1,0,1,0
ORD001755,13695,1423,2024-03-14 02:00:00,697.61,3,Footwear,3.7,COD,Maharashtra,Urban,8,4,0,4,0.5,31.4,740,12,0.0162,0,3,3,0,3,39.0,6,0,0,3.67,1928,697.61,0,1,1,0
ORD001756,13452,1406,2024-03-14 03:00:00,636.78,1,Fashion,9.3,Wallet,Karnataka,Semi-Urban,10,0,3,7,0.0,23.6,765,99,0.1294,3,10,3,0,4,85.0,5,0,0,4.09,382,0.0,0,0,1,0
ORD001757,10914,1567,2024-03-14 04:00:00,710.71,1,Footwear,7.3,COD,West Bengal,Semi-Urban,12,0,3,9,0.0,3.3,746,19,0.0255,1,8,3,0,4,200.8,7,0,0,4.38,1915,710.71,0,0,1,1
ORD001758,15667,1389,2024-03-14 05:00:00,889.29,1,Home,42.0,COD,Delhi,Semi-Urban,6,2,0,4,0.3333,2.9,798,82,0.1028,1,9,3,0,1,58.0,3,0,0,3.98,341,889.29,1,0,1,0
ORD001759,11308,1341,2024-03-14 06:00:00,650.45,1,Footwear,13.1,COD,Delhi,Urban,14,3,1,10,0.2143,9.2,723,40,0.0553,3,8,4,0,3,231.8,2,0,0,4.27,907,650.45,0,0,0,1
ORD001760,16843,1613,2024-03-14 07:00:00,729.31,2,Footwear,21.1,Wallet,Maharashtra,Semi-Urban,9,0,0,9,0.0,13.3,789,36,0.0456,1,7,2,1,4,24.5,4,0,0,4.17,464,0.0,2,0,0,0
ORD001761,14177,1492,2024-03-14 08:00:00,1860.4,4,Fashion,6.2,COD,Delhi,Semi-Urban,11,0,0,11,0.0,113.9,728,77,0.1058,2,7,3,0,3,109.0,2,0,0,3.45,862,1860.4,0,0,0,0
ORD001762,10513,1191,2024-03-14 09:00:00,1035.04,1,Electronics,5.9,UPI,Bihar,Urban,7,0,0,7,0.0,25.6,744,116,0.1559,1,5,4,0,5,86.6,3,0,0,4.61,1206,0.0,0,0,0,0
ORD001763,11920,1498,2024-03-14 10:00:00,1318.2,1,Beauty,18.6,COD,Delhi,Urban,8,0,3,5,0.0,26.1,766,220,0.2872,2,4,4,0,3,56.9,5,0,0,4.33,736,1318.2,0,0,0,1
ORD001764,16958,1711,2024-03-14 11:00:00,788.06,2,Home,3.9,Credit Card,Karnataka,Urban,4,0,0,4,0.0,19.9,798,25,0.0313,5,10,1,0,1,157.3,6,0,0,4.2,690,0.0,0,0,0,0
ORD001765,16852,1232,2024-03-14 12:00:00,757.62,1,Home,9.3,UPI,Bihar,Semi-Urban,11,0,2,9,0.0,3.5,739,54,0.0731,4,10,4,0,4,227.0,3,0,0,3.89,1961,0.0,0,0,0,0
ORD001766,16035,1226,2024-03-14 13:00:00,1301.58,1,Home,2.7,COD,Karnataka,Semi-Urban,9,2,0,7,0.2222,19.8,702,51,0.0726,2,7,2,0,4,218.1,5,0,0,4.13,1583,1301.58,0,0,0,0
ORD001767,13594,1370,2024-03-14 14:00:00,1182.8,3,Beauty,5.3,COD,Karnataka,Urban,7,3,0,4,0.4286,7.6,761,4,0.0053,0,7,3,0,2,322.1,3,0,0,3.6,591,1182.8,0,0,0,0
ORD001768,14841,1138,2024-03-14 15:00:00,1748.99,2,Electronics,4.3,COD,Maharashtra,Semi-Urban,8,2,0,6,0.25,20.9,738,95,0.1287,2,4,4,0,2,237.7,4,0,0,3.56,1496,1748.99,1,1,0,1
ORD001769,17166,1148,2024-03-14 16:00:00,2394.56,1,Footwear,15.8,COD,Maharashtra,Urban,7,0,2,5,0.0,8.8,788,166,0.2107,3,5,5,0,4,96.4,2,0,0,4.2,1398,2394.56,0,0,0,0
ORD001770,11409,1114,2024-03-14 17:00:00,724.26,1,Home,7.0,Credit Card,Bihar,Urban,9,1,0,8,0.1111,18.1,772,27,0.035,2,6,4,0,2,65.0,5,0,0,4.43,917,0.0,0,0,0,0
ORD001771,14802,1449,2024-03-14 18:00:00,1838.51,2,Footwear,12.5,COD,Delhi,Urban,9,0,0,9,0.0,24.5,750,163,0.2173,1,9,2,0,2,247.1,2,0,0,4.81,807,1838.51,0,0,0,0
ORD001772,14566,1062,2024-03-14 19:00:00,573.71,2,Fashion,23.7,UPI,West Bengal,Urban,8,1,0,7,0.125,15.7,735,28,0.0381,2,6,2,0,4,534.8,5,0,1,3.78,242,0.0,0,2,0,0
ORD001773,13190,1103,2024-03-14 20:00:00,3805.75,2,Fashion,12.2,COD,Delhi,Semi-Urban,9,0,3,6,0.0,0.5,749,90,0.1202,1,7,5,0,3,14.2,2,0,0,3.24,821,3805.75,0,0,0,1
ORD001774,14491,1667,2024-03-14 21:00:00,684.18,1,Fashion,24.7,COD,Bihar,Rural,15,0,2,13,0.0,4.4,742,29,0.0391,2,6,5,0,4,380.2,5,0,0,4.41,1823,684.18,1,0,0,1
ORD001775,11555,1272,2024-03-14 22:00:00,1659.68,3,Home,7.3,COD,West Bengal,Urban,14,0,2,12,0.0,23.5,784,9,0.0115,2,9,3,0,1,140.5,5,0,0,4.07,111,1659.68,0,0,1,0
ORD001776,16404,1005,2024-03-14 23:00:00,571.15,1,Beauty,4.7,COD,Karnataka,Rural,7,0,0,7,0.0,5.7,770,88,0.1143,3,11,3,0,4,443.9,1,0,0,4.15,1768,571.15,0,2,1,0
ORD001777,10804,1146,2024-03-15 00:00:00,1000.99,2,Home,16.2,COD,Karnataka,Semi-Urban,11,1,1,9,0.0909,5.7,760,141,0.1855,1,5,3,0,3,79.7,2,0,0,3.9,1634,1000.99,1,1,1,1
ORD001778,15029,1183,2024-03-15 01:00:00,2772.32,1,Fashion,3.9,COD,West Bengal,Urban,8,0,1,7,0.0,29.3,772,50,0.0648,2,3,6,0,1,387.9,1,0,0,3.61,243,2772.32,1,0,1,0
ORD001779,11279,1027,2024-03-15 02:00:00,671.41,1,Fashion,12.2,COD,Karnataka,Urban,16,2,4,10,0.125,13.8,753,22,0.0292,2,7,5,0,2,74.5,4,0,0,3.9,1310,671.41,0,0,1,1
ORD001780,15853,1549,2024-03-15 03:00:00,4115.48,4,Home,23.2,Credit Card,Delhi,Semi-Urban,7,0,0,7,0.0,32.3,757,49,0.0647,1,7,4,0,2,31.9,7,0,0,4.05,188,0.0,0,0,1,0
ORD001781,15000,1118,2024-03-15 04:00:00,1093.17,1,Beauty,24.5,Debit Card,Maharashtra,Semi-Urban,10,0,1,9,0.0,2.3,737,25,0.0339,2,6,5,1,4,319.4,7,0,0,3.69,1121,0.0,1,0,1,0
ORD001782,17393,1292,2024-03-15 05:00:00,1969.29,1,Beauty,24.3,Credit Card,Delhi,Urban,7,2,0,5,0.2857,38.1,721,11,0.0153,0,11,3,1,3,110.6,4,0,0,3.86,1149,0.0,0,0,1,0
ORD001783,15172,1370,2024-03-15 06:00:00,1396.56,2,Footwear,19.5,Wallet,Karnataka,Urban,6,2,1,3,0.3333,21.9,772,38,0.0492,4,11,1,0,4,173.5,5,0,0,4.34,1541,0.0,0,1,0,0
ORD001784,17083,1243,2024-03-15 07:00:00,1442.63,2,Electronics,17.1,Debit Card,Maharashtra,Rural,5,1,1,3,0.2,18.6,746,39,0.0523,1,5,1,0,3,123.0,3,0,0,4.9,261,0.0,0,0,0,0
ORD001785,15986,1579,2024-03-15 08:00:00,466.07,2,Fashion,14.2,COD,Delhi,Urban,1,0,0,1,0.0,40.9,739,83,0.1123,0,8,4,0,4,52.3,3,0,0,4.1,556,466.07,0,0,0,1
ORD001786,15619,1725,2024-03-15 09:00:00,825.75,1,Beauty,15.5,COD,Karnataka,Semi-Urban,17,1,0,16,0.0588,73.9,770,100,0.1299,3,9,1,0,3,125.7,4,0,0,4.18,1450,825.75,0,0,0,0
ORD001787,13577,1217,2024-03-15 10:00:00,2247.53,1,Fashion,9.6,UPI,Delhi,Urban,7,1,1,5,0.1429,26.4,743,6,0.0081,1,4,1,0,2,40.7,3,0,0,4.04,1519,0.0,0,0,0,0
ORD001788,12901,1176,2024-03-15 11:00:00,891.95,3,Electronics,10.5,COD,Karnataka,Urban,12,1,0,11,0.0833,3.6,752,55,0.0731,1,9,3,1,2,176.1,5,0,0,4.54,1355,891.95,0,0,0,0
ORD001789,11387,1298,2024-03-15 12:00:00,1191.89,1,Fashion,1.7,Wallet,Bihar,Urban,5,0,0,5,0.0,24.0,778,17,0.0219,3,9,3,1,1,67.7,2,0,0,4.57,18,0.0,0,0,0,0
ORD001790,15399,1675,2024-03-15 13:00:00,433.35,3,Beauty,13.6,COD,West Bengal,Urban,10,1,3,6,0.1,0.1,723,105,0.1452,1,3,1,0,2,61.1,4,0,0,4.1,1354,433.35,0,1,0,0
ORD001791,14688,1057,2024-03-15 14:00:00,794.29,1,Footwear,17.5,UPI,Karnataka,Urban,6,1,0,5,0.1667,10.0,758,130,0.1715,2,4,3,0,3,17.4,2,0,0,3.51,841,0.0,1,0,0,0
ORD001792,12761,1268,2024-03-15 15:00:00,2151.29,2,Home,10.8,UPI,Delhi,Urban,7,0,1,6,0.0,30.2,755,45,0.0596,2,4,3,1,3,102.4,3,0,0,3.97,1827,0.0,0,0,0,0
ORD001793,17325,1307,2024-03-15 16:00:00,507.97,1,Home,2.8,Debit Card,Karnataka,Semi-Urban,6,0,1,5,0.0,51.3,734,68,0.0926,4,6,3,0,2,175.0,1,0,0,4.35,465,0.0,0,0,0,0
ORD001794,12679,1569,2024-03-15 17:00:00,1686.22,1,Beauty,13.5,UPI,Karnataka,Urban,6,3,0,3,0.5,11.1,734,203,0.2766,3,10,2,0,3,204.1,5,0,0,4.24,412,0.0,0,0,0,0
ORD001795,12106,1287,2024-03-15 18:00:00,1220.07,3,Beauty,6.5,COD,Delhi,Semi-Urban,10,1,0,9,0.1,7.0,731,15,0.0205,0,4,3,0,4,383.1,6,0,0,4.13,1656,1220.07,0,1,0,1
ORD001796,17894,1104,2024-03-15 19:00:00,951.87,1,Electronics,14.4,COD,Delhi,Semi-Urban,10,0,1,9,0.0,4.5,772,12,0.0155,2,8,1,0,2,100.8,3,0,0,4.18,1068,951.87,0,0,0,0
ORD001797,14223,1227,2024-03-15 20:00:00,927.09,2,Fashion,14.0,Credit Card,Maharashtra,Semi-Urban,7,1,2,4,0.1429,16.6,813,31,0.0381,3,10,3,0,2,149.3,3,0,0,4.14,1147,0.0,1,0,0,0
ORD001798,14831,1246,2024-03-15 21:00:00,816.79,2,Electronics,20.1,Debit Card,Karnataka,Urban,10,1,2,7,0.1,14.8,825,82,0.0994,5,12,4,0,5,317.1,3,0,0,4.04,498,0.0,2,1,0,1
ORD001799,12768,1699,2024-03-15 22:00:00,861.62,2,Home,13.4,Credit Card,Bihar,Semi-Urban,9,0,0,9,0.0,17.2,720,190,0.2639,3,9,2,0,5,213.2,3,0,0,4.42,1205,0.0,0,2,1,0
ORD001800,13953,1493,2024-03-15 23:00:00,1915.71,3,Fashion,18.7,UPI,West Bengal,Semi-Urban,10,1,2,7,0.1,7.6,777,54,0.0695,1,7,3,0,4,60.4,1,0,0,4.27,436,0.0,1,0,1,0
ORD001801,13186,1082,2024-03-16 00:00:00,846.22,1,Electronics,37.8,COD,Karnataka,Urban,10,2,1,7,0.2,15.9,746,8,0.0107,2,9,3,0,6,105.0,6,1,0,3.7,412,846.22,0,0,1,0
ORD001802,13280,1185,2024-03-16 01:00:00,3243.97,1,Home,1.7,COD,Delhi,Urban,17,0,0,17,0.0,10.8,800,46,0.0575,2,9,3,0,3,226.9,2,1,0,4.37,1647,3243.97,0,0,1,0
ORD001803,12573,1251,2024-03-16 02:00:00,1312.54,1,Fashion,23.3,Debit Card,Maharashtra,Urban,9,1,1,7,0.1111,104.7,750,31,0.0413,4,7,4,0,6,45.2,4,1,0,4.38,1202,0.0,0,0,1,0
ORD001804,14616,1354,2024-03-16 03:00:00,776.07,1,Footwear,8.1,COD,Karnataka,Urban,8,3,0,5,0.375,5.2,751,139,0.1851,2,10,1,0,2,57.5,3,1,1,3.87,1462,776.07,1,0,1,1
ORD001805,12599,1749,2024-03-16 04:00:00,1966.52,1,Footwear,17.7,COD,Bihar,Semi-Urban,7,0,1,6,0.0,3.2,674,90,0.1335,1,10,2,0,2,327.9,2,1,0,3.55,1427,1966.52,0,0,1,0
ORD001806,14033,1695,2024-03-16 05:00:00,1594.54,1,Electronics,23.4,COD,Delhi,Rural,10,0,0,10,0.0,41.9,767,8,0.0104,3,10,4,0,3,111.3,5,1,0,3.86,703,1594.54,1,1,1,0
ORD001807,10236,1795,2024-03-16 06:00:00,406.46,1,Beauty,34.2,UPI,Bihar,Semi-Urban,15,2,0,13,0.1333,36.9,755,274,0.3629,3,7,4,0,2,50.4,2,1,0,3.68,984,0.0,1,1,0,0
ORD001808,11304,1209,2024-03-16 07:00:00,589.53,1,Fashion,4.5,UPI,Bihar,Urban,10,0,0,10,0.0,42.6,734,154,0.2098,5,9,4,0,1,142.0,2,1,0,3.66,1694,0.0,0,0,0,0
ORD001809,13430,1608,2024-03-16 08:00:00,1023.26,1,Electronics,27.9,UPI,West Bengal,Rural,5,0,0,5,0.0,17.2,725,98,0.1352,1,8,2,0,3,11.7,3,1,0,3.39,1151,0.0,2,0,0,1
ORD001810,17368,1446,2024-03-16 09:00:00,424.04,2,Beauty,13.1,COD,West Bengal,Semi-Urban,10,0,0,10,0.0,6.2,754,212,0.2812,2,5,3,0,1,70.8,4,1,0,4.65,858,424.04,0,0,0,0
ORD001811,15877,1459,2024-03-16 10:00:00,3844.19,1,Beauty,7.7,COD,Karnataka,Urban,8,2,0,6,0.25,59.1,714,31,0.0434,1,2,1,0,5,51.1,4,1,0,4.0,1946,3844.19,0,0,0,0
ORD001812,11301,1471,2024-03-16 11:00:00,1796.04,1,Fashion,35.8,Credit Card,West Bengal,Rural,7,0,0,7,0.0,39.5,731,104,0.1423,1,8,7,0,3,45.1,3,1,0,4.08,537,0.0,2,0,0,0
ORD001813,17402,1719,2024-03-16 12:00:00,1087.9,3,Fashion,29.4,Wallet,Karnataka,Urban,5,2,0,3,0.4,34.2,720,49,0.0681,3,3,2,0,2,81.9,3,1,0,3.96,678,0.0,1,0,0,1
ORD001814,12541,1369,2024-03-16 13:00:00,892.81,1,Beauty,15.3,COD,Karnataka,Urban,11,1,0,10,0.0909,0.9,760,36,0.0474,2,5,3,0,1,110.1,7,1,0,3.91,581,892.81,0,0,0,0
ORD001815,12051,1491,2024-03-16 14:00:00,765.25,4,Home,9.5,COD,Delhi,Semi-Urban,14,2,0,12,0.1429,16.6,738,52,0.0705,3,5,3,0,2,5.7,3,1,0,5.0,1613,765.25,0,0,0,0
ORD001816,16809,1136,2024-03-16 15:00:00,337.51,2,Electronics,13.4,UPI,Delhi,Rural,7,3,0,4,0.4286,10.4,731,34,0.0465,5,11,3,0,1,426.7,4,1,0,4.79,862,0.0,0,2,0,0
ORD001817,10441,1366,2024-03-16 16:00:00,387.72,1,Fashion,20.3,COD,Maharashtra,Urban,11,2,0,9,0.1818,10.5,726,191,0.2631,2,6,3,0,2,169.5,4,1,0,3.73,1281,387.72,0,1,0,0
ORD001818,12076,1183,2024-03-16 17:00:00,3431.22,2,Beauty,15.6,COD,West Bengal,Semi-Urban,8,1,0,7,0.125,3.4,763,201,0.2634,1,10,4,0,3,58.3,6,1,0,3.69,1378,3431.22,0,1,0,0
ORD001819,13180,1587,2024-03-16 18:00:00,2819.06,2,Home,23.0,UPI,Maharashtra,Urban,7,0,0,7,0.0,53.7,710,76,0.107,5,11,2,1,2,79.2,5,1,0,3.6,1613,0.0,0,0,0,0
ORD001820,12657,1286,2024-03-16 19:00:00,776.3,1,Footwear,2.7,UPI,Bihar,Semi-Urban,7,1,0,6,0.1429,6.9,753,246,0.3267,1,5,6,0,4,108.7,7,1,0,4.05,1765,0.0,0,2,0,0
ORD001821,13798,1471,2024-03-16 20:00:00,1890.88,3,Beauty,9.7,COD,Karnataka,Urban,11,1,0,10,0.0909,1.3,769,90,0.117,1,5,2,0,1,209.2,5,1,1,3.67,1021,1890.88,0,0,0,1
ORD001822,10804,1374,2024-03-16 21:00:00,1486.01,1,Home,25.1,Wallet,Karnataka,Rural,10,1,0,9,0.1,15.4,743,126,0.1696,1,5,3,0,4,184.5,2,1,0,3.75,1161,0.0,0,0,0,0
ORD001823,10074,1653,2024-03-16 22:00:00,1594.91,1,Footwear,27.7,COD,Delhi,Rural,15,4,0,11,0.2667,19.6,796,186,0.2337,4,9,3,0,1,249.1,4,1,0,3.42,710,1594.91,0,0,1,1
ORD001824,16981,1748,2024-03-16 23:00:00,466.33,1,Home,13.5,COD,Bihar,Urban,6,0,0,6,0.0,11.0,770,45,0.0584,5,10,3,0,1,439.3,3,1,0,4.34,1771,466.33,0,2,1,1
ORD001825,17313,1536,2024-03-17 00:00:00,370.59,1,Fashion,6.1,COD,Karnataka,Rural,9,0,3,6,0.0,11.5,755,119,0.1576,5,7,3,0,4,102.3,4,1,0,3.86,887,370.59,0,0,1,0
ORD001826,12175,1510,2024-03-17 01:00:00,2229.55,1,Beauty,7.8,UPI,Karnataka,Rural,10,0,0,10,0.0,12.5,731,71,0.0971,0,4,5,0,4,136.7,4,1,0,4.04,613,0.0,0,0,1,0
ORD001827,13924,1578,2024-03-17 02:00:00,334.43,3,Footwear,7.5,Credit Card,Bihar,Urban,5,2,0,3,0.4,28.9,752,103,0.137,2,7,2,0,5,97.5,1,1,0,4.45,1566,0.0,1,0,1,1
ORD001828,12089,1249,2024-03-17 03:00:00,1003.33,1,Home,21.9,COD,Bihar,Rural,8,3,0,5,0.375,7.4,748,70,0.0936,0,0,1,0,3,99.5,3,1,0,4.43,1466,1003.33,1,1,1,0
ORD001829,15475,1509,2024-03-17 04:00:00,879.52,1,Footwear,7.0,COD,Karnataka,Rural,6,0,0,6,0.0,70.4,781,218,0.2791,2,7,3,0,3,66.3,5,1,0,3.83,1929,879.52,0,1,1,0
ORD001830,10040,1629,2024-03-17 05:00:00,832.06,1,Electronics,3.4,COD,Bihar,Urban,10,0,0,10,0.0,12.0,722,182,0.2521,2,7,1,0,4,26.7,4,1,0,4.06,884,832.06,0,0,1,1
ORD001831,17077,1072,2024-03-17 06:00:00,1324.34,3,Beauty,2.9,COD,West Bengal,Urban,9,2,1,6,0.2222,13.6,722,79,0.1094,5,13,2,0,3,182.4,2,1,0,4.26,1555,1324.34,1,0,0,0
ORD001832,12081,1281,2024-03-17 07:00:00,730.29,4,Fashion,9.0,UPI,Bihar,Urban,13,0,2,11,0.0,4.0,768,214,0.2786,2,9,5,0,7,121.3,4,1,0,3.98,412,0.0,1,0,0,0
ORD001833,17184,1359,2024-03-17 08:00:00,1390.53,2,Footwear,28.7,UPI,Maharashtra,Urban,8,1,0,7,0.125,15.6,760,10,0.0132,0,6,1,0,2,72.1,6,1,0,3.49,656,0.0,0,1,0,1
ORD001834,15796,1009,2024-03-17 09:00:00,1193.56,4,Home,3.8,COD,Maharashtra,Urban,10,0,0,10,0.0,29.8,739,41,0.0555,2,8,1,0,6,328.0,1,1,0,4.28,38,1193.56,0,1,0,0
ORD001835,17320,1210,2024-03-17 10:00:00,3863.15,2,Footwear,7.6,Debit Card,Karnataka,Urban,11,3,1,7,0.2727,10.3,734,145,0.1975,3,5,4,0,1,145.8,4,1,0,4.58,188,0.0,0,0,0,0
ORD001836,17141,1151,2024-03-17 11:00:00,477.59,4,Home,8.1,UPI,Karnataka,Rural,8,0,1,7,0.0,5.3,739,111,0.1502,0,4,2,0,1,60.4,4,1,0,4.47,1656,0.0,1,0,0,0
ORD001837,15497,1004,2024-03-17 12:00:00,1116.06,2,Footwear,21.5,COD,Delhi,Semi-Urban,11,0,1,10,0.0,36.5,744,98,0.1317,2,6,3,0,2,31.8,7,1,0,3.29,296,1116.06,0,0,0,0
ORD001838,14683,1194,2024-03-17 13:00:00,1420.56,1,Fashion,5.1,COD,Bihar,Rural,9,6,0,3,0.6667,22.6,756,43,0.0569,4,9,5,0,7,105.9,5,1,0,3.74,450,1420.56,0,0,0,1
ORD001839,11622,1282,2024-03-17 14:00:00,940.26,1,Fashion,13.4,COD,Maharashtra,Rural,12,0,0,12,0.0,16.8,729,79,0.1084,4,8,3,0,4,252.8,1,1,0,4.14,1416,940.26,1,0,0,1
ORD001840,17796,1463,2024-03-17 15:00:00,491.64,2,Beauty,20.8,COD,Delhi,Urban,10,2,0,8,0.2,12.2,732,34,0.0464,2,7,4,0,5,246.2,6,1,0,3.96,1146,491.64,0,0,0,0
ORD001841,10341,1112,2024-03-17 16:00:00,2331.49,1,Fashion,14.7,UPI,Karnataka,Semi-Urban,12,2,0,10,0.1667,8.4,729,52,0.0713,0,4,2,0,1,214.2,2,1,0,4.29,1093,0.0,0,1,0,0
ORD001842,14052,1270,2024-03-17 17:00:00,1342.33,1,Footwear,18.1,UPI,West Bengal,Urban,7,0,1,6,0.0,3.1,777,102,0.1313,1,5,4,0,4,118.9,7,1,0,2.98,1168,0.0,0,0,0,0
ORD001843,12074,1162,2024-03-17 18:00:00,512.79,1,Footwear,25.6,COD,Bihar,Semi-Urban,5,1,1,3,0.2,7.7,755,268,0.355,3,7,1,0,6,308.2,2,1,0,3.67,1631,512.79,0,0,0,1
ORD001844,17992,1459,2024-03-17 19:00:00,1426.82,3,Fashion,37.6,COD,Delhi,Urban,11,3,1,7,0.2727,8.0,719,30,0.0417,0,5,3,0,4,113.7,2,1,0,4.53,373,1426.82,0,0,0,1
ORD001845,17454,1104,2024-03-17 20:00:00,3044.04,1,Electronics,16.7,Credit Card,West Bengal,Urban,6,1,1,4,0.1667,10.2,717,66,0.0921,2,8,4,0,3,115.9,4,1,0,3.41,1182,0.0,0,0,0,0
ORD001846,10645,1692,2024-03-17 21:00:00,1073.0,2,Footwear,16.3,Credit Card,Karnataka,Urban,5,1,1,3,0.2,7.9,753,134,0.178,3,6,2,0,2,46.4,4,1,0,3.97,623,0.0,0,1,0,0
ORD001847,14826,1555,2024-03-17 22:00:00,1095.18,2,Beauty,6.1,Debit Card,Maharashtra,Semi-Urban,5,1,0,4,0.2,0.6,721,101,0.1401,1,8,1,0,3,333.9,2,1,0,4.92,1040,0.0,1,0,1,0
ORD001848,14263,1281,2024-03-17 23:00:00,2809.62,4,Electronics,21.0,Wallet,Delhi,Rural,12,0,1,11,0.0,8.7,749,176,0.235,0,2,4,0,5,20.0,3,1,0,4.14,1133,0.0,0,0,1,0
ORD001849,10609,1686,2024-03-18 00:00:00,612.64,3,Fashion,17.0,COD,Delhi,Urban,8,0,1,7,0.0,0.2,766,122,0.1593,3,9,3,0,6,407.6,3,0,0,3.92,959,612.64,0,0,1,0
ORD001850,16411,1161,2024-03-18 01:00:00,3091.87,2,Home,16.9,COD,Karnataka,Urban,10,0,1,9,0.0,33.3,733,9,0.0123,3,9,2,1,2,23.7,5,0,0,4.68,1560,3091.87,0,0,1,0
ORD001851,15868,1350,2024-03-18 02:00:00,1965.98,1,Footwear,22.5,Credit Card,Karnataka,Semi-Urban,11,1,0,10,0.0909,5.3,754,89,0.118,2,10,4,0,2,104.9,2,0,0,3.94,138,0.0,0,0,1,0
ORD001852,16136,1433,2024-03-18 03:00:00,629.84,1,Home,9.9,Debit Card,Maharashtra,Urban,12,0,0,12,0.0,3.2,746,174,0.2332,5,9,3,0,2,196.9,3,0,0,4.37,491,0.0,1,0,1,0
ORD001853,16964,1139,2024-03-18 04:00:00,734.39,1,Beauty,2.4,COD,Maharashtra,Rural,8,0,0,8,0.0,25.0,742,26,0.035,0,3,4,0,4,414.8,4,0,0,4.18,787,734.39,0,0,1,1
ORD001854,10454,1470,2024-03-18 05:00:00,800.4,2,Electronics,27.9,COD,Maharashtra,Urban,6,0,0,6,0.0,74.4,738,214,0.29,4,5,6,0,1,83.8,7,0,0,4.28,829,800.4,0,0,1,0
ORD001855,12953,1131,2024-03-18 06:00:00,364.99,3,Home,12.8,COD,West Bengal,Urban,9,0,1,8,0.0,63.8,738,110,0.1491,2,7,1,1,5,404.2,2,0,0,3.95,838,364.99,0,0,0,0
ORD001856,11708,1086,2024-03-18 07:00:00,1282.14,2,Beauty,1.4,Credit Card,West Bengal,Urban,6,0,3,3,0.0,20.0,741,21,0.0283,3,11,1,0,5,305.7,2,0,0,4.41,1699,0.0,0,0,0,0
ORD001857,13472,1687,2024-03-18 08:00:00,647.18,1,Home,9.0,UPI,Karnataka,Semi-Urban,9,1,1,7,0.1111,10.7,755,67,0.0887,1,6,2,0,4,444.7,1,0,0,4.5,1718,0.0,1,1,0,0
ORD001858,12969,1182,2024-03-18 09:00:00,1310.19,1,Home,29.9,UPI,Delhi,Urban,9,2,1,6,0.2222,6.2,756,46,0.0608,2,8,6,1,3,86.2,6,0,0,4.66,1171,0.0,0,0,0,0
ORD001859,13028,1367,2024-03-18 10:00:00,505.44,1,Beauty,15.1,COD,West Bengal,Urban,10,0,0,10,0.0,12.1,781,128,0.1639,3,9,3,0,3,59.6,1,0,0,3.88,1439,505.44,0,0,0,0
ORD001860,17643,1128,2024-03-18 11:00:00,1907.99,1,Footwear,10.5,COD,Karnataka,Semi-Urban,7,0,0,7,0.0,1.1,728,63,0.0865,4,11,2,0,1,152.5,3,0,0,3.53,1197,1907.99,1,1,0,0
ORD001861,14797,1245,2024-03-18 12:00:00,1707.14,1,Home,26.9,COD,West Bengal,Urban,15,1,0,14,0.0667,22.0,726,76,0.1047,2,7,4,0,5,88.5,1,0,0,4.32,1718,1707.14,0,0,0,0
ORD001862,12681,1600,2024-03-18 13:00:00,718.0,1,Beauty,16.4,COD,Maharashtra,Urban,10,0,0,10,0.0,59.4,745,56,0.0752,1,8,4,0,2,18.3,4,0,0,4.11,592,718.0,0,0,0,1
ORD001863,13629,1577,2024-03-18 14:00:00,1360.75,2,Home,17.7,Wallet,Karnataka,Rural,12,0,0,12,0.0,27.4,758,59,0.0778,2,4,1,0,5,142.0,4,0,0,4.73,675,0.0,0,0,0,0
ORD001864,15695,1669,2024-03-18 15:00:00,1152.57,1,Footwear,28.5,COD,Maharashtra,Semi-Urban,6,0,2,4,0.0,24.1,766,76,0.0992,0,4,3,0,5,343.0,1,0,0,3.7,1090,1152.57,0,1,0,0
ORD001865,14225,1377,2024-03-18 16:00:00,2668.79,1,Beauty,14.2,COD,Bihar,Urban,10,1,0,9,0.1,8.4,772,79,0.1023,4,9,5,1,3,522.9,5,0,0,3.98,50,2668.79,0,0,0,0
ORD001866,13067,1148,2024-03-18 17:00:00,590.23,4,Home,4.3,Credit Card,Delhi,Urban,12,1,0,11,0.0833,14.7,806,72,0.0893,0,11,4,0,2,204.7,3,0,0,3.16,1555,0.0,0,0,0,0
ORD001867,15941,1432,2024-03-18 18:00:00,1000.87,1,Fashion,6.9,COD,Maharashtra,Urban,11,3,2,6,0.2727,76.8,738,52,0.0705,1,4,2,0,4,81.1,5,0,0,4.16,1308,1000.87,0,0,0,1
ORD001868,11386,1627,2024-03-18 19:00:00,746.64,1,Footwear,10.6,Debit Card,Delhi,Semi-Urban,8,1,0,7,0.125,33.8,761,146,0.1919,6,11,2,0,2,96.4,4,0,0,4.13,1091,0.0,0,0,0,0
ORD001869,13776,1725,2024-03-18 20:00:00,1126.52,1,Home,6.3,COD,Karnataka,Semi-Urban,7,0,0,7,0.0,1.6,735,155,0.2109,3,9,3,0,5,107.0,5,0,0,4.02,1953,1126.52,0,1,0,1
ORD001870,12866,1468,2024-03-18 21:00:00,1510.15,1,Electronics,26.3,Credit Card,Bihar,Semi-Urban,12,4,0,8,0.3333,5.2,738,42,0.0569,2,8,5,0,2,200.4,4,0,0,4.15,1557,0.0,0,0,0,0
ORD001871,14788,1445,2024-03-18 22:00:00,741.68,1,Beauty,15.2,Credit Card,Delhi,Semi-Urban,9,0,1,8,0.0,14.3,736,87,0.1182,2,9,2,1,2,278.2,2,0,0,4.07,571,0.0,1,0,1,0
ORD001872,13363,1480,2024-03-18 23:00:00,881.42,1,Home,12.5,COD,West Bengal,Urban,14,1,0,13,0.0714,45.8,744,70,0.0941,2,6,1,0,4,265.2,1,0,0,4.04,392,881.42,0,0,1,0
ORD001873,15490,1293,2024-03-19 00:00:00,1957.89,1,Footwear,7.5,COD,Karnataka,Urban,6,2,1,3,0.3333,60.2,787,49,0.0623,3,9,3,0,3,157.0,6,0,0,3.83,1877,1957.89,1,0,1,1
ORD001874,14889,1764,2024-03-19 01:00:00,2475.99,1,Footwear,19.5,COD,Bihar,Semi-Urban,8,1,0,7,0.125,10.0,739,62,0.0839,1,4,5,0,4,345.7,1,0,0,3.83,204,2475.99,0,0,1,0
ORD001875,14124,1142,2024-03-19 02:00:00,1474.55,1,Electronics,24.7,COD,West Bengal,Urban,10,0,0,10,0.0,4.8,755,122,0.1616,2,11,1,0,2,195.9,4,0,0,3.99,133,1474.55,1,0,1,0
ORD001876,10148,1249,2024-03-19 03:00:00,1009.51,3,Electronics,15.3,COD,West Bengal,Rural,11,1,1,9,0.0909,3.3,764,49,0.0641,0,4,2,0,3,429.1,4,0,0,3.79,1804,1009.51,0,0,1,1
ORD001877,13850,1301,2024-03-19 04:00:00,953.5,1,Home,14.3,Debit Card,Bihar,Urban,8,2,0,6,0.25,2.1,796,58,0.0729,2,5,3,1,4,201.1,2,0,0,3.91,1127,0.0,0,0,1,0
ORD001878,15415,1024,2024-03-19 05:00:00,1523.67,3,Fashion,15.2,COD,Maharashtra,Urban,7,2,1,4,0.2857,4.4,763,123,0.1612,2,6,3,0,3,175.7,2,0,0,4.3,1204,1523.67,0,1,1,1
ORD001879,12058,1788,2024-03-19 06:00:00,1257.22,1,Footwear,18.5,COD,Bihar,Semi-Urban,7,1,1,5,0.1429,2.6,728,91,0.125,1,8,2,1,2,21.2,5,0,0,3.64,1232,1257.22,0,0,0,0
ORD001880,17679,1069,2024-03-19 07:00:00,407.73,1,Fashion,13.2,COD,Bihar,Semi-Urban,11,2,0,9,0.1818,17.2,787,68,0.0864,2,9,2,0,2,160.2,5,0,0,3.81,1661,407.73,0,0,0,0
ORD001881,16819,1624,2024-03-19 08:00:00,1546.01,2,Fashion,15.9,UPI,Bihar,Semi-Urban,7,0,1,6,0.0,35.5,817,102,0.1248,6,13,2,0,1,204.7,4,0,0,3.36,819,0.0,0,0,0,0
ORD001882,11136,1111,2024-03-19 09:00:00,654.36,1,Home,13.3,Debit Card,Delhi,Semi-Urban,14,1,1,12,0.0714,8.9,750,52,0.0693,2,11,1,0,5,115.3,1,0,1,2.89,1687,0.0,0,0,0,0
ORD001883,10186,1363,2024-03-19 10:00:00,468.64,1,Beauty,13.4,COD,Maharashtra,Urban,8,0,2,6,0.0,18.0,760,90,0.1184,0,5,3,0,3,34.3,1,0,0,4.47,1113,468.64,3,0,0,1
ORD001884,12854,1302,2024-03-19 11:00:00,403.02,2,Beauty,28.0,COD,Karnataka,Rural,8,0,1,7,0.0,52.8,778,61,0.0784,5,12,3,0,3,96.9,3,0,0,3.81,1525,403.02,0,0,0,0
ORD001885,16887,1470,2024-03-19 12:00:00,963.27,1,Beauty,31.0,COD,West Bengal,Rural,10,0,2,8,0.0,63.0,748,79,0.1056,2,7,5,0,3,78.5,5,0,0,3.83,1185,963.27,0,0,0,1
ORD001886,11250,1090,2024-03-19 13:00:00,595.91,2,Electronics,7.2,COD,Delhi,Urban,2,1,0,1,0.5,10.8,780,38,0.0487,2,6,1,0,2,203.2,3,0,0,4.08,1747,595.91,0,0,0,1
ORD001887,11333,1529,2024-03-19 14:00:00,271.56,3,Footwear,10.0,UPI,Maharashtra,Semi-Urban,11,0,1,10,0.0,33.0,778,41,0.0527,4,11,4,0,1,48.9,7,0,0,4.3,250,0.0,1,0,0,0
ORD001888,14193,1660,2024-03-19 15:00:00,884.42,1,Electronics,23.4,COD,Bihar,Rural,7,1,1,5,0.1429,1.9,754,44,0.0584,4,8,2,0,1,114.8,5,0,0,4.79,938,884.42,0,0,0,0
ORD001889,14150,1738,2024-03-19 16:00:00,817.02,1,Footwear,4.9,Debit Card,Delhi,Semi-Urban,8,0,0,8,0.0,21.3,734,86,0.1172,0,8,3,0,5,156.8,3,0,1,4.19,845,0.0,0,1,0,1
ORD001890,16766,1725,2024-03-19 17:00:00,1002.31,1,Footwear,18.6,COD,Delhi,Semi-Urban,11,1,1,9,0.0909,22.4,760,11,0.0145,2,8,2,0,2,117.2,4,0,0,4.22,956,1002.31,1,0,0,1
ORD001891,12711,1662,2024-03-19 18:00:00,751.94,4,Footwear,15.3,Debit Card,West Bengal,Semi-Urban,14,0,3,11,0.0,19.7,742,71,0.0957,1,3,4,0,4,190.6,4,0,0,4.09,1026,0.0,0,0,0,0
ORD001892,14853,1191,2024-03-19 19:00:00,3286.56,2,Home,33.3,COD,Karnataka,Urban,6,0,0,6,0.0,4.5,799,129,0.1615,2,4,5,0,3,184.2,4,0,0,3.82,1720,3286.56,0,0,0,0
ORD001893,14501,1551,2024-03-19 20:00:00,1495.78,3,Beauty,8.8,Credit Card,Maharashtra,Urban,7,0,1,6,0.0,27.4,705,46,0.0652,3,6,1,0,5,168.6,7,0,0,3.5,832,0.0,0,2,0,0
ORD001894,16212,1241,2024-03-19 21:00:00,812.59,1,Electronics,11.5,Debit Card,Maharashtra,Semi-Urban,11,1,1,9,0.0909,6.6,792,143,0.1806,3,8,2,0,5,142.1,4,0,0,4.53,1644,0.0,0,0,0,1
ORD001895,17479,1137,2024-03-19 22:00:00,1055.56,2,Electronics,14.8,Wallet,Maharashtra,Semi-Urban,10,1,0,9,0.1,62.3,704,135,0.1918,1,8,1,1,4,268.6,4,0,0,4.45,1226,0.0,1,0,1,1
ORD001896,15408,1344,2024-03-19 23:00:00,2562.62,1,Home,25.3,Credit Card,Bihar,Urban,12,1,1,10,0.0833,2.3,754,29,0.0385,4,11,3,0,2,55.7,3,0,0,3.71,117,0.0,0,0,1,0
ORD001897,11785,1179,2024-03-20 00:00:00,1946.86,1,Footwear,13.9,COD,Bihar,Urban,7,1,1,5,0.1429,28.2,690,130,0.1884,4,8,4,0,4,201.3,6,0,0,4.19,48,1946.86,0,0,1,0
ORD001898,17715,1711,2024-03-20 01:00:00,474.51,3,Beauty,14.4,COD,Delhi,Urban,5,2,1,2,0.4,12.3,800,98,0.1225,4,6,1,0,1,393.1,7,0,0,3.84,1659,474.51,0,0,1,1
ORD001899,10750,1502,2024-03-20 02:00:00,611.2,1,Fashion,12.7,UPI,Karnataka,Rural,12,0,1,11,0.0,10.0,768,149,0.194,2,5,1,0,4,137.6,2,0,0,4.56,31,0.0,0,1,1,0
ORD001900,17315,1202,2024-03-20 03:00:00,686.01,4,Fashion,12.8,Debit Card,West Bengal,Urban,12,0,0,12,0.0,9.1,725,116,0.16,4,6,3,0,3,96.1,5,0,0,4.01,180,0.0,0,0,1,0
ORD001901,17634,1572,2024-03-20 04:00:00,842.34,1,Home,9.1,COD,West Bengal,Semi-Urban,7,0,0,7,0.0,11.6,802,100,0.1247,2,7,2,0,2,169.9,5,0,0,4.12,497,842.34,0,0,1,0
ORD001902,11762,1191,2024-03-20 05:00:00,767.2,2,Beauty,13.9,Debit Card,Karnataka,Urban,11,1,5,5,0.0909,6.6,741,59,0.0796,2,7,2,0,3,134.2,4,0,0,4.59,101,0.0,0,0,1,0
ORD001903,17411,1004,2024-03-20 06:00:00,1119.24,1,Fashion,23.1,UPI,Maharashtra,Semi-Urban,9,0,0,9,0.0,46.3,755,26,0.0344,2,10,3,0,2,17.0,4,0,0,4.02,472,0.0,0,0,0,0
ORD001904,17658,1236,2024-03-20 07:00:00,1705.19,1,Fashion,9.2,COD,Karnataka,Rural,8,0,0,8,0.0,24.7,766,195,0.2546,3,4,3,0,2,137.8,3,0,0,4.27,388,1705.19,0,0,0,0
ORD001905,13920,1692,2024-03-20 08:00:00,1884.84,1,Electronics,20.3,COD,West Bengal,Semi-Urban,11,2,0,9,0.1818,33.6,816,72,0.0882,1,5,2,0,2,242.7,6,0,0,3.92,1302,1884.84,1,0,0,0
ORD001906,17101,1310,2024-03-20 09:00:00,901.38,1,Beauty,15.3,COD,Bihar,Urban,8,2,0,6,0.25,6.6,725,147,0.2028,2,5,4,0,3,241.8,5,0,0,3.88,1491,901.38,0,0,0,1
ORD001907,17674,1548,2024-03-20 10:00:00,411.24,1,Fashion,13.6,COD,Karnataka,Semi-Urban,10,2,0,8,0.2,5.9,702,47,0.067,3,10,4,0,2,222.5,4,0,0,3.96,1970,411.24,0,0,0,0
ORD001908,14460,1055,2024-03-20 11:00:00,587.43,2,Electronics,12.9,UPI,Delhi,Urban,8,0,1,7,0.0,14.0,760,105,0.1382,3,7,3,0,3,149.2,2,0,0,4.01,1237,0.0,0,0,0,0
ORD001909,16122,1442,2024-03-20 12:00:00,802.82,1,Beauty,30.9,COD,Bihar,Urban,11,3,2,6,0.2727,30.8,780,232,0.2974,1,5,5,0,4,158.5,2,0,0,4.72,1331,802.82,0,0,0,1
ORD001910,10481,1236,2024-03-20 13:00:00,519.56,1,Footwear,22.9,UPI,Delhi,Urban,8,1,0,7,0.125,89.3,795,26,0.0327,2,6,4,0,1,197.5,5,0,0,4.22,1167,0.0,1,0,0,0
ORD001911,16344,1196,2024-03-20 14:00:00,2174.42,1,Beauty,22.1,UPI,Delhi,Urban,5,2,0,3,0.4,11.5,749,65,0.0868,3,10,4,0,2,93.0,3,0,0,4.1,184,0.0,0,0,0,0
ORD001912,10153,1584,2024-03-20 15:00:00,540.38,1,Home,11.8,Debit Card,Karnataka,Urban,6,0,0,6,0.0,49.5,738,40,0.0542,1,3,2,1,5,24.7,2,0,0,4.71,362,0.0,0,0,0,0
ORD001913,17617,1570,2024-03-20 16:00:00,1588.01,2,Electronics,12.2,UPI,Delhi,Semi-Urban,7,0,0,7,0.0,67.0,751,37,0.0493,2,9,2,0,3,133.0,6,0,0,4.01,176,0.0,0,0,0,0
ORD001914,11524,1751,2024-03-20 17:00:00,399.76,3,Footwear,12.5,UPI,Maharashtra,Urban,5,1,0,4,0.2,0.2,744,146,0.1962,1,7,4,0,4,200.0,3,0,0,4.01,1287,0.0,2,0,0,0
ORD001915,12120,1513,2024-03-20 18:00:00,1626.72,1,Electronics,12.6,Debit Card,Karnataka,Rural,14,0,3,11,0.0,31.3,737,111,0.1506,2,10,5,0,3,153.4,2,0,0,4.53,1784,0.0,0,0,0,0
ORD001916,16856,1448,2024-03-20 19:00:00,1008.72,1,Electronics,15.0,COD,West Bengal,Urban,10,1,1,8,0.1,14.0,737,35,0.0475,4,11,1,0,1,153.6,3,0,0,3.99,825,1008.72,0,0,0,1
ORD001917,12343,1359,2024-03-20 20:00:00,2717.64,2,Fashion,8.7,COD,Maharashtra,Rural,10,4,2,4,0.4,22.3,778,87,0.1118,0,4,3,0,3,100.3,5,0,0,3.8,575,2717.64,0,0,0,1
ORD001918,15136,1699,2024-03-20 21:00:00,556.16,1,Beauty,9.6,Credit Card,Bihar,Urban,7,0,0,7,0.0,18.8,771,94,0.1219,1,6,6,0,2,149.8,7,0,1,4.04,218,0.0,0,1,0,0
ORD001919,15760,1029,2024-03-20 22:00:00,781.75,1,Electronics,18.7,COD,Karnataka,Urban,9,1,2,6,0.1111,50.3,735,16,0.0218,1,7,1,0,1,385.2,6,0,0,4.17,1386,781.75,2,0,1,1
ORD001920,11240,1778,2024-03-20 23:00:00,878.08,1,Electronics,14.3,COD,West Bengal,Urban,7,0,1,6,0.0,5.2,736,133,0.1807,2,10,1,0,7,80.7,4,0,0,3.67,1518,878.08,0,0,1,0
ORD001921,10060,1107,2024-03-21 00:00:00,1000.74,1,Home,7.2,COD,West Bengal,Semi-Urban,8,0,0,8,0.0,29.2,733,119,0.1623,1,7,3,0,3,167.6,1,0,0,4.44,99,1000.74,1,0,1,0
ORD001922,10938,1601,2024-03-21 01:00:00,891.06,1,Home,34.6,COD,Karnataka,Rural,10,1,1,8,0.1,7.2,762,50,0.0656,1,5,3,0,3,98.6,4,0,0,4.2,1107,891.06,0,0,1,0
ORD001923,11639,1716,2024-03-21 02:00:00,901.44,1,Home,7.3,UPI,Maharashtra,Semi-Urban,11,1,0,10,0.0909,45.0,691,39,0.0564,4,14,2,0,2,112.7,3,0,0,3.75,1640,0.0,0,0,1,0
ORD001924,16185,1444,2024-03-21 03:00:00,892.62,2,Electronics,46.9,COD,West Bengal,Urban,5,0,0,5,0.0,51.6,713,93,0.1304,4,8,1,0,2,52.8,3,0,0,4.2,69,892.62,1,0,1,0
ORD001925,14120,1437,2024-03-21 04:00:00,316.49,1,Footwear,12.7,COD,Karnataka,Urban,12,0,2,10,0.0,6.0,789,119,0.1508,4,8,3,0,4,175.0,2,0,0,4.72,1464,316.49,0,0,1,0
ORD001926,15158,1731,2024-03-21 05:00:00,1990.22,1,Beauty,9.4,Credit Card,Karnataka,Urban,8,0,0,8,0.0,11.0,732,108,0.1475,3,10,1,0,3,213.0,4,0,0,4.15,235,0.0,0,0,1,0
ORD001927,17970,1605,2024-03-21 06:00:00,6103.89,1,Electronics,9.9,UPI,Delhi,Urban,9,0,1,8,0.0,19.0,736,30,0.0408,1,7,2,0,1,105.5,3,0,0,3.89,1723,0.0,0,0,0,0
ORD001928,14226,1456,2024-03-21 07:00:00,1311.55,1,Fashion,14.7,UPI,Karnataka,Rural,10,0,2,8,0.0,1.7,748,75,0.1003,2,7,4,0,6,86.9,4,0,0,4.28,1186,0.0,1,1,0,0
ORD001929,13569,1614,2024-03-21 08:00:00,554.77,1,Footwear,32.8,COD,West Bengal,Urban,10,2,0,8,0.2,17.6,773,71,0.0918,1,10,3,1,3,96.7,3,0,0,3.65,1962,554.77,0,1,0,1
ORD001930,11252,1734,2024-03-21 09:00:00,589.5,3,Footwear,29.4,COD,Delhi,Urban,10,0,2,8,0.0,22.8,765,148,0.1935,0,4,4,0,4,69.6,5,0,0,4.38,1514,589.5,0,0,0,0
ORD001931,14203,1697,2024-03-21 10:00:00,1584.31,1,Beauty,4.2,COD,West Bengal,Urban,9,1,0,8,0.1111,60.3,781,80,0.1024,1,6,1,1,1,96.8,1,0,0,4.28,292,1584.31,1,0,0,1
ORD001932,10171,1695,2024-03-21 11:00:00,1381.99,2,Footwear,6.6,COD,Maharashtra,Urban,4,1,0,3,0.25,11.4,765,181,0.2366,3,7,6,0,4,112.4,1,0,0,4.49,847,1381.99,1,0,0,0
ORD001933,11458,1494,2024-03-21 12:00:00,924.66,1,Beauty,16.4,UPI,Maharashtra,Rural,8,0,1,7,0.0,6.9,748,266,0.3556,4,13,2,0,6,105.4,2,0,0,3.99,60,0.0,0,0,0,0
ORD001934,13549,1673,2024-03-21 13:00:00,1723.38,2,Footwear,19.7,UPI,West Bengal,Urban,9,1,1,7,0.1111,19.0,766,190,0.248,1,6,3,0,1,57.8,1,0,0,4.69,553,0.0,0,1,0,0
ORD001935,14197,1246,2024-03-21 14:00:00,317.88,1,Beauty,5.7,Credit Card,Bihar,Urban,11,0,0,11,0.0,42.5,722,70,0.097,3,14,2,0,6,117.3,5,0,0,4.46,1714,0.0,0,0,0,0
ORD001936,17009,1542,2024-03-21 15:00:00,1724.06,1,Home,3.5,COD,Bihar,Semi-Urban,9,2,2,5,0.2222,21.0,725,82,0.1131,1,4,5,0,5,190.4,4,0,0,4.16,1983,1724.06,0,0,0,0
ORD001937,16667,1563,2024-03-21 16:00:00,1264.78,2,Home,29.6,COD,Bihar,Urban,13,1,1,11,0.0769,50.0,769,238,0.3095,5,8,4,0,3,438.2,2,0,0,4.12,795,1264.78,0,1,0,1
ORD001938,12322,1587,2024-03-21 17:00:00,603.31,1,Footwear,4.9,UPI,West Bengal,Urban,8,0,0,8,0.0,5.0,728,30,0.0412,2,8,3,0,7,26.8,2,0,0,4.14,992,0.0,0,0,0,0
ORD001939,11636,1438,2024-03-21 18:00:00,464.06,2,Footwear,14.2,UPI,Karnataka,Semi-Urban,7,2,1,4,0.2857,51.2,695,139,0.2,1,11,5,0,2,62.6,3,0,0,4.15,888,0.0,0,0,0,0
ORD001940,13115,1277,2024-03-21 19:00:00,1179.44,1,Beauty,27.2,COD,Delhi,Rural,17,1,2,14,0.0588,20.5,745,142,0.1906,4,10,3,0,6,75.7,3,0,0,4.54,650,1179.44,0,0,0,0
ORD001941,14090,1551,2024-03-21 20:00:00,2551.26,4,Beauty,15.5,COD,Karnataka,Semi-Urban,8,2,0,6,0.25,8.3,761,174,0.2286,0,9,4,0,2,340.5,5,0,0,4.04,484,2551.26,0,0,0,0
ORD001942,16960,1612,2024-03-21 21:00:00,956.37,2,Electronics,8.2,Credit Card,West Bengal,Rural,9,1,1,7,0.1111,2.4,743,143,0.1925,1,5,2,0,2,106.3,3,0,0,3.62,90,0.0,0,1,0,0
ORD001943,13004,1110,2024-03-21 22:00:00,657.46,4,Home,9.9,COD,Karnataka,Semi-Urban,10,2,0,8,0.2,2.0,772,159,0.206,4,12,1,0,3,182.1,3,0,0,4.94,127,657.46,0,0,1,1
ORD001944,15136,1384,2024-03-21 23:00:00,1230.0,1,Electronics,18.4,COD,Maharashtra,Urban,9,1,0,8,0.1111,28.1,745,76,0.102,0,5,3,0,4,248.9,2,0,0,4.33,901,1230.0,0,3,1,0
ORD001945,10329,1760,2024-03-22 00:00:00,3269.93,1,Electronics,23.5,Debit Card,Delhi,Urban,8,0,1,7,0.0,74.6,764,245,0.3207,3,9,1,1,4,489.1,3,0,0,4.31,68,0.0,0,0,1,1
ORD001946,13640,1190,2024-03-22 01:00:00,1420.52,2,Fashion,10.1,COD,West Bengal,Semi-Urban,7,4,0,3,0.5714,32.3,792,60,0.0758,3,7,1,1,3,209.5,4,0,0,3.81,1026,1420.52,0,1,1,0
ORD001947,13894,1489,2024-03-22 02:00:00,1515.71,3,Beauty,23.2,Debit Card,Delhi,Urban,11,1,2,8,0.0909,33.5,738,121,0.164,2,7,6,0,1,62.3,4,0,0,4.28,1225,0.0,0,0,1,0
ORD001948,15616,1693,2024-03-22 03:00:00,2283.99,4,Fashion,12.7,COD,Bihar,Urban,10,4,0,6,0.4,5.6,775,22,0.0284,2,7,2,0,3,133.5,5,0,0,4.31,295,2283.99,1,0,1,1
ORD001949,17982,1425,2024-03-22 04:00:00,1456.13,1,Fashion,4.2,UPI,Bihar,Rural,11,2,0,9,0.1818,9.4,732,103,0.1407,2,7,4,0,2,155.5,4,0,0,4.54,905,0.0,0,0,1,0
ORD001950,14107,1404,2024-03-22 05:00:00,686.37,2,Electronics,21.8,UPI,Maharashtra,Urban,4,0,0,4,0.0,40.2,729,217,0.2977,3,10,1,0,2,281.3,6,0,0,3.81,481,0.0,0,1,1,0
ORD001951,11341,1334,2024-03-22 06:00:00,385.01,1,Fashion,27.5,UPI,West Bengal,Urban,8,0,1,7,0.0,17.4,774,54,0.0698,4,9,2,0,2,43.5,3,0,0,4.43,467,0.0,0,1,0,0
ORD001952,13663,1208,2024-03-22 07:00:00,630.81,1,Beauty,4.1,COD,Bihar,Semi-Urban,7,0,0,7,0.0,0.6,758,31,0.0409,4,7,3,0,6,106.3,2,0,0,4.17,754,630.81,0,0,0,0
ORD001953,10215,1021,2024-03-22 08:00:00,565.19,1,Electronics,8.1,UPI,Delhi,Semi-Urban,6,0,0,6,0.0,7.6,749,72,0.0961,1,3,4,0,4,46.9,4,0,0,4.29,927,0.0,0,0,0,0
ORD001954,10338,1677,2024-03-22 09:00:00,1628.78,1,Beauty,16.7,COD,Delhi,Urban,11,2,3,6,0.1818,53.1,764,60,0.0785,2,8,4,0,2,50.8,3,0,0,4.73,429,1628.78,1,0,0,0
ORD001955,15895,1610,2024-03-22 10:00:00,1770.49,3,Footwear,26.4,COD,Maharashtra,Urban,11,3,0,8,0.2727,42.6,732,160,0.2186,4,7,2,0,3,58.8,3,0,0,4.77,244,1770.49,0,2,0,0
ORD001956,14062,1207,2024-03-22 11:00:00,1218.46,1,Fashion,15.7,COD,Bihar,Urban,7,0,0,7,0.0,5.1,716,134,0.1872,3,13,3,0,2,116.6,4,0,0,4.59,577,1218.46,0,1,0,0
ORD001957,12708,1007,2024-03-22 12:00:00,512.24,2,Electronics,18.6,UPI,Karnataka,Urban,8,2,3,3,0.25,7.1,766,45,0.0587,2,7,3,0,4,190.7,7,0,0,3.58,904,0.0,0,0,0,0
ORD001958,13152,1701,2024-03-22 13:00:00,3203.37,1,Home,11.6,COD,Bihar,Semi-Urban,11,1,3,7,0.0909,71.9,804,142,0.1766,3,6,1,0,2,36.5,3,0,0,3.7,1904,3203.37,0,0,0,1
ORD001959,11750,1686,2024-03-22 14:00:00,854.29,1,Beauty,11.8,COD,Maharashtra,Rural,11,1,0,10,0.0909,12.9,748,77,0.1029,3,8,1,0,4,207.5,1,0,0,4.01,1811,854.29,0,1,0,0
ORD001960,15604,1784,2024-03-22 15:00:00,1575.12,1,Fashion,11.0,COD,Bihar,Urban,13,3,5,5,0.2308,3.8,746,52,0.0697,1,9,4,0,2,51.5,4,0,1,4.68,1939,1575.12,1,0,0,1
ORD001961,12421,1528,2024-03-22 16:00:00,1129.57,1,Beauty,26.6,COD,West Bengal,Semi-Urban,5,1,0,4,0.2,17.4,828,117,0.1413,4,12,4,0,1,84.9,4,0,0,4.09,52,1129.57,0,1,0,0
ORD001962,17119,1601,2024-03-22 17:00:00,1242.89,1,Beauty,6.6,UPI,Maharashtra,Semi-Urban,9,1,2,6,0.1111,15.9,727,96,0.132,1,6,6,0,4,28.4,4,0,0,3.76,273,0.0,0,1,0,0
ORD001963,10709,1652,2024-03-22 18:00:00,1542.12,2,Footwear,12.0,UPI,Karnataka,Semi-Urban,10,2,1,7,0.2,90.1,745,57,0.0765,1,7,5,0,5,51.8,3,0,0,4.37,1150,0.0,0,1,0,1
ORD001964,15319,1656,2024-03-22 19:00:00,722.26,4,Beauty,13.3,COD,Delhi,Urban,12,2,2,8,0.1667,25.9,716,124,0.1732,1,3,4,0,2,279.4,3,0,0,4.04,1066,722.26,0,0,0,0
ORD001965,17704,1165,2024-03-22 20:00:00,2400.04,1,Footwear,11.4,Debit Card,Bihar,Urban,11,0,2,9,0.0,15.2,735,24,0.0327,1,5,1,1,3,217.7,6,0,0,4.14,991,0.0,0,0,0,0
ORD001966,16609,1495,2024-03-22 21:00:00,425.09,1,Footwear,18.1,COD,Delhi,Semi-Urban,8,0,2,6,0.0,11.6,738,81,0.1098,1,3,4,0,2,285.6,2,0,0,3.77,737,425.09,0,0,0,0
ORD001967,15208,1589,2024-03-22 22:00:00,588.08,1,Footwear,17.7,Debit Card,Maharashtra,Rural,8,3,2,3,0.375,23.8,741,61,0.0823,5,14,5,1,2,222.0,6,0,1,4.21,611,0.0,0,0,1,0
ORD001968,15387,1428,2024-03-22 23:00:00,2381.43,2,Fashion,5.9,UPI,Delhi,Urban,9,1,0,8,0.1111,19.0,753,99,0.1315,1,6,5,0,1,104.0,2,0,0,4.22,479,0.0,0,0,1,0
ORD001969,13726,1773,2024-03-23 00:00:00,1562.44,1,Beauty,8.6,COD,West Bengal,Rural,9,0,2,7,0.0,27.7,780,40,0.0513,3,10,2,0,2,261.1,3,1,0,4.27,1521,1562.44,1,0,1,1
ORD001970,13642,1162,2024-03-23 01:00:00,5035.33,1,Beauty,7.4,UPI,Maharashtra,Semi-Urban,9,0,0,9,0.0,19.9,744,12,0.0161,1,4,4,0,2,276.8,3,1,0,4.39,1472,0.0,0,0,1,0
ORD001971,13993,1365,2024-03-23 02:00:00,1142.54,1,Footwear,29.5,COD,Maharashtra,Rural,8,0,1,7,0.0,59.9,733,26,0.0355,4,9,2,0,5,87.8,2,1,0,3.98,101,1142.54,0,0,1,0
ORD001972,10488,1525,2024-03-23 03:00:00,3041.96,4,Beauty,5.5,UPI,Bihar,Urban,5,0,0,5,0.0,0.1,765,22,0.0288,3,7,1,1,3,125.2,2,1,0,4.06,141,0.0,1,0,1,1
ORD001973,15657,1238,2024-03-23 04:00:00,359.79,1,Beauty,8.3,Wallet,Maharashtra,Semi-Urban,13,2,1,10,0.1538,20.5,709,22,0.031,2,8,3,0,5,71.2,3,1,0,3.76,365,0.0,0,0,1,0
ORD001974,10046,1071,2024-03-23 05:00:00,469.6,1,Footwear,6.0,COD,West Bengal,Semi-Urban,7,0,0,7,0.0,39.4,749,75,0.1001,0,4,3,0,4,92.3,3,1,0,3.91,187,469.6,0,0,1,0
ORD001975,13359,1444,2024-03-23 06:00:00,1876.78,4,Home,34.1,COD,Bihar,Semi-Urban,8,1,0,7,0.125,2.3,726,28,0.0386,0,7,2,0,2,136.2,3,1,0,3.79,1824,1876.78,0,0,0,0
ORD001976,14873,1654,2024-03-23 07:00:00,385.98,2,Home,4.0,COD,West Bengal,Semi-Urban,5,0,0,5,0.0,2.5,700,43,0.0614,4,8,6,0,2,50.4,1,1,0,4.25,721,385.98,0,0,0,0
ORD001977,15135,1508,2024-03-23 08:00:00,974.16,2,Footwear,17.6,COD,Karnataka,Urban,10,1,0,9,0.1,2.5,750,28,0.0373,2,10,2,0,2,151.7,6,1,0,4.27,108,974.16,1,0,0,0
ORD001978,14806,1794,2024-03-23 09:00:00,2209.07,1,Fashion,22.8,UPI,Bihar,Urban,10,0,1,9,0.0,71.1,771,191,0.2477,1,3,1,0,2,63.3,5,1,0,3.8,1885,0.0,0,0,0,0
ORD001979,10400,1268,2024-03-23 10:00:00,1481.34,4,Beauty,21.6,COD,Maharashtra,Urban,8,1,0,7,0.125,46.7,737,15,0.0204,2,10,3,0,1,419.2,1,1,0,4.21,1177,1481.34,0,0,0,0
ORD001980,13990,1752,2024-03-23 11:00:00,1103.96,2,Beauty,10.6,COD,Maharashtra,Urban,13,0,2,11,0.0,2.9,731,59,0.0807,1,6,5,0,1,4.9,3,1,0,4.47,606,1103.96,0,1,0,0
ORD001981,15913,1414,2024-03-23 12:00:00,837.6,3,Home,7.0,UPI,Maharashtra,Urban,9,2,1,6,0.2222,26.3,712,101,0.1419,1,3,3,0,2,123.0,5,1,0,4.12,696,0.0,0,0,0,0
ORD001982,17124,1244,2024-03-23 13:00:00,1238.1,2,Footwear,4.7,UPI,Karnataka,Urban,12,1,1,10,0.0833,21.8,767,152,0.1982,1,5,3,0,6,137.1,5,1,0,4.49,1260,0.0,0,0,0,0
ORD001983,13157,1674,2024-03-23 14:00:00,1550.53,2,Fashion,3.3,UPI,West Bengal,Semi-Urban,14,0,0,14,0.0,3.6,757,35,0.0462,0,4,1,0,6,190.4,1,1,0,4.48,182,0.0,0,0,0,1
ORD001984,14345,1059,2024-03-23 15:00:00,737.65,1,Footwear,6.4,COD,Maharashtra,Semi-Urban,11,0,1,10,0.0,18.7,721,56,0.0777,6,11,1,0,4,164.1,3,1,0,3.74,478,737.65,0,0,0,0
ORD001985,10390,1005,2024-03-23 16:00:00,1370.65,1,Home,3.3,UPI,Delhi,Urban,11,0,0,11,0.0,1.0,712,65,0.0913,0,8,5,0,3,103.0,3,1,0,3.54,423,0.0,0,0,0,0
ORD001986,13853,1708,2024-03-23 17:00:00,2094.48,2,Home,5.5,COD,Maharashtra,Semi-Urban,7,0,2,5,0.0,0.1,752,57,0.0758,7,12,3,0,3,94.2,4,1,0,3.68,78,2094.48,0,0,0,1
ORD001987,14430,1569,2024-03-23 18:00:00,959.6,1,Beauty,6.6,COD,Bihar,Urban,7,0,3,4,0.0,8.5,786,42,0.0534,1,3,4,1,2,276.9,3,1,0,4.48,126,959.6,0,0,0,1
ORD001988,10628,1406,2024-03-23 19:00:00,1142.39,1,Electronics,5.3,COD,Bihar,Urban,9,0,0,9,0.0,62.9,753,31,0.0412,1,3,4,0,2,362.7,6,1,0,4.61,877,1142.39,0,0,0,1
ORD001989,17686,1216,2024-03-23 20:00:00,1465.96,1,Fashion,31.6,UPI,Delhi,Semi-Urban,8,2,0,6,0.25,20.6,769,45,0.0585,4,11,3,0,2,288.4,5,1,0,4.1,722,0.0,1,1,0,1
ORD001990,14232,1025,2024-03-23 21:00:00,1526.6,2,Fashion,17.7,COD,Karnataka,Urban,8,1,2,5,0.125,0.8,727,60,0.0825,2,11,3,0,2,165.6,2,1,0,3.93,1553,1526.6,0,0,0,0
ORD001991,12930,1004,2024-03-23 22:00:00,1857.66,1,Electronics,28.8,COD,Bihar,Semi-Urban,11,0,2,9,0.0,0.9,714,121,0.1695,2,9,3,0,3,200.8,4,1,0,4.37,1671,1857.66,0,0,1,0
ORD001992,16831,1531,2024-03-23 23:00:00,596.68,2,Home,5.3,Credit Card,Karnataka,Urban,14,3,1,10,0.2143,3.2,786,23,0.0293,2,9,1,0,3,70.8,2,1,0,4.26,634,0.0,0,0,1,0
ORD001993,11521,1389,2024-03-24 00:00:00,798.43,2,Footwear,15.4,COD,Karnataka,Semi-Urban,10,2,0,8,0.2,7.9,723,65,0.0899,1,3,3,0,1,149.8,4,1,0,3.28,1993,798.43,1,1,1,0
ORD001994,10826,1709,2024-03-24 01:00:00,816.37,1,Fashion,9.6,Wallet,Delhi,Urban,12,3,3,6,0.25,4.1,702,27,0.0385,4,11,3,0,5,229.6,2,1,0,3.89,1266,0.0,0,0,1,0
ORD001995,14822,1570,2024-03-24 02:00:00,637.56,1,Electronics,19.7,Wallet,Bihar,Urban,14,2,1,11,0.1429,6.4,770,171,0.2221,0,3,4,0,2,84.1,3,1,0,4.15,1023,0.0,0,1,1,0
ORD001996,11500,1447,2024-03-24 03:00:00,372.77,1,Beauty,8.8,UPI,Maharashtra,Urban,10,1,2,7,0.1,4.3,720,98,0.1361,3,8,4,0,3,171.4,6,1,0,4.0,1990,0.0,0,0,1,1
ORD001997,16737,1753,2024-03-24 04:00:00,155.6,1,Beauty,39.1,UPI,Karnataka,Semi-Urban,7,0,0,7,0.0,37.5,753,25,0.0332,1,8,2,0,7,62.1,2,1,0,4.56,1964,0.0,0,0,1,1
ORD001998,13294,1145,2024-03-24 05:00:00,2246.82,1,Home,24.7,UPI,Karnataka,Urban,9,0,0,9,0.0,13.0,808,97,0.12,5,12,3,0,3,87.8,4,1,0,4.07,1261,0.0,0,0,1,0
ORD001999,15085,1387,2024-03-24 06:00:00,431.67,1,Fashion,12.3,COD,Bihar,Urban,7,3,0,4,0.4286,28.0,789,248,0.3143,1,6,3,0,3,154.9,5,1,0,3.3,1268,431.67,0,0,0,1
ORD002000,12419,1784,2024-03-24 07:00:00,2807.1,4,Footwear,2.9,COD,Bihar,Urban,6,1,0,5,0.1667,9.2,737,17,0.0231,2,5,4,0,3,117.3,6,1,0,4.33,130,2807.1,0,0,0,0
ORD002001,10934,1248,2024-03-24 08:00:00,1708.97,1,Fashion,10.6,Credit Card,Delhi,Urban,7,2,1,4,0.2857,15.0,772,256,0.3316,3,4,4,0,3,31.0,3,1,0,3.5,440,0.0,1,0,0,0
ORD002002,13042,1525,2024-03-24 09:00:00,859.7,2,Beauty,7.1,Credit Card,West Bengal,Urban,9,0,0,9,0.0,23.5,748,164,0.2193,1,5,4,0,4,12.6,4,1,0,3.81,832,0.0,0,0,0,0
ORD002003,14497,1461,2024-03-24 10:00:00,1587.4,1,Fashion,20.2,Debit Card,West Bengal,Urban,10,0,4,6,0.0,1.8,759,159,0.2095,1,10,7,0,4,150.2,1,1,0,3.83,90,0.0,0,1,0,0
ORD002004,11466,1012,2024-03-24 11:00:00,1415.28,2,Beauty,15.8,Debit Card,West Bengal,Rural,9,2,0,7,0.2222,7.3,747,10,0.0134,0,1,2,0,2,102.1,4,1,0,4.21,1650,0.0,0,1,0,0
ORD002005,13561,1383,2024-03-24 12:00:00,566.19,1,Electronics,16.0,COD,Karnataka,Urban,7,0,0,7,0.0,82.6,699,28,0.0401,4,10,8,0,4,172.9,2,1,0,4.22,836,566.19,0,0,0,1
ORD002006,10614,1555,2024-03-24 13:00:00,1086.82,2,Electronics,12.4,UPI,Delhi,Urban,12,1,0,11,0.0833,48.4,794,59,0.0743,1,5,3,0,2,40.7,4,1,0,4.85,629,0.0,1,0,0,0
ORD002007,15392,1398,2024-03-24 14:00:00,609.17,2,Beauty,22.8,UPI,West Bengal,Rural,8,0,0,8,0.0,65.9,811,13,0.016,3,5,2,0,3,129.8,5,1,0,4.51,1776,0.0,0,0,0,0
ORD002008,17693,1018,2024-03-24 15:00:00,1623.72,2,Footwear,11.7,Debit Card,Bihar,Urban,7,1,0,6,0.1429,1.0,748,1,0.0013,2,7,3,0,1,107.5,3,1,0,4.35,65,0.0,0,0,0,0
ORD002009,11182,1574,2024-03-24 16:00:00,713.99,1,Footwear,13.4,COD,Karnataka,Semi-Urban,6,1,0,5,0.1667,20.8,737,82,0.1113,7,11,4,0,6,192.8,7,1,0,4.04,1247,713.99,0,0,0,1
ORD002010,13223,1490,2024-03-24 17:00:00,1034.86,2,Fashion,8.1,UPI,Karnataka,Urban,7,0,0,7,0.0,8.1,721,64,0.0888,1,6,1,0,3,33.1,3,1,0,4.67,331,0.0,0,0,0,0
ORD002011,17138,1750,2024-03-24 18:00:00,1008.4,1,Beauty,11.7,COD,Bihar,Rural,8,2,0,6,0.25,46.6,750,44,0.0587,2,5,3,0,3,198.3,2,1,0,4.66,931,1008.4,0,0,0,0
ORD002012,12667,1418,2024-03-24 19:00:00,1179.62,1,Home,5.0,COD,Delhi,Rural,10,2,0,8,0.2,22.7,747,44,0.0589,2,11,1,0,1,85.5,1,1,0,3.97,460,1179.62,0,0,0,0
ORD002013,16331,1336,2024-03-24 20:00:00,2973.61,1,Footwear,8.1,COD,Delhi,Urban,11,3,1,7,0.2727,5.3,777,247,0.3179,1,5,2,0,2,37.0,2,1,0,4.24,731,2973.61,0,0,0,0
ORD002014,17980,1418,2024-03-24 21:00:00,949.01,1,Footwear,7.9,Wallet,West Bengal,Urban,8,0,0,8,0.0,1.8,780,29,0.0372,3,8,3,0,3,228.2,3,1,0,3.88,1110,0.0,0,0,0,0
ORD002015,15217,1611,2024-03-24 22:00:00,2277.32,1,Electronics,6.1,UPI,Bihar,Urban,10,0,3,7,0.0,30.3,707,27,0.0382,2,6,3,0,3,182.9,4,1,0,4.14,1683,0.0,0,2,1,0
ORD002016,10130,1674,2024-03-24 23:00:00,1462.64,2,Footwear,32.8,UPI,Maharashtra,Rural,8,1,0,7,0.125,66.4,739,2,0.0027,2,5,1,0,3,155.1,2,1,0,4.22,499,0.0,0,0,1,0
ORD002017,16948,1121,2024-03-25 00:00:00,2568.41,1,Footwear,34.8,COD,Delhi,Urban,9,0,2,7,0.0,9.7,770,171,0.2221,2,5,3,0,4,68.3,2,0,0,4.08,723,2568.41,0,1,1,0
ORD002018,15290,1431,2024-03-25 01:00:00,895.1,1,Footwear,13.9,UPI,West Bengal,Rural,5,1,0,4,0.2,14.2,747,134,0.1794,1,6,3,0,4,52.7,5,0,0,4.35,1456,0.0,0,0,1,0
ORD002019,12983,1043,2024-03-25 02:00:00,1665.17,1,Beauty,5.7,Debit Card,Karnataka,Semi-Urban,9,2,0,7,0.2222,33.0,709,101,0.1425,0,2,4,0,5,364.7,3,0,0,3.89,1253,0.0,1,0,1,0
ORD002020,17129,1316,2024-03-25 03:00:00,1058.32,2,Beauty,24.7,COD,Delhi,Urban,5,0,0,5,0.0,22.4,720,138,0.1917,1,3,6,0,1,246.4,1,0,0,4.25,1531,1058.32,0,0,1,0
ORD002021,14278,1380,2024-03-25 04:00:00,182.43,1,Electronics,26.7,Wallet,Maharashtra,Semi-Urban,6,0,2,4,0.0,24.1,741,26,0.0351,5,7,5,0,3,61.9,3,0,0,4.27,737,0.0,1,0,1,0
ORD002022,17126,1144,2024-03-25 05:00:00,570.26,1,Fashion,14.7,COD,Karnataka,Urban,9,1,2,6,0.1111,7.7,787,119,0.1512,4,6,3,0,4,140.1,4,0,0,4.46,1492,570.26,0,0,1,0
ORD002023,14459,1326,2024-03-25 06:00:00,1555.3,2,Footwear,41.2,Wallet,Karnataka,Urban,10,5,0,5,0.5,2.8,771,185,0.2399,4,8,3,0,4,147.1,3,0,0,4.78,692,0.0,1,1,0,0
ORD002024,10038,1362,2024-03-25 07:00:00,1494.82,1,Fashion,37.1,UPI,Bihar,Urban,10,0,1,9,0.0,16.0,750,89,0.1187,1,3,5,1,3,255.4,4,0,0,4.58,628,0.0,0,0,0,1
ORD002025,17694,1049,2024-03-25 08:00:00,504.22,1,Beauty,25.3,COD,Bihar,Urban,5,1,1,3,0.2,20.2,771,91,0.118,2,3,6,0,2,156.7,3,0,0,4.24,1170,504.22,0,0,0,0
ORD002026,13959,1064,2024-03-25 09:00:00,1251.65,1,Footwear,10.5,COD,Delhi,Urban,10,2,2,6,0.2,36.8,732,129,0.1762,1,9,6,0,2,113.5,3,0,0,3.64,713,1251.65,0,0,0,1
ORD002027,16640,1354,2024-03-25 10:00:00,1483.2,2,Fashion,16.8,COD,Maharashtra,Urban,13,0,1,12,0.0,2.1,779,117,0.1502,3,4,3,0,2,46.0,5,0,0,3.88,1510,1483.2,0,0,0,0
ORD002028,13587,1799,2024-03-25 11:00:00,1074.06,2,Fashion,5.7,COD,Bihar,Semi-Urban,7,1,2,4,0.1429,5.2,768,56,0.0729,2,7,3,1,2,137.4,4,0,0,4.08,1266,1074.06,0,1,0,0
ORD002029,15468,1163,2024-03-25 12:00:00,1698.14,1,Home,30.0,UPI,West Bengal,Semi-Urban,10,3,0,7,0.3,6.4,744,90,0.121,1,1,2,0,4,178.0,5,0,0,3.66,1186,0.0,2,0,0,0
ORD002030,17125,1140,2024-03-25 13:00:00,1564.83,1,Beauty,5.6,COD,Karnataka,Rural,8,0,1,7,0.0,19.7,768,65,0.0846,1,5,3,0,3,102.3,4,0,0,4.24,1063,1564.83,0,0,0,0
ORD002031,10920,1127,2024-03-25 14:00:00,1073.75,1,Electronics,12.2,Wallet,West Bengal,Semi-Urban,8,1,0,7,0.125,13.3,783,96,0.1226,0,5,2,0,3,363.4,3,0,0,4.34,960,0.0,0,0,0,0
ORD002032,17564,1397,2024-03-25 15:00:00,807.15,2,Electronics,23.4,Credit Card,Karnataka,Semi-Urban,4,0,0,4,0.0,30.6,739,42,0.0568,3,11,2,0,2,401.9,7,0,0,4.67,1875,0.0,0,0,0,1
ORD002033,12769,1462,2024-03-25 16:00:00,2049.86,3,Home,15.5,Debit Card,West Bengal,Urban,7,1,1,5,0.1429,49.3,736,13,0.0177,2,12,5,0,1,86.4,5,0,0,4.92,1733,0.0,0,0,0,0
ORD002034,17328,1750,2024-03-25 17:00:00,1447.94,1,Fashion,19.1,UPI,Karnataka,Urban,11,3,1,7,0.2727,24.3,705,36,0.0511,4,11,3,0,6,165.7,2,0,0,4.49,35,0.0,0,2,0,0
ORD002035,14111,1186,2024-03-25 18:00:00,478.73,1,Home,22.7,COD,Bihar,Urban,9,1,1,7,0.1111,51.2,740,185,0.25,1,10,2,0,5,157.3,3,0,0,3.94,1297,478.73,0,0,0,1
ORD002036,10492,1719,2024-03-25 19:00:00,1252.05,2,Home,3.9,COD,West Bengal,Urban,5,1,1,3,0.2,26.8,757,57,0.0753,1,4,3,0,2,178.1,3,0,0,4.18,1179,1252.05,0,0,0,0
ORD002037,15545,1731,2024-03-25 20:00:00,549.71,2,Beauty,15.5,COD,Delhi,Semi-Urban,11,0,2,9,0.0,22.2,719,183,0.2545,2,11,3,0,2,65.3,7,0,0,4.2,1571,549.71,1,0,0,1
ORD002038,11131,1189,2024-03-25 21:00:00,614.78,3,Footwear,8.4,UPI,Delhi,Semi-Urban,8,2,2,4,0.25,19.4,730,145,0.1986,3,3,2,0,1,151.7,4,0,0,4.11,1195,0.0,0,0,0,0
ORD002039,17037,1387,2024-03-25 22:00:00,741.63,2,Fashion,20.5,Credit Card,Maharashtra,Rural,12,1,1,10,0.0833,17.4,670,19,0.0284,1,8,2,0,3,108.4,2,0,0,4.3,273,0.0,0,0,1,0
ORD002040,13521,1428,2024-03-25 23:00:00,1126.56,3,Electronics,18.4,COD,Maharashtra,Urban,9,1,2,6,0.1111,4.7,733,142,0.1937,3,8,1,0,3,222.9,1,0,0,4.23,1195,1126.56,0,1,1,0
ORD002041,10310,1283,2024-03-26 00:00:00,1372.91,1,Electronics,15.8,COD,Maharashtra,Semi-Urban,10,0,0,10,0.0,17.0,759,57,0.0751,0,3,6,0,3,86.6,7,0,0,4.12,1524,1372.91,0,0,1,0
ORD002042,10738,1236,2024-03-26 01:00:00,858.03,1,Home,20.8,UPI,West Bengal,Rural,8,0,3,5,0.0,37.5,755,10,0.0132,1,4,2,0,3,71.7,4,0,0,3.98,1531,0.0,0,0,1,0
ORD002043,13241,1193,2024-03-26 02:00:00,880.85,1,Home,46.2,UPI,Karnataka,Urban,12,2,3,7,0.1667,19.8,766,84,0.1097,2,4,4,0,2,210.6,7,0,0,5.0,704,0.0,0,0,1,0
ORD002044,10545,1286,2024-03-26 03:00:00,810.83,2,Home,11.2,COD,Maharashtra,Urban,5,3,0,2,0.6,14.0,734,134,0.1826,2,5,4,0,2,151.8,2,0,0,4.41,1872,810.83,2,0,1,0
ORD002045,12461,1770,2024-03-26 04:00:00,2055.98,1,Fashion,1.9,COD,Bihar,Rural,12,0,3,9,0.0,70.3,756,83,0.1098,3,6,3,1,2,307.9,3,0,0,4.5,566,2055.98,0,0,1,0
ORD002046,14346,1757,2024-03-26 05:00:00,197.99,1,Home,5.8,Credit Card,Delhi,Semi-Urban,9,0,0,9,0.0,0.5,728,194,0.2665,1,6,4,0,4,185.6,4,0,0,3.86,921,0.0,0,1,1,0
ORD002047,14854,1135,2024-03-26 06:00:00,911.23,1,Home,7.9,Credit Card,Delhi,Semi-Urban,11,2,1,8,0.1818,3.4,709,27,0.0381,0,2,1,0,3,240.4,3,0,0,3.98,1270,0.0,1,0,0,0
ORD002048,11804,1791,2024-03-26 07:00:00,2771.08,1,Footwear,23.5,COD,Bihar,Rural,6,2,0,4,0.3333,56.5,802,100,0.1247,1,2,4,0,7,68.8,2,0,0,3.59,1587,2771.08,2,0,0,1
ORD002049,13212,1782,2024-03-26 08:00:00,1495.68,3,Fashion,4.9,Debit Card,Delhi,Semi-Urban,9,0,1,8,0.0,3.2,759,40,0.0527,2,11,1,1,3,82.3,4,0,0,3.73,268,0.0,0,0,0,0
ORD002050,15393,1170,2024-03-26 09:00:00,2345.16,1,Beauty,8.0,Credit Card,West Bengal,Urban,12,0,1,11,0.0,20.3,760,38,0.05,2,7,4,0,2,149.6,4,0,0,4.36,917,0.0,0,0,0,1
ORD002051,17583,1158,2024-03-26 10:00:00,323.58,1,Beauty,8.3,UPI,Bihar,Semi-Urban,10,3,0,7,0.3,63.0,783,76,0.0971,3,7,5,0,4,234.7,2,0,0,4.09,720,0.0,2,0,0,0
ORD002052,15727,1200,2024-03-26 11:00:00,520.43,2,Footwear,33.5,COD,West Bengal,Semi-Urban,8,0,0,8,0.0,28.9,713,115,0.1613,1,5,4,0,3,84.1,3,0,0,4.53,395,520.43,0,0,0,1
ORD002053,13810,1486,2024-03-26 12:00:00,1492.83,1,Electronics,12.3,UPI,Delhi,Urban,9,2,0,7,0.2222,14.5,759,105,0.1383,0,1,4,0,2,102.2,2,0,0,4.02,195,0.0,0,1,0,0
ORD002054,16010,1556,2024-03-26 13:00:00,2780.48,2,Beauty,6.8,COD,Bihar,Urban,10,0,0,10,0.0,2.1,721,110,0.1526,0,5,3,0,5,189.6,5,0,0,4.32,1947,2780.48,0,0,0,0
ORD002055,17206,1775,2024-03-26 14:00:00,552.94,2,Fashion,14.2,UPI,Bihar,Urban,7,0,0,7,0.0,5.7,757,38,0.0502,1,3,4,0,4,93.5,5,0,0,4.61,1881,0.0,0,0,0,0
ORD002056,10813,1582,2024-03-26 15:00:00,869.0,3,Electronics,10.6,UPI,Bihar,Semi-Urban,10,2,2,6,0.2,30.6,776,53,0.0683,2,7,2,0,1,104.0,3,0,0,3.76,1855,0.0,1,1,0,1
ORD002057,14124,1503,2024-03-26 16:00:00,1395.32,3,Home,5.1,COD,Delhi,Urban,11,0,1,10,0.0,29.5,722,124,0.1717,2,7,2,0,1,314.4,3,0,1,3.61,527,1395.32,1,0,0,0
ORD002058,15053,1370,2024-03-26 17:00:00,458.75,1,Fashion,12.9,Debit Card,Delhi,Urban,12,1,2,9,0.0833,22.0,717,40,0.0558,3,7,2,0,2,200.1,4,0,0,3.94,1820,0.0,0,0,0,0
ORD002059,12032,1102,2024-03-26 18:00:00,1499.69,1,Electronics,10.6,COD,Delhi,Semi-Urban,11,1,0,10,0.0909,18.5,752,92,0.1223,1,8,4,0,2,18.9,5,0,0,4.4,1783,1499.69,1,0,0,1
ORD002060,14572,1124,2024-03-26 19:00:00,220.21,1,Beauty,7.2,COD,Maharashtra,Urban,8,0,0,8,0.0,8.6,756,140,0.1852,3,7,2,0,5,251.8,5,0,0,3.32,243,220.21,0,0,0,0
ORD002061,14413,1312,2024-03-26 20:00:00,1473.42,1,Home,27.6,COD,Maharashtra,Rural,3,0,1,2,0.0,25.7,763,163,0.2136,1,7,1,0,4,88.5,2,0,0,4.68,1536,1473.42,1,0,0,1
ORD002062,10244,1797,2024-03-26 21:00:00,603.62,1,Home,5.9,UPI,Karnataka,Rural,10,0,2,8,0.0,73.6,733,35,0.0477,3,4,2,0,2,41.1,4,0,0,3.53,1764,0.0,0,0,0,0
ORD002063,14843,1457,2024-03-26 22:00:00,838.36,1,Fashion,45.4,COD,Bihar,Urban,9,3,1,5,0.3333,26.6,702,67,0.0954,5,15,2,0,1,98.6,6,0,0,3.69,559,838.36,0,0,1,0
ORD002064,14792,1229,2024-03-26 23:00:00,1621.54,3,Home,17.8,COD,Delhi,Urban,10,0,2,8,0.0,53.4,742,151,0.2035,3,6,4,0,2,52.4,4,0,0,3.66,813,1621.54,1,0,1,1
ORD002065,10271,1657,2024-03-27 00:00:00,1434.18,1,Electronics,5.8,COD,Bihar,Urban,7,0,0,7,0.0,31.5,803,181,0.2254,1,7,4,0,3,140.5,5,0,0,4.47,1283,1434.18,1,0,1,1
ORD002066,13511,1196,2024-03-27 01:00:00,1091.39,1,Footwear,25.8,COD,West Bengal,Urban,6,0,2,4,0.0,34.9,757,54,0.0713,2,4,1,0,4,227.0,7,0,0,4.07,1487,1091.39,0,0,1,1
ORD002067,11771,1732,2024-03-27 02:00:00,1961.42,1,Beauty,3.8,COD,West Bengal,Semi-Urban,7,0,0,7,0.0,3.5,733,103,0.1405,1,3,4,0,2,71.6,2,0,0,3.85,964,1961.42,0,0,1,0
ORD002068,11262,1422,2024-03-27 03:00:00,395.4,1,Fashion,35.3,COD,Delhi,Urban,7,1,1,5,0.1429,2.6,741,75,0.1012,2,9,2,0,2,69.1,6,0,0,3.78,1087,395.4,0,0,1,1
ORD002069,12424,1571,2024-03-27 04:00:00,1239.73,4,Footwear,19.0,COD,Maharashtra,Urban,9,0,0,9,0.0,9.5,783,272,0.3474,3,7,3,0,2,125.6,2,0,0,3.94,740,1239.73,0,0,1,0
ORD002070,14361,1609,2024-03-27 05:00:00,682.59,1,Footwear,17.4,COD,Karnataka,Urban,7,0,0,7,0.0,11.8,754,113,0.1499,0,7,3,0,2,271.7,5,0,0,4.53,1002,682.59,0,0,1,1
ORD002071,17069,1170,2024-03-27 06:00:00,1902.3,2,Fashion,12.5,UPI,Maharashtra,Urban,5,0,0,5,0.0,25.4,749,117,0.1562,0,2,3,0,4,96.5,4,0,0,3.6,204,0.0,1,0,0,1
ORD002072,10920,1381,2024-03-27 07:00:00,1656.13,1,Electronics,11.6,COD,Bihar,Urban,13,3,1,9,0.2308,12.7,799,82,0.1026,1,6,1,0,5,77.5,4,0,0,3.96,1985,1656.13,0,1,0,1
ORD002073,13430,1172,2024-03-27 08:00:00,1692.58,1,Beauty,11.0,COD,Maharashtra,Semi-Urban,7,0,2,5,0.0,9.6,718,68,0.0947,3,8,4,0,3,63.4,4,0,0,3.93,836,1692.58,1,0,0,1
ORD002074,14435,1662,2024-03-27 09:00:00,2943.13,1,Fashion,46.7,COD,Delhi,Urban,7,0,2,5,0.0,128.5,743,36,0.0485,0,5,3,0,2,151.0,2,0,0,3.78,1305,2943.13,0,0,0,0
ORD002075,14484,1452,2024-03-27 10:00:00,2155.57,2,Footwear,15.3,COD,Maharashtra,Urban,11,3,0,8,0.2727,22.5,770,70,0.0909,1,7,1,0,3,288.6,2,0,0,4.45,578,2155.57,1,0,0,0
ORD002076,12624,1349,2024-03-27 11:00:00,997.79,1,Footwear,12.7,Credit Card,West Bengal,Semi-Urban,14,4,2,8,0.2857,1.6,744,119,0.1599,2,5,2,0,5,304.3,4,0,0,4.31,1715,0.0,0,0,0,0
ORD002077,13760,1633,2024-03-27 12:00:00,1095.8,1,Fashion,27.6,COD,Delhi,Rural,8,0,0,8,0.0,0.5,777,182,0.2342,6,10,7,0,5,199.5,5,0,0,4.0,940,1095.8,0,0,0,1
ORD002078,12050,1493,2024-03-27 13:00:00,1572.72,1,Footwear,15.4,Wallet,Delhi,Urban,8,0,0,8,0.0,33.2,739,14,0.0189,1,6,1,0,4,267.2,3,0,0,3.92,947,0.0,0,0,0,0
ORD002079,13500,1619,2024-03-27 14:00:00,1190.0,2,Fashion,36.3,COD,Delhi,Urban,11,0,0,11,0.0,15.5,758,86,0.1135,3,9,4,0,2,22.6,5,0,0,3.65,62,1190.0,0,0,0,1
ORD002080,11165,1003,2024-03-27 15:00:00,1674.22,2,Fashion,4.5,COD,Maharashtra,Urban,7,0,1,6,0.0,56.3,719,82,0.114,1,8,2,0,3,18.1,2,0,0,4.22,1376,1674.22,0,0,0,1
ORD002081,10375,1092,2024-03-27 16:00:00,287.67,1,Beauty,21.1,Credit Card,West Bengal,Urban,17,0,2,15,0.0,34.1,760,90,0.1184,1,6,5,0,2,23.1,1,0,0,4.25,793,0.0,0,1,0,0
ORD002082,17837,1005,2024-03-27 17:00:00,3389.65,1,Fashion,5.0,Wallet,Maharashtra,Semi-Urban,8,0,1,7,0.0,39.4,764,42,0.055,1,6,3,0,4,78.4,2,0,0,3.47,1633,0.0,0,0,0,0
ORD002083,12033,1287,2024-03-27 18:00:00,1137.53,3,Footwear,10.7,COD,Bihar,Urban,5,0,1,4,0.0,6.1,735,115,0.1565,5,9,2,0,3,231.3,2,0,0,3.95,1941,1137.53,0,0,0,0
ORD002084,16467,1617,2024-03-27 19:00:00,414.27,2,Home,3.5,COD,Karnataka,Semi-Urban,13,1,2,10,0.0769,10.6,795,224,0.2818,2,3,4,0,2,79.5,4,0,0,4.42,1493,414.27,0,0,0,0
ORD002085,10145,1145,2024-03-27 20:00:00,633.79,2,Beauty,18.3,UPI,Karnataka,Rural,7,0,1,6,0.0,28.5,746,107,0.1434,1,11,3,0,4,77.5,3,0,0,4.41,427,0.0,1,0,0,1
ORD002086,16077,1782,2024-03-27 21:00:00,305.64,2,Footwear,12.1,UPI,Karnataka,Semi-Urban,16,1,1,14,0.0625,46.3,693,67,0.0967,0,6,7,0,2,94.6,5,0,0,3.53,936,0.0,0,1,0,0
ORD002087,14388,1423,2024-03-27 22:00:00,570.13,2,Footwear,11.8,Debit Card,Bihar,Urban,10,1,0,9,0.1,41.5,740,128,0.173,3,6,2,0,2,110.2,3,0,0,4.03,758,0.0,0,0,1,0
ORD002088,17832,1607,2024-03-27 23:00:00,1006.92,1,Beauty,20.4,COD,Bihar,Urban,11,0,2,9,0.0,10.3,717,10,0.0139,1,3,2,0,5,44.3,2,0,0,4.33,738,1006.92,0,0,1,0
ORD002089,10431,1456,2024-03-28 00:00:00,2721.2,3,Beauty,15.0,COD,Bihar,Urban,6,0,0,6,0.0,22.4,753,156,0.2072,0,7,1,0,2,61.1,7,0,0,4.07,475,2721.2,1,1,1,0
ORD002090,10704,1740,2024-03-28 01:00:00,1403.05,3,Footwear,6.0,UPI,West Bengal,Semi-Urban,8,1,1,6,0.125,0.1,758,16,0.0211,3,4,1,1,2,195.4,4,0,0,3.85,797,0.0,0,0,1,0
ORD002091,17092,1201,2024-03-28 02:00:00,1261.07,1,Home,15.2,COD,Delhi,Urban,8,2,1,5,0.25,67.6,756,66,0.0873,4,6,7,0,3,86.6,4,0,0,3.69,756,1261.07,0,0,1,0
ORD002092,16094,1211,2024-03-28 03:00:00,554.98,1,Electronics,8.5,COD,Bihar,Urban,11,0,3,8,0.0,8.2,789,62,0.0786,5,9,5,0,4,401.2,2,0,0,3.49,676,554.98,0,0,1,1
ORD002093,12632,1005,2024-03-28 04:00:00,668.68,4,Footwear,7.0,COD,Karnataka,Urban,5,0,0,5,0.0,3.3,732,63,0.0861,2,6,3,0,2,70.1,2,0,0,4.1,356,668.68,1,0,1,1
ORD002094,14494,1623,2024-03-28 05:00:00,700.53,1,Beauty,5.6,COD,Karnataka,Urban,10,4,0,6,0.4,37.4,746,28,0.0375,3,7,5,0,1,220.9,1,0,0,3.91,1949,700.53,1,0,1,0
ORD002095,16960,1375,2024-03-28 06:00:00,717.89,3,Fashion,16.5,Wallet,Maharashtra,Semi-Urban,7,1,0,6,0.1429,31.1,733,99,0.1351,3,6,4,0,3,74.7,4,0,0,4.16,1650,0.0,0,0,0,0
ORD002096,17511,1446,2024-03-28 07:00:00,888.09,1,Fashion,13.7,COD,Delhi,Rural,6,0,0,6,0.0,11.5,764,117,0.1531,2,7,2,0,2,311.5,3,0,0,3.77,1260,888.09,0,0,0,1
ORD002097,10963,1105,2024-03-28 08:00:00,929.26,1,Beauty,18.7,Debit Card,Bihar,Rural,4,0,1,3,0.0,12.7,775,130,0.1677,1,9,2,0,3,142.2,4,0,0,4.19,664,0.0,1,0,0,0
ORD002098,17307,1650,2024-03-28 09:00:00,894.76,1,Beauty,13.4,COD,Delhi,Semi-Urban,10,1,0,9,0.1,30.3,750,90,0.12,1,6,2,0,3,138.5,2,0,0,4.21,161,894.76,1,1,0,1
ORD002099,12234,1400,2024-03-28 10:00:00,733.04,1,Electronics,15.1,Credit Card,Bihar,Urban,7,0,1,6,0.0,0.6,741,129,0.1741,3,11,2,0,2,104.7,4,0,0,4.1,11,0.0,1,1,0,0
ORD002100,12041,1095,2024-03-28 11:00:00,1189.2,1,Beauty,11.5,COD,Karnataka,Urban,10,0,3,7,0.0,76.2,738,179,0.2425,0,8,3,0,2,412.7,3,0,1,4.3,568,1189.2,0,0,0,0
ORD002101,11828,1387,2024-03-28 12:00:00,908.1,1,Fashion,23.6,Wallet,Delhi,Urban,10,0,3,7,0.0,65.8,742,317,0.4272,2,8,2,0,3,197.6,1,0,0,4.02,1701,0.0,1,0,0,0
ORD002102,12108,1451,2024-03-28 13:00:00,421.01,2,Home,17.9,UPI,Delhi,Urban,8,1,0,7,0.125,12.7,733,119,0.1623,3,6,1,0,5,79.9,5,0,0,5.0,860,0.0,0,0,0,0
ORD002103,14068,1415,2024-03-28 14:00:00,1119.49,4,Beauty,3.2,COD,Bihar,Semi-Urban,14,1,0,13,0.0714,34.3,777,132,0.1699,0,6,1,0,2,26.7,5,0,0,3.86,282,1119.49,0,0,0,0
ORD002104,10938,1725,2024-03-28 15:00:00,1022.43,1,Electronics,2.4,COD,Bihar,Rural,9,3,1,5,0.3333,20.9,747,82,0.1098,1,8,4,0,1,132.6,6,0,0,4.12,70,1022.43,0,0,0,0
ORD002105,17547,1503,2024-03-28 16:00:00,425.06,1,Home,21.8,Debit Card,Delhi,Semi-Urban,11,2,0,9,0.1818,30.4,751,127,0.1691,2,8,2,0,4,291.8,2,0,0,3.93,765,0.0,0,0,0,0
ORD002106,14805,1453,2024-03-28 17:00:00,769.1,1,Electronics,2.5,UPI,Bihar,Semi-Urban,8,1,4,3,0.125,59.6,719,122,0.1697,6,9,6,0,3,94.9,3,0,0,4.86,1702,0.0,0,0,0,0
ORD002107,10806,1290,2024-03-28 18:00:00,1569.08,1,Home,3.5,COD,Delhi,Urban,9,2,2,5,0.2222,14.0,783,10,0.0128,5,10,2,0,2,147.7,3,0,0,3.76,1306,1569.08,0,0,0,1
ORD002108,11463,1533,2024-03-28 19:00:00,554.54,1,Beauty,14.3,UPI,Maharashtra,Urban,6,0,0,6,0.0,14.1,758,96,0.1266,2,5,3,0,1,321.4,3,0,0,3.79,829,0.0,0,0,0,0
ORD002109,17486,1192,2024-03-28 20:00:00,520.45,1,Fashion,29.8,COD,Delhi,Rural,9,1,0,8,0.1111,45.6,756,62,0.082,1,10,2,0,3,109.1,4,0,0,4.24,770,520.45,2,0,0,0
ORD002110,15421,1149,2024-03-28 21:00:00,902.41,1,Home,16.3,Credit Card,West Bengal,Semi-Urban,10,0,1,9,0.0,0.6,750,243,0.324,0,4,4,0,3,88.9,1,0,0,3.95,1978,0.0,1,0,0,1
ORD002111,13415,1758,2024-03-28 22:00:00,1593.61,1,Footwear,7.0,UPI,Delhi,Urban,11,0,0,11,0.0,7.4,763,127,0.1664,5,8,2,0,3,120.8,2,0,0,3.67,291,0.0,0,0,1,0
ORD002112,10010,1778,2024-03-28 23:00:00,3249.31,1,Electronics,12.6,COD,Maharashtra,Urban,12,7,0,5,0.5833,3.8,740,59,0.0797,0,6,1,0,5,125.7,6,0,0,4.23,140,3249.31,0,1,1,1
ORD002113,15181,1762,2024-03-29 00:00:00,1628.41,2,Home,12.8,COD,Maharashtra,Urban,9,0,1,8,0.0,56.9,741,86,0.1161,1,6,5,0,4,164.5,5,0,0,4.06,863,1628.41,0,0,1,0
ORD002114,11868,1514,2024-03-29 01:00:00,2102.53,1,Electronics,7.9,COD,Karnataka,Semi-Urban,10,1,0,9,0.1,20.8,739,140,0.1894,2,11,5,0,2,74.1,3,0,0,3.95,1879,2102.53,0,0,1,1
ORD002115,16369,1392,2024-03-29 02:00:00,1350.21,3,Fashion,3.6,Debit Card,Karnataka,Urban,7,2,1,4,0.2857,1.0,694,86,0.1239,1,5,2,0,2,198.9,1,0,0,3.5,871,0.0,0,0,1,1
ORD002116,17320,1315,2024-03-29 03:00:00,727.0,3,Electronics,18.8,UPI,West Bengal,Urban,9,1,0,8,0.1111,13.5,745,64,0.0859,5,13,4,0,1,23.5,2,0,0,3.46,1187,0.0,0,0,1,0
ORD002117,17878,1075,2024-03-29 04:00:00,1621.37,4,Electronics,27.6,UPI,Bihar,Semi-Urban,9,0,1,8,0.0,43.6,759,53,0.0698,2,6,3,1,2,245.1,7,0,0,4.16,1555,0.0,0,0,1,0
ORD002118,16707,1598,2024-03-29 05:00:00,1041.73,3,Footwear,9.3,COD,Bihar,Semi-Urban,9,3,0,6,0.3333,2.5,743,18,0.0242,3,11,4,0,5,72.1,4,0,0,4.61,1280,1041.73,0,0,1,1
ORD002119,14867,1269,2024-03-29 06:00:00,1375.02,1,Electronics,7.6,COD,Maharashtra,Urban,7,1,0,6,0.1429,8.7,766,194,0.2533,2,7,2,0,2,440.2,7,0,0,3.87,397,1375.02,0,0,0,1
ORD002120,15690,1224,2024-03-29 07:00:00,621.65,1,Home,13.5,Credit Card,Maharashtra,Urban,9,0,1,8,0.0,56.2,752,173,0.2301,2,7,2,0,6,23.8,3,0,0,3.83,1667,0.0,0,0,0,0
ORD002121,15703,1529,2024-03-29 08:00:00,1450.8,1,Electronics,26.1,COD,Karnataka,Semi-Urban,6,0,1,5,0.0,1.7,747,158,0.2115,0,3,1,0,4,374.5,2,0,0,3.99,388,1450.8,1,0,0,1
ORD002122,17827,1112,2024-03-29 09:00:00,1020.14,2,Beauty,27.6,COD,Maharashtra,Urban,13,1,0,12,0.0769,138.8,813,151,0.1857,0,4,1,0,1,233.3,2,0,0,3.85,1106,1020.14,0,0,0,0
ORD002123,17742,1250,2024-03-29 10:00:00,1259.86,3,Electronics,6.1,COD,Delhi,Urban,3,0,0,3,0.0,9.3,698,114,0.1633,1,7,2,0,2,92.0,1,0,0,3.68,566,1259.86,1,0,0,1
ORD002124,15429,1232,2024-03-29 11:00:00,1042.06,3,Beauty,12.3,UPI,Delhi,Rural,14,0,2,12,0.0,1.0,729,43,0.059,0,5,3,0,3,97.8,7,0,0,4.09,532,0.0,0,0,0,0
ORD002125,10884,1790,2024-03-29 12:00:00,928.6,1,Electronics,16.9,COD,West Bengal,Semi-Urban,16,4,1,11,0.25,4.3,759,44,0.058,1,6,2,1,2,156.0,3,0,0,4.07,739,928.6,2,0,0,0
ORD002126,17410,1713,2024-03-29 13:00:00,1466.76,2,Electronics,16.7,COD,Delhi,Semi-Urban,8,1,0,7,0.125,25.6,762,124,0.1627,3,10,5,0,3,123.3,6,0,0,4.24,163,1466.76,0,1,0,0
ORD002127,13564,1082,2024-03-29 14:00:00,859.5,1,Home,11.4,UPI,West Bengal,Semi-Urban,18,3,0,15,0.1667,3.6,777,44,0.0566,2,3,2,0,6,138.4,2,0,0,4.24,160,0.0,1,0,0,1
ORD002128,11389,1124,2024-03-29 15:00:00,422.75,1,Beauty,6.8,UPI,Karnataka,Urban,11,1,3,7,0.0909,35.9,807,27,0.0335,2,9,3,0,1,174.5,3,0,0,4.37,1290,0.0,1,0,0,0
ORD002129,13401,1174,2024-03-29 16:00:00,356.24,2,Beauty,8.0,COD,Delhi,Rural,13,0,4,9,0.0,12.6,739,34,0.046,3,10,4,0,2,379.4,2,0,0,3.67,748,356.24,1,1,0,0
ORD002130,17274,1068,2024-03-29 17:00:00,1224.94,1,Footwear,4.4,COD,West Bengal,Rural,12,2,2,8,0.1667,57.0,753,35,0.0465,3,7,1,0,2,85.3,3,0,0,4.68,1875,1224.94,0,0,0,0
ORD002131,14321,1046,2024-03-29 18:00:00,838.55,4,Electronics,14.0,UPI,Bihar,Semi-Urban,7,2,0,5,0.2857,2.1,789,40,0.0507,1,6,2,0,3,369.2,5,0,0,3.86,1993,0.0,0,0,0,1
ORD002132,10824,1255,2024-03-29 19:00:00,388.6,1,Electronics,16.8,Debit Card,West Bengal,Semi-Urban,14,2,3,9,0.1429,12.6,724,56,0.0773,3,7,4,0,1,427.9,3,0,0,3.83,1126,0.0,0,0,0,0
ORD002133,12265,1726,2024-03-29 20:00:00,1169.02,3,Home,28.8,COD,Delhi,Semi-Urban,10,2,0,8,0.2,22.3,737,28,0.038,0,3,2,0,4,63.9,3,0,0,3.3,84,1169.02,0,0,0,0
ORD002134,10936,1029,2024-03-29 21:00:00,1036.57,1,Footwear,29.5,COD,West Bengal,Semi-Urban,13,1,0,12,0.0769,46.7,801,73,0.0911,1,2,3,0,3,86.9,6,0,0,4.92,1251,1036.57,0,0,0,0
ORD002135,12800,1280,2024-03-29 22:00:00,812.59,2,Footwear,17.7,COD,Karnataka,Urban,7,0,1,6,0.0,19.2,772,71,0.092,4,8,1,0,6,262.2,6,0,0,5.0,880,812.59,0,0,1,0
ORD002136,12553,1236,2024-03-29 23:00:00,1271.67,2,Home,10.9,COD,Maharashtra,Urban,4,0,0,4,0.0,34.7,766,15,0.0196,2,9,6,0,2,279.6,3,0,0,3.96,951,1271.67,0,0,1,0
ORD002137,16402,1247,2024-03-30 00:00:00,2414.04,3,Beauty,14.2,COD,Bihar,Urban,9,2,0,7,0.2222,24.7,731,80,0.1094,0,6,3,0,4,77.7,4,1,0,4.24,386,2414.04,1,1,1,0
ORD002138,16007,1367,2024-03-30 01:00:00,2370.26,1,Fashion,1.3,COD,Karnataka,Urban,9,4,1,4,0.4444,8.5,773,39,0.0505,3,8,5,0,4,360.7,5,1,0,3.74,465,2370.26,0,0,1,0
ORD002139,13845,1494,2024-03-30 02:00:00,1195.43,3,Home,18.6,UPI,Bihar,Urban,9,0,0,9,0.0,12.9,731,195,0.2668,3,6,4,0,5,106.2,3,1,0,4.03,612,0.0,1,0,1,0
ORD002140,17684,1024,2024-03-30 03:00:00,1042.29,1,Beauty,4.6,UPI,Bihar,Urban,10,4,0,6,0.4,46.4,793,86,0.1084,1,7,1,0,4,12.5,2,1,0,4.74,1899,0.0,0,1,1,0
ORD002141,11796,1585,2024-03-30 04:00:00,1205.49,1,Footwear,6.4,COD,West Bengal,Semi-Urban,11,2,1,8,0.1818,2.9,742,53,0.0714,0,9,2,0,2,176.9,3,1,0,3.69,1218,1205.49,0,0,1,0
ORD002142,10053,1717,2024-03-30 05:00:00,1320.02,1,Home,10.9,UPI,Maharashtra,Urban,9,1,3,5,0.1111,86.3,744,179,0.2406,2,8,1,0,2,47.1,3,1,0,3.7,67,0.0,0,0,1,0
ORD002143,17214,1489,2024-03-30 06:00:00,933.57,2,Fashion,12.3,COD,West Bengal,Semi-Urban,12,4,2,6,0.3333,24.9,751,52,0.0692,0,6,6,0,2,72.2,1,1,0,3.99,1237,933.57,0,1,0,0
ORD002144,10726,1493,2024-03-30 07:00:00,1217.71,1,Electronics,9.1,COD,West Bengal,Urban,9,1,2,6,0.1111,13.7,741,82,0.1107,0,5,3,0,2,163.5,2,1,0,3.66,934,1217.71,0,0,0,1
ORD002145,12736,1313,2024-03-30 08:00:00,426.59,2,Home,14.6,Credit Card,Delhi,Urban,7,0,2,5,0.0,50.5,790,166,0.2101,4,5,3,0,3,194.1,7,1,0,4.46,609,0.0,1,0,0,0
ORD002146,15640,1605,2024-03-30 09:00:00,1151.49,2,Fashion,18.5,COD,West Bengal,Semi-Urban,11,1,0,10,0.0909,21.2,726,86,0.1185,0,7,2,0,2,138.1,2,1,0,4.53,396,1151.49,1,1,0,1
ORD002147,13170,1374,2024-03-30 10:00:00,1459.85,1,Fashion,15.8,COD,Maharashtra,Urban,7,0,1,6,0.0,29.9,757,41,0.0542,4,6,5,0,3,33.5,3,1,0,4.49,1631,1459.85,1,0,0,0
ORD002148,15139,1638,2024-03-30 11:00:00,817.37,3,Home,6.2,UPI,Karnataka,Semi-Urban,6,2,0,4,0.3333,2.7,747,47,0.0629,1,6,5,1,3,353.8,7,1,0,4.17,895,0.0,0,0,0,0
ORD002149,11913,1024,2024-03-30 12:00:00,1035.58,1,Beauty,16.4,UPI,West Bengal,Semi-Urban,13,1,1,11,0.0769,44.1,732,65,0.0888,2,3,2,0,4,49.9,2,1,0,4.3,1802,0.0,1,0,0,0
ORD002150,15872,1333,2024-03-30 13:00:00,562.9,3,Home,10.8,COD,Maharashtra,Urban,9,0,0,9,0.0,61.5,721,14,0.0194,2,7,4,0,1,24.2,3,1,0,3.98,1028,562.9,0,0,0,1
ORD002151,11596,1354,2024-03-30 14:00:00,517.92,1,Footwear,21.9,COD,West Bengal,Urban,10,3,0,7,0.3,2.3,762,90,0.1181,2,10,4,0,3,483.5,5,1,0,3.44,343,517.92,0,0,0,1
ORD002152,11914,1115,2024-03-30 15:00:00,1244.5,1,Fashion,12.9,UPI,Bihar,Urban,13,2,1,10,0.1538,6.4,815,170,0.2086,2,4,4,0,3,170.0,2,1,0,3.83,979,0.0,1,1,0,0
ORD002153,17657,1047,2024-03-30 16:00:00,707.87,1,Fashion,29.1,Debit Card,West Bengal,Semi-Urban,12,0,0,12,0.0,13.1,752,101,0.1343,2,5,4,0,6,141.8,3,1,0,3.62,65,0.0,1,0,0,0
ORD002154,12466,1737,2024-03-30 17:00:00,377.63,1,Electronics,2.3,Wallet,Delhi,Semi-Urban,10,4,0,6,0.4,17.8,716,97,0.1355,1,6,2,0,3,103.0,5,1,0,4.25,1727,0.0,0,0,0,0
ORD002155,12737,1777,2024-03-30 18:00:00,562.8,1,Fashion,5.0,Wallet,Bihar,Semi-Urban,7,0,0,7,0.0,59.0,739,75,0.1015,2,9,4,0,3,229.1,1,1,0,3.85,194,0.0,0,0,0,0
ORD002156,10849,1098,2024-03-30 19:00:00,614.11,1,Electronics,19.9,COD,Maharashtra,Urban,9,0,1,8,0.0,167.8,753,44,0.0584,1,4,2,0,1,225.5,3,1,0,4.27,1420,614.11,2,0,0,1
ORD002157,12109,1458,2024-03-30 20:00:00,1745.42,1,Fashion,10.8,COD,West Bengal,Urban,8,0,0,8,0.0,34.3,735,48,0.0653,4,8,6,0,3,108.7,5,1,0,4.65,1007,1745.42,0,0,0,0
ORD002158,17312,1522,2024-03-30 21:00:00,1221.05,1,Fashion,4.3,COD,Bihar,Urban,7,0,0,7,0.0,33.8,780,160,0.2051,0,3,3,0,4,78.8,2,1,0,3.69,871,1221.05,0,0,0,1
ORD002159,16359,1596,2024-03-30 22:00:00,650.04,1,Home,28.3,COD,Bihar,Urban,7,1,0,6,0.1429,38.1,704,116,0.1648,4,8,5,0,6,34.8,3,1,0,4.08,769,650.04,0,0,1,1
ORD002160,10002,1404,2024-03-30 23:00:00,770.73,2,Home,8.2,COD,Karnataka,Urban,5,1,1,3,0.2,4.5,742,150,0.2022,1,6,1,0,4,133.6,2,1,0,4.01,1547,770.73,0,0,1,1
ORD002161,14255,1213,2024-03-31 00:00:00,2409.68,1,Footwear,23.2,UPI,Bihar,Urban,9,1,1,7,0.1111,13.4,757,106,0.14,4,15,4,0,3,85.7,3,1,0,4.4,1815,0.0,0,0,1,1
ORD002162,17906,1684,2024-03-31 01:00:00,1923.04,3,Beauty,4.3,COD,Maharashtra,Semi-Urban,11,0,1,10,0.0,36.4,753,126,0.1673,1,8,4,0,1,130.3,4,1,0,4.55,41,1923.04,1,0,1,0
ORD002163,14069,1502,2024-03-31 02:00:00,560.69,2,Footwear,24.1,COD,West Bengal,Rural,12,1,0,11,0.0833,58.3,736,168,0.2283,3,10,5,0,1,338.2,1,1,0,4.18,460,560.69,0,0,1,1
ORD002164,14876,1720,2024-03-31 03:00:00,2204.19,2,Fashion,9.4,UPI,Bihar,Urban,8,0,0,8,0.0,65.8,740,53,0.0716,1,6,3,0,3,177.7,2,1,0,4.12,583,0.0,1,1,1,1
ORD002165,17287,1447,2024-03-31 04:00:00,1044.84,2,Footwear,6.9,COD,Maharashtra,Rural,8,0,0,8,0.0,0.0,756,141,0.1865,3,7,5,0,2,201.6,3,1,0,3.63,906,1044.84,0,0,1,0
ORD002166,10892,1575,2024-03-31 05:00:00,1771.83,1,Home,22.2,COD,Karnataka,Semi-Urban,9,2,0,7,0.2222,64.1,727,37,0.0509,5,15,3,0,2,474.0,2,1,0,4.67,1959,1771.83,1,0,1,0
ORD002167,12030,1257,2024-03-31 06:00:00,994.28,2,Fashion,11.7,UPI,West Bengal,Rural,19,1,2,16,0.0526,73.7,755,20,0.0265,0,3,4,0,1,70.3,3,1,0,4.64,599,0.0,0,0,0,0
ORD002168,13160,1120,2024-03-31 07:00:00,2233.89,1,Fashion,10.9,COD,Delhi,Urban,13,0,0,13,0.0,0.1,754,34,0.0451,2,5,3,0,3,115.9,4,1,0,4.64,360,2233.89,0,0,0,0
ORD002169,12376,1053,2024-03-31 08:00:00,546.88,3,Footwear,14.9,Credit Card,Bihar,Rural,7,0,0,7,0.0,0.3,747,87,0.1165,2,6,4,0,2,169.5,1,1,0,3.94,177,0.0,0,0,0,1
ORD002170,14675,1330,2024-03-31 09:00:00,940.8,2,Electronics,6.0,Wallet,Bihar,Rural,8,0,0,8,0.0,7.9,713,64,0.0898,3,7,4,0,4,178.7,3,1,0,3.92,1170,0.0,0,0,0,1
ORD002171,11933,1783,2024-03-31 10:00:00,2275.32,1,Beauty,15.5,COD,Karnataka,Rural,10,0,0,10,0.0,1.5,686,58,0.0845,0,3,5,0,5,153.1,5,1,0,4.53,1339,2275.32,0,0,0,1
ORD002172,11380,1240,2024-03-31 11:00:00,260.98,2,Footwear,7.2,UPI,Maharashtra,Semi-Urban,12,0,0,12,0.0,24.2,773,65,0.0841,4,7,2,0,3,61.1,2,1,0,4.19,671,0.0,1,0,0,1
ORD002173,13681,1754,2024-03-31 12:00:00,1066.74,1,Footwear,17.0,COD,Karnataka,Urban,10,2,1,7,0.2,14.8,711,79,0.1111,1,3,4,0,2,73.5,2,1,0,4.12,1605,1066.74,0,0,0,0
ORD002174,11290,1529,2024-03-31 13:00:00,865.99,1,Beauty,15.4,Debit Card,Maharashtra,Urban,5,2,0,3,0.4,6.7,745,33,0.0443,3,11,1,0,4,66.0,3,1,0,3.79,1069,0.0,0,0,0,0
ORD002175,11640,1482,2024-03-31 14:00:00,1653.74,1,Fashion,24.5,COD,West Bengal,Rural,11,0,1,10,0.0,39.1,735,140,0.1905,3,7,4,0,4,111.6,5,1,0,4.29,183,1653.74,0,0,0,0
ORD002176,15047,1186,2024-03-31 15:00:00,2083.8,2,Fashion,20.6,Credit Card,Bihar,Urban,10,0,0,10,0.0,4.7,701,75,0.107,0,3,1,0,2,153.3,4,1,0,4.49,1749,0.0,0,0,0,0
ORD002177,17490,1655,2024-03-31 16:00:00,1699.64,2,Electronics,27.0,UPI,Delhi,Urban,9,0,1,8,0.0,36.3,704,82,0.1165,1,3,4,0,2,176.9,1,1,0,3.38,1465,0.0,0,0,0,0
ORD002178,12682,1261,2024-03-31 17:00:00,1267.24,2,Footwear,4.4,Credit Card,Karnataka,Urban,4,0,0,4,0.0,90.3,733,40,0.0546,2,8,3,0,4,41.6,3,1,0,4.9,99,0.0,0,0,0,0
ORD002179,10987,1363,2024-03-31 18:00:00,1123.65,1,Beauty,0.5,Debit Card,Delhi,Semi-Urban,12,2,0,10,0.1667,21.8,733,101,0.1378,0,2,1,0,2,445.8,7,1,0,4.28,1865,0.0,1,0,0,0
ORD002180,17708,1490,2024-03-31 19:00:00,892.81,1,Footwear,13.4,COD,Delhi,Semi-Urban,8,1,0,7,0.125,43.6,756,105,0.1389,5,8,2,0,4,308.2,4,1,0,3.63,153,892.81,0,0,0,1
ORD002181,17816,1430,2024-03-31 20:00:00,1243.87,2,Home,6.9,COD,Bihar,Rural,7,0,1,6,0.0,2.6,766,86,0.1123,2,7,4,0,1,85.6,3,1,0,3.7,891,1243.87,0,0,0,1
ORD002182,11218,1238,2024-03-31 21:00:00,2632.77,1,Footwear,7.0,Credit Card,Bihar,Rural,9,1,1,7,0.1111,9.1,758,142,0.1873,2,9,3,0,1,68.8,3,1,0,4.03,289,0.0,0,0,0,0
ORD002183,15016,1303,2024-03-31 22:00:00,666.27,2,Footwear,23.7,Credit Card,Delhi,Urban,12,1,1,10,0.0833,29.3,751,43,0.0573,2,8,1,0,3,69.5,4,1,0,4.09,946,0.0,0,0,1,0
ORD002184,16881,1297,2024-03-31 23:00:00,861.57,1,Home,22.4,UPI,West Bengal,Semi-Urban,11,2,0,9,0.1818,30.1,788,47,0.0596,2,9,3,0,4,173.4,5,1,1,3.87,277,0.0,0,0,1,0
ORD002185,11355,1075,2024-04-01 00:00:00,1048.06,1,Home,19.7,Credit Card,Delhi,Urban,8,0,1,7,0.0,3.1,735,32,0.0435,5,9,3,1,3,117.8,6,0,0,4.13,1069,0.0,1,0,1,1
ORD002186,14265,1699,2024-04-01 01:00:00,1999.31,1,Beauty,21.7,UPI,Maharashtra,Urban,10,1,0,9,0.1,62.2,732,32,0.0437,1,6,3,0,4,140.8,7,0,0,4.22,173,0.0,0,0,1,0
ORD002187,14616,1332,2024-04-01 02:00:00,1253.86,2,Fashion,23.7,Debit Card,Maharashtra,Rural,5,0,0,5,0.0,74.7,777,100,0.1287,4,9,3,0,2,222.8,4,0,0,3.48,1766,0.0,1,0,1,0
ORD002188,15582,1757,2024-04-01 03:00:00,1978.49,1,Electronics,8.2,UPI,Maharashtra,Urban,6,1,1,4,0.1667,0.8,754,23,0.0305,4,9,3,1,5,153.3,3,0,0,3.95,1276,0.0,0,0,1,0
ORD002189,14135,1641,2024-04-01 04:00:00,2039.51,1,Home,27.3,COD,Maharashtra,Urban,11,0,0,11,0.0,41.6,766,89,0.1162,1,8,2,0,3,237.8,2,0,0,4.24,317,2039.51,0,0,1,0
ORD002190,11560,1473,2024-04-01 05:00:00,1564.34,1,Fashion,2.6,UPI,Karnataka,Urban,10,1,3,6,0.1,3.7,778,96,0.1234,4,8,3,0,6,179.4,3,0,0,3.85,931,0.0,0,0,1,0
ORD002191,17428,1282,2024-04-01 06:00:00,579.17,1,Beauty,10.0,COD,West Bengal,Semi-Urban,11,0,1,10,0.0,3.3,786,74,0.0941,4,7,4,0,4,127.8,3,0,0,4.0,1787,579.17,1,1,0,0
ORD002192,11418,1590,2024-04-01 07:00:00,2971.01,1,Footwear,4.8,COD,Karnataka,Urban,10,0,2,8,0.0,30.1,731,74,0.1012,2,7,3,0,3,125.3,6,0,0,4.15,1029,2971.01,0,0,0,0
ORD002193,10954,1071,2024-04-01 08:00:00,2559.14,1,Beauty,26.7,Credit Card,Karnataka,Urban,9,1,1,7,0.1111,2.1,742,62,0.0836,3,10,3,0,2,114.1,3,0,0,3.71,1839,0.0,0,0,0,0
ORD002194,17393,1262,2024-04-01 09:00:00,1139.25,2,Beauty,2.9,COD,Maharashtra,Rural,7,1,2,4,0.1429,14.9,738,219,0.2967,1,4,4,0,4,83.5,5,0,0,4.56,1869,1139.25,0,0,0,1
ORD002195,10983,1702,2024-04-01 10:00:00,478.63,1,Home,17.6,COD,West Bengal,Urban,6,1,0,5,0.1667,12.1,748,168,0.2246,1,4,2,0,3,270.1,4,0,0,4.32,1166,478.63,0,0,0,1
ORD002196,17291,1574,2024-04-01 11:00:00,429.96,2,Electronics,12.7,COD,West Bengal,Urban,10,4,1,5,0.4,28.4,751,66,0.0879,5,9,3,0,5,104.9,7,0,0,3.93,320,429.96,0,0,0,1
ORD002197,10974,1011,2024-04-01 12:00:00,1277.41,2,Home,15.7,COD,Delhi,Semi-Urban,5,0,5,0,0.0,39.8,740,25,0.0338,1,3,7,0,3,134.5,3,0,0,3.92,1564,1277.41,0,0,0,0
ORD002198,14133,1140,2024-04-01 13:00:00,719.78,1,Footwear,14.4,UPI,Karnataka,Semi-Urban,6,1,0,5,0.1667,5.9,719,74,0.1029,5,10,3,0,4,142.1,6,0,0,3.83,428,0.0,0,0,0,0
ORD002199,16471,1765,2024-04-01 14:00:00,391.38,1,Home,25.8,COD,West Bengal,Semi-Urban,8,0,0,8,0.0,5.1,719,126,0.1752,2,7,3,0,3,194.0,2,0,0,3.95,654,391.38,0,0,0,0
ORD002200,15370,1554,2024-04-01 15:00:00,425.12,3,Footwear,14.9,Credit Card,Bihar,Rural,8,2,0,6,0.25,59.2,724,107,0.1478,0,5,4,0,2,121.2,4,0,0,3.98,400,0.0,0,0,0,0
ORD002201,13972,1016,2024-04-01 16:00:00,827.17,1,Home,25.5,COD,Karnataka,Urban,9,1,0,8,0.1111,0.1,775,25,0.0323,1,2,1,0,4,65.9,4,0,0,3.64,1897,827.17,0,0,0,1
ORD002202,15295,1062,2024-04-01 17:00:00,1232.69,1,Electronics,27.9,COD,West Bengal,Rural,11,0,2,9,0.0,20.6,805,31,0.0385,1,6,2,0,4,24.3,2,0,0,4.05,972,1232.69,1,0,0,0
ORD002203,15721,1252,2024-04-01 18:00:00,2548.93,1,Fashion,22.3,COD,Bihar,Urban,6,2,0,4,0.3333,22.5,722,29,0.0402,1,8,3,0,3,96.4,5,0,0,4.29,329,2548.93,0,0,0,0
ORD002204,10913,1464,2024-04-01 19:00:00,1466.35,2,Electronics,13.5,COD,Bihar,Urban,14,0,0,14,0.0,42.7,738,104,0.1409,2,7,5,0,1,301.0,4,0,0,5.0,417,1466.35,0,0,0,1
ORD002205,14549,1375,2024-04-01 20:00:00,872.32,1,Home,23.3,Credit Card,Bihar,Urban,8,2,0,6,0.25,6.1,727,84,0.1155,1,5,5,0,2,245.4,2,0,0,3.66,734,0.0,0,0,0,0
ORD002206,10036,1519,2024-04-01 21:00:00,1377.42,4,Beauty,13.0,COD,Maharashtra,Rural,8,3,0,5,0.375,74.6,785,134,0.1707,2,5,4,0,3,114.2,3,0,0,4.58,399,1377.42,0,0,0,1
ORD002207,13387,1089,2024-04-01 22:00:00,1305.5,3,Fashion,17.3,COD,Delhi,Urban,11,0,3,8,0.0,1.8,746,26,0.0349,2,14,3,0,2,104.6,5,0,0,4.82,298,1305.5,1,0,1,1
ORD002208,11711,1719,2024-04-01 23:00:00,1709.11,1,Beauty,2.4,COD,Delhi,Urban,11,1,0,10,0.0909,9.1,790,103,0.1304,2,3,2,0,3,311.0,4,0,0,4.41,1936,1709.11,0,0,1,0
ORD002209,13020,1795,2024-04-02 00:00:00,1070.66,1,Electronics,7.1,Credit Card,West Bengal,Urban,9,0,0,9,0.0,7.0,809,203,0.2509,2,5,4,0,2,30.4,2,0,0,4.43,1421,0.0,0,0,1,0
ORD002210,10795,1629,2024-04-02 01:00:00,2042.07,1,Fashion,6.8,UPI,West Bengal,Urban,10,1,0,9,0.1,6.1,725,97,0.1338,1,5,4,0,3,99.9,3,0,0,3.74,1476,0.0,0,0,1,0
ORD002211,14036,1174,2024-04-02 02:00:00,1798.43,1,Home,7.7,Credit Card,Delhi,Semi-Urban,4,2,0,2,0.5,4.6,749,60,0.0801,2,9,2,0,1,15.4,3,0,0,4.17,335,0.0,0,0,1,0
ORD002212,15068,1075,2024-04-02 03:00:00,1152.42,1,Beauty,28.7,COD,Bihar,Urban,6,1,0,5,0.1667,5.1,747,92,0.1232,2,6,4,0,1,68.7,4,0,0,4.08,624,1152.42,0,0,1,0
ORD002213,14688,1612,2024-04-02 04:00:00,1020.93,1,Home,11.0,UPI,West Bengal,Semi-Urban,10,0,0,10,0.0,37.3,782,47,0.0601,0,4,5,0,3,118.7,2,0,0,4.55,815,0.0,0,0,1,0
ORD002214,15233,1662,2024-04-02 05:00:00,1904.26,1,Footwear,16.6,COD,Maharashtra,Semi-Urban,16,6,1,9,0.375,84.0,746,151,0.2024,1,7,2,0,4,96.2,5,0,0,3.91,1433,1904.26,0,0,1,1
ORD002215,13111,1399,2024-04-02 06:00:00,714.74,1,Fashion,14.9,Debit Card,Maharashtra,Semi-Urban,9,0,0,9,0.0,37.0,764,35,0.0458,1,9,3,0,4,145.2,2,0,0,3.99,1932,0.0,0,0,0,0
ORD002216,11324,1781,2024-04-02 07:00:00,444.09,1,Beauty,7.0,UPI,Delhi,Semi-Urban,8,0,1,7,0.0,7.2,767,118,0.1538,3,5,3,0,5,180.6,3,0,0,4.44,1551,0.0,0,0,0,0
ORD002217,16367,1070,2024-04-02 08:00:00,442.58,4,Electronics,22.5,COD,West Bengal,Urban,10,1,0,9,0.1,7.2,751,26,0.0346,1,6,5,0,2,207.5,4,0,0,4.38,473,442.58,0,0,0,0
ORD002218,10317,1179,2024-04-02 09:00:00,680.06,1,Electronics,28.3,UPI,West Bengal,Urban,7,1,0,6,0.1429,33.0,754,7,0.0093,3,6,4,0,2,309.8,3,0,0,4.59,1273,0.0,0,0,0,1
ORD002219,12396,1123,2024-04-02 10:00:00,1629.11,4,Electronics,6.2,COD,Bihar,Semi-Urban,9,2,1,6,0.2222,10.0,697,76,0.109,3,7,4,0,5,75.5,5,0,0,3.66,1047,1629.11,0,0,0,0
ORD002220,12162,1380,2024-04-02 11:00:00,850.92,1,Electronics,6.4,COD,West Bengal,Semi-Urban,13,3,2,8,0.2308,40.1,756,91,0.1204,4,6,2,1,3,73.2,3,0,0,3.97,1848,850.92,0,0,0,1
ORD002221,12745,1292,2024-04-02 12:00:00,1239.81,1,Beauty,20.5,UPI,Delhi,Urban,5,1,0,4,0.2,0.4,729,36,0.0494,2,6,1,0,4,67.6,3,0,0,3.72,1299,0.0,1,0,0,0
ORD002222,15442,1796,2024-04-02 13:00:00,814.7,1,Footwear,18.8,COD,West Bengal,Semi-Urban,9,2,1,6,0.2222,11.8,740,28,0.0378,3,6,3,0,3,166.1,3,0,0,3.73,1967,814.7,0,0,0,1
ORD002223,11591,1194,2024-04-02 14:00:00,818.59,1,Electronics,27.3,COD,West Bengal,Urban,14,0,2,12,0.0,12.1,757,132,0.1744,1,7,2,0,2,151.5,2,0,0,3.94,1318,818.59,0,0,0,1
ORD002224,13111,1227,2024-04-02 15:00:00,592.72,1,Electronics,10.7,COD,Maharashtra,Urban,8,0,1,7,0.0,10.0,772,262,0.3394,0,7,4,1,3,32.1,3,0,0,4.06,1565,592.72,0,0,0,0
ORD002225,15985,1430,2024-04-02 16:00:00,1037.8,3,Electronics,38.3,Credit Card,Delhi,Urban,10,0,1,9,0.0,31.6,783,136,0.1737,0,4,2,0,2,193.5,2,0,0,3.76,235,0.0,0,0,0,0
ORD002226,16183,1435,2024-04-02 17:00:00,987.23,4,Footwear,16.3,Debit Card,Karnataka,Urban,8,0,3,5,0.0,28.1,753,157,0.2085,1,6,2,0,3,70.5,4,0,0,3.95,1574,0.0,0,0,0,0
ORD002227,13930,1786,2024-04-02 18:00:00,1404.73,1,Fashion,24.5,COD,Delhi,Urban,3,1,0,2,0.3333,134.1,731,67,0.0917,0,1,4,0,2,56.6,3,0,0,4.07,1730,1404.73,0,0,0,0
ORD002228,11996,1460,2024-04-02 19:00:00,1303.25,1,Electronics,11.8,COD,Delhi,Urban,11,0,0,11,0.0,23.8,769,121,0.1573,4,12,1,0,2,275.7,4,0,0,4.01,1396,1303.25,0,0,0,0
ORD002229,15868,1617,2024-04-02 20:00:00,974.29,1,Electronics,19.2,COD,Karnataka,Urban,9,2,0,7,0.2222,45.0,723,20,0.0277,4,8,3,0,2,157.0,3,0,0,3.62,1328,974.29,1,1,0,1
ORD002230,11312,1020,2024-04-02 21:00:00,444.23,1,Electronics,26.1,COD,Karnataka,Rural,9,0,0,9,0.0,6.8,714,79,0.1106,1,6,3,0,6,226.1,4,0,0,3.96,970,444.23,0,0,0,1
ORD002231,11285,1063,2024-04-02 22:00:00,2084.63,1,Fashion,25.7,COD,Maharashtra,Urban,8,0,1,7,0.0,26.4,771,69,0.0895,0,5,4,1,4,131.9,5,0,0,3.61,1738,2084.63,0,0,1,0
ORD002232,14311,1164,2024-04-02 23:00:00,1042.08,1,Electronics,2.6,COD,Bihar,Urban,19,4,0,15,0.2105,16.5,731,102,0.1395,0,4,1,0,2,26.4,2,0,0,3.94,1401,1042.08,1,0,1,0
ORD002233,17314,1026,2024-04-03 00:00:00,1150.31,1,Fashion,11.4,Credit Card,Delhi,Rural,10,1,0,9,0.1,48.1,753,374,0.4967,5,9,3,0,3,146.7,1,0,0,4.53,1872,0.0,0,0,1,0
ORD002234,12383,1310,2024-04-03 01:00:00,2864.92,1,Fashion,12.3,COD,Delhi,Semi-Urban,12,2,0,10,0.1667,53.3,731,85,0.1163,4,10,6,0,1,242.7,2,0,0,4.39,640,2864.92,0,0,1,0
ORD002235,13239,1284,2024-04-03 02:00:00,1891.14,1,Home,21.9,COD,Delhi,Semi-Urban,6,0,0,6,0.0,7.3,737,39,0.0529,2,3,5,0,4,113.6,1,0,0,3.44,1037,1891.14,0,0,1,0
ORD002236,12139,1659,2024-04-03 03:00:00,1433.49,1,Home,8.5,COD,Delhi,Semi-Urban,9,1,0,8,0.1111,1.5,752,146,0.1941,1,5,2,0,4,155.0,3,0,0,3.55,1664,1433.49,0,0,1,0
ORD002237,16496,1280,2024-04-03 04:00:00,1095.12,1,Electronics,9.8,COD,Maharashtra,Urban,13,0,1,12,0.0,19.4,783,42,0.0536,1,6,3,0,3,66.3,4,0,0,4.39,878,1095.12,0,0,1,0
ORD002238,16714,1163,2024-04-03 05:00:00,1089.0,4,Beauty,4.7,COD,Delhi,Urban,16,0,1,15,0.0,10.2,721,122,0.1692,2,6,2,0,2,213.4,2,0,0,4.29,1784,1089.0,0,0,1,0
ORD002239,17738,1223,2024-04-03 06:00:00,1266.57,1,Home,32.4,UPI,Karnataka,Urban,5,2,0,3,0.4,31.0,774,45,0.0581,2,9,2,0,2,186.1,3,0,0,3.88,362,0.0,0,0,0,1
ORD002240,16959,1783,2024-04-03 07:00:00,1399.88,3,Home,4.4,COD,Karnataka,Semi-Urban,10,1,3,6,0.1,0.1,753,140,0.1859,2,8,5,0,1,145.2,3,0,0,4.47,171,1399.88,1,0,0,0
ORD002241,11704,1145,2024-04-03 08:00:00,3062.05,2,Beauty,9.2,Debit Card,West Bengal,Rural,8,1,0,7,0.125,29.1,780,214,0.2744,2,7,1,0,3,105.3,6,0,0,3.96,1689,0.0,1,0,0,0
ORD002242,16924,1029,2024-04-03 09:00:00,4836.56,4,Footwear,10.7,COD,Maharashtra,Urban,7,1,0,6,0.1429,19.4,730,36,0.0493,1,9,2,0,1,208.7,5,0,0,3.8,390,4836.56,0,0,0,1
ORD002243,10362,1044,2024-04-03 10:00:00,1305.26,2,Electronics,7.1,UPI,West Bengal,Urban,7,0,0,7,0.0,9.8,726,52,0.0716,7,11,4,0,3,119.5,2,0,0,4.39,1738,0.0,1,0,0,0
ORD002244,12604,1786,2024-04-03 11:00:00,301.28,2,Footwear,26.0,Credit Card,Delhi,Urban,9,0,0,9,0.0,21.3,725,33,0.0455,0,9,5,0,4,119.8,7,0,0,4.25,594,0.0,0,0,0,0
ORD002245,17512,1470,2024-04-03 12:00:00,619.53,3,Footwear,18.6,COD,Maharashtra,Semi-Urban,12,1,1,10,0.0833,68.1,704,128,0.1818,3,8,2,0,3,150.6,5,0,0,4.0,1546,619.53,0,0,0,1
ORD002246,11716,1033,2024-04-03 13:00:00,3251.59,1,Fashion,13.1,COD,Maharashtra,Urban,8,0,0,8,0.0,54.3,755,65,0.0861,0,5,3,0,2,196.5,4,0,0,4.42,1296,3251.59,3,0,0,0
ORD002247,15289,1652,2024-04-03 14:00:00,1687.82,1,Fashion,38.2,COD,Bihar,Rural,5,0,0,5,0.0,51.6,726,81,0.1116,3,10,4,0,1,66.3,4,0,0,4.78,1669,1687.82,0,0,0,1
ORD002248,14451,1426,2024-04-03 15:00:00,1416.05,4,Electronics,20.9,COD,Bihar,Rural,9,0,0,9,0.0,6.8,783,28,0.0358,1,5,3,0,3,118.1,3,0,0,4.03,1544,1416.05,0,0,0,1
ORD002249,14286,1220,2024-04-03 16:00:00,992.17,2,Beauty,5.1,COD,West Bengal,Semi-Urban,11,3,1,7,0.2727,12.9,805,272,0.3379,2,5,3,1,2,376.9,2,0,0,4.16,1309,992.17,0,0,0,0
ORD002250,13738,1533,2024-04-03 17:00:00,537.32,4,Fashion,35.7,COD,West Bengal,Rural,6,0,0,6,0.0,1.9,756,22,0.0291,3,8,2,1,1,337.2,4,0,0,4.03,1298,537.32,1,1,0,1
ORD002251,12469,1691,2024-04-03 18:00:00,3000.92,2,Home,26.8,COD,Karnataka,Urban,10,2,2,6,0.2,3.5,746,69,0.0925,2,5,3,0,3,104.4,1,0,0,3.83,545,3000.92,0,0,0,1
ORD002252,14795,1366,2024-04-03 19:00:00,669.19,3,Electronics,9.6,COD,Karnataka,Semi-Urban,15,5,0,10,0.3333,6.7,792,19,0.024,2,4,3,1,6,98.8,3,0,0,3.98,601,669.19,0,0,0,1
ORD002253,16150,1742,2024-04-03 20:00:00,1698.65,2,Footwear,3.9,Credit Card,Karnataka,Semi-Urban,13,0,0,13,0.0,53.8,758,48,0.0633,3,7,3,0,3,177.7,3,0,0,4.37,1199,0.0,1,0,0,0
ORD002254,16276,1549,2024-04-03 21:00:00,502.49,2,Electronics,14.8,Debit Card,Maharashtra,Urban,8,3,0,5,0.375,3.2,739,127,0.1719,2,6,2,0,4,100.0,3,0,0,3.82,1622,0.0,1,0,0,0
ORD002255,17914,1581,2024-04-03 22:00:00,963.71,1,Fashion,34.5,COD,Delhi,Urban,8,0,3,5,0.0,10.8,750,143,0.1907,4,9,4,0,3,179.0,3,0,0,4.85,96,963.71,2,0,1,0
ORD002256,10556,1115,2024-04-03 23:00:00,1989.77,3,Beauty,19.7,COD,West Bengal,Urban,13,0,0,13,0.0,0.8,727,91,0.1252,3,11,6,1,4,31.4,6,0,0,4.15,1517,1989.77,0,0,1,0
ORD002257,10825,1238,2024-04-04 00:00:00,944.05,2,Footwear,24.1,COD,Karnataka,Semi-Urban,7,0,2,5,0.0,7.6,778,224,0.2879,1,5,6,0,2,22.0,5,0,0,3.98,118,944.05,0,1,1,0
ORD002258,12808,1334,2024-04-04 01:00:00,879.13,2,Beauty,8.1,COD,Maharashtra,Rural,6,0,0,6,0.0,40.0,751,10,0.0133,0,3,6,0,2,75.1,2,0,0,4.56,984,879.13,0,0,1,0
ORD002259,15150,1440,2024-04-04 02:00:00,1103.65,2,Electronics,12.5,COD,Bihar,Semi-Urban,12,1,1,10,0.0833,64.9,756,125,0.1653,1,4,4,0,3,323.5,4,0,0,3.82,431,1103.65,0,0,1,0
ORD002260,16678,1147,2024-04-04 03:00:00,491.96,1,Beauty,2.4,UPI,Delhi,Semi-Urban,12,2,1,9,0.1667,13.3,792,66,0.0833,3,6,4,0,3,297.8,2,0,0,4.73,1585,0.0,0,0,1,0
ORD002261,14521,1008,2024-04-04 04:00:00,439.44,1,Beauty,17.7,COD,Bihar,Urban,7,0,0,7,0.0,8.2,758,41,0.0541,4,8,3,0,3,237.5,4,0,0,4.98,1771,439.44,0,0,1,1
ORD002262,17561,1287,2024-04-04 05:00:00,1683.35,3,Electronics,26.1,COD,Bihar,Semi-Urban,10,0,1,9,0.0,21.4,729,42,0.0576,1,6,2,0,2,90.4,2,0,0,3.97,1520,1683.35,0,0,1,0
ORD002263,12719,1387,2024-04-04 06:00:00,851.22,1,Footwear,13.4,UPI,Delhi,Semi-Urban,8,2,0,6,0.25,0.7,774,140,0.1809,4,7,4,0,1,444.4,7,0,0,4.81,1668,0.0,0,0,0,1
ORD002264,16506,1049,2024-04-04 07:00:00,1675.54,1,Beauty,36.8,COD,Maharashtra,Urban,8,2,1,5,0.25,10.1,780,245,0.3141,2,7,1,0,1,46.4,4,0,0,4.09,1162,1675.54,0,0,0,1
ORD002265,13508,1516,2024-04-04 08:00:00,2145.03,1,Beauty,9.9,COD,Bihar,Rural,10,1,0,9,0.1,38.6,746,65,0.0871,4,11,7,0,3,147.2,4,0,0,4.27,1876,2145.03,0,1,0,0
ORD002266,13741,1637,2024-04-04 09:00:00,2251.13,2,Electronics,11.8,COD,Maharashtra,Urban,7,2,0,5,0.2857,0.5,747,63,0.0843,2,8,2,0,1,146.8,2,0,0,3.68,545,2251.13,0,0,0,0
ORD002267,11574,1586,2024-04-04 10:00:00,414.63,2,Home,10.1,UPI,Bihar,Semi-Urban,11,3,1,7,0.2727,8.1,765,107,0.1399,2,8,1,0,3,85.6,3,0,0,4.62,719,0.0,0,0,0,1
ORD002268,13998,1676,2024-04-04 11:00:00,721.48,2,Beauty,33.1,Debit Card,Karnataka,Urban,8,0,1,7,0.0,5.4,765,142,0.1856,6,10,3,0,3,388.5,5,0,0,4.13,33,0.0,0,0,0,0
ORD002269,12129,1277,2024-04-04 12:00:00,1514.06,2,Fashion,8.4,UPI,Delhi,Rural,10,1,0,9,0.1,10.9,756,80,0.1058,3,11,2,0,4,50.1,2,0,0,4.37,1542,0.0,0,0,0,1
ORD002270,12403,1299,2024-04-04 13:00:00,1528.13,1,Footwear,30.9,UPI,West Bengal,Urban,8,1,0,7,0.125,1.9,748,76,0.1016,0,5,4,0,3,224.6,3,0,0,4.47,1742,0.0,0,0,0,0
ORD002271,13329,1588,2024-04-04 14:00:00,4228.75,1,Beauty,1.3,COD,Delhi,Urban,10,4,0,6,0.4,13.9,745,111,0.149,2,9,6,0,5,141.4,2,0,0,4.37,114,4228.75,0,1,0,1
ORD002272,17885,1648,2024-04-04 15:00:00,636.15,1,Electronics,33.3,COD,Bihar,Urban,12,6,0,6,0.5,15.9,759,132,0.1739,3,9,5,0,3,148.6,4,0,0,3.42,916,636.15,1,0,0,0
ORD002273,10588,1617,2024-04-04 16:00:00,2210.34,2,Fashion,9.2,COD,Bihar,Urban,11,3,1,7,0.2727,2.5,723,38,0.0526,1,5,3,0,1,78.6,7,0,0,4.32,1519,2210.34,0,0,0,0
ORD002274,12012,1606,2024-04-04 17:00:00,1371.09,1,Electronics,18.6,Debit Card,Karnataka,Urban,10,1,0,9,0.1,43.0,792,199,0.2513,3,7,1,0,5,111.0,6,0,0,4.3,939,0.0,0,0,0,0
ORD002275,11547,1134,2024-04-04 18:00:00,409.88,2,Beauty,27.6,UPI,Karnataka,Urban,15,0,1,14,0.0,32.5,734,62,0.0845,3,11,5,1,3,46.4,3,0,0,3.68,1448,0.0,0,0,0,0
ORD002276,10294,1579,2024-04-04 19:00:00,789.43,1,Fashion,31.6,COD,Delhi,Semi-Urban,11,0,0,11,0.0,7.6,728,84,0.1154,2,7,3,0,2,75.2,4,0,0,3.9,899,789.43,0,0,0,0
ORD002277,11985,1146,2024-04-04 20:00:00,1283.72,1,Footwear,12.4,UPI,West Bengal,Urban,9,1,1,7,0.1111,3.9,759,104,0.137,1,7,2,0,2,57.9,3,0,0,4.31,443,0.0,1,0,0,0
ORD002278,15343,1489,2024-04-04 21:00:00,394.41,3,Footwear,23.4,UPI,Delhi,Semi-Urban,8,1,3,4,0.125,158.7,695,47,0.0676,3,9,2,0,8,68.1,2,0,0,3.81,954,0.0,2,0,0,0
ORD002279,15644,1477,2024-04-04 22:00:00,315.97,1,Footwear,12.5,Debit Card,West Bengal,Rural,4,0,0,4,0.0,0.7,762,57,0.0748,3,4,2,0,2,81.5,3,0,0,3.76,1223,0.0,1,0,1,0
ORD002280,13117,1158,2024-04-04 23:00:00,381.17,2,Home,7.2,COD,Maharashtra,Semi-Urban,4,0,0,4,0.0,18.3,793,79,0.0996,4,5,1,0,2,55.8,5,0,0,4.23,431,381.17,0,1,1,0
ORD002281,11690,1383,2024-04-05 00:00:00,1281.11,1,Electronics,25.7,Debit Card,Bihar,Urban,4,0,0,4,0.0,33.3,715,129,0.1804,3,13,2,0,2,117.1,6,0,0,3.36,341,0.0,0,0,1,0
ORD002282,11136,1162,2024-04-05 01:00:00,819.91,1,Beauty,13.7,UPI,Maharashtra,Urban,7,0,1,6,0.0,69.4,780,53,0.0679,3,8,3,0,1,69.5,1,0,0,5.0,1759,0.0,0,0,1,0
ORD002283,15352,1440,2024-04-05 02:00:00,755.99,1,Fashion,30.6,COD,Delhi,Urban,13,2,0,11,0.1538,18.5,724,78,0.1077,0,8,4,0,3,242.1,2,0,0,3.6,235,755.99,1,0,1,1
ORD002284,12064,1188,2024-04-05 03:00:00,771.72,1,Electronics,37.2,COD,West Bengal,Urban,3,0,0,3,0.0,21.5,733,18,0.0246,4,10,2,0,4,301.8,5,0,0,4.56,182,771.72,0,0,1,1
ORD002285,14455,1414,2024-04-05 04:00:00,466.63,2,Beauty,25.5,COD,West Bengal,Urban,10,0,0,10,0.0,55.5,731,22,0.0301,0,2,2,0,2,122.9,4,0,0,4.38,1266,466.63,0,0,1,0
ORD002286,17390,1338,2024-04-05 05:00:00,833.94,1,Home,15.8,COD,Maharashtra,Semi-Urban,9,1,1,7,0.1111,13.1,775,58,0.0748,2,7,5,0,4,262.1,3,0,0,3.78,481,833.94,0,0,1,1
ORD002287,17009,1606,2024-04-05 06:00:00,367.88,1,Beauty,23.8,UPI,Karnataka,Urban,7,0,0,7,0.0,11.7,733,58,0.0791,4,13,2,0,3,20.2,4,0,0,3.84,640,0.0,0,0,0,0
ORD002288,14795,1180,2024-04-05 07:00:00,2236.31,1,Electronics,20.1,COD,Karnataka,Urban,9,0,0,9,0.0,55.4,729,26,0.0357,0,6,5,0,3,114.3,3,0,0,3.49,1045,2236.31,1,0,0,0
ORD002289,14543,1287,2024-04-05 08:00:00,3027.21,2,Beauty,14.6,COD,Maharashtra,Urban,4,0,1,3,0.0,32.4,779,165,0.2118,2,8,3,0,3,103.2,4,0,0,4.18,71,3027.21,0,0,0,1
ORD002290,16999,1186,2024-04-05 09:00:00,271.61,2,Fashion,20.2,COD,Karnataka,Semi-Urban,9,0,4,5,0.0,27.5,762,50,0.0656,2,3,2,0,4,96.0,3,0,0,4.27,1657,271.61,0,0,0,0
ORD002291,16508,1137,2024-04-05 10:00:00,827.59,1,Home,9.4,UPI,West Bengal,Rural,10,3,3,4,0.3,4.5,762,140,0.1837,0,4,5,0,1,62.6,3,0,0,3.06,1616,0.0,0,0,0,1
ORD002292,14770,1129,2024-04-05 11:00:00,860.57,1,Fashion,7.3,Credit Card,Delhi,Rural,10,0,1,9,0.0,13.9,769,83,0.1079,0,5,4,0,2,164.0,4,0,0,3.88,1966,0.0,0,1,0,1
ORD002293,11007,1193,2024-04-05 12:00:00,987.63,2,Home,32.3,Credit Card,Karnataka,Semi-Urban,3,1,1,1,0.3333,12.7,750,133,0.1773,3,6,5,0,3,38.8,3,0,0,4.94,1655,0.0,0,0,0,1
ORD002294,15445,1315,2024-04-05 13:00:00,2000.03,2,Home,18.3,Credit Card,West Bengal,Urban,10,0,2,8,0.0,61.4,811,153,0.1887,2,8,4,0,2,298.9,4,0,0,4.19,306,0.0,0,0,0,0
ORD002295,12514,1784,2024-04-05 14:00:00,829.04,1,Beauty,6.5,UPI,Delhi,Semi-Urban,9,3,0,6,0.3333,1.2,774,21,0.0271,4,7,2,0,1,85.4,6,0,0,3.46,1727,0.0,0,0,0,0
ORD002296,16557,1143,2024-04-05 15:00:00,1040.08,2,Fashion,7.2,UPI,West Bengal,Semi-Urban,14,2,2,10,0.1429,104.2,742,80,0.1078,2,10,4,0,2,234.1,2,0,0,4.33,1548,0.0,0,0,0,0
ORD002297,13526,1015,2024-04-05 16:00:00,6551.39,2,Home,15.5,COD,Bihar,Urban,9,1,2,6,0.1111,61.2,758,53,0.0699,2,8,3,0,3,167.1,7,0,0,3.43,980,6551.39,0,0,0,1
ORD002298,14681,1301,2024-04-05 17:00:00,1025.8,2,Home,12.4,UPI,Delhi,Semi-Urban,4,0,0,4,0.0,25.3,725,102,0.1407,3,7,3,0,3,334.7,3,0,0,3.94,681,0.0,0,0,0,0
ORD002299,15352,1422,2024-04-05 18:00:00,3164.48,2,Beauty,11.8,COD,Bihar,Urban,10,2,0,8,0.2,13.8,784,71,0.0906,3,10,6,0,1,29.0,4,0,0,4.01,552,3164.48,0,0,0,0
ORD002300,11247,1244,2024-04-05 19:00:00,1482.07,4,Electronics,22.4,COD,Karnataka,Rural,11,1,0,10,0.0909,36.8,739,33,0.0447,1,6,3,0,1,203.7,6,0,0,3.69,666,1482.07,0,0,0,0
ORD002301,15089,1106,2024-04-05 20:00:00,786.64,1,Electronics,16.1,UPI,Karnataka,Urban,12,2,0,10,0.1667,44.9,749,85,0.1135,0,5,2,0,3,53.9,1,0,0,4.46,1515,0.0,0,0,0,0
ORD002302,13902,1087,2024-04-05 21:00:00,711.63,4,Footwear,11.6,Credit Card,West Bengal,Urban,11,0,2,9,0.0,4.7,792,42,0.053,1,2,2,0,2,71.2,2,0,0,4.69,1258,0.0,0,0,0,0
ORD002303,11435,1128,2024-04-05 22:00:00,1091.86,1,Footwear,15.1,COD,Maharashtra,Urban,13,0,1,12,0.0,52.1,787,12,0.0152,2,7,2,0,1,261.5,4,0,1,3.1,672,1091.86,2,0,1,0
ORD002304,10571,1340,2024-04-05 23:00:00,557.86,2,Home,16.1,COD,West Bengal,Semi-Urban,7,2,1,4,0.2857,4.0,734,54,0.0736,2,7,3,0,5,99.4,3,0,0,4.16,1372,557.86,0,1,1,1
ORD002305,12382,1003,2024-04-06 00:00:00,653.07,1,Electronics,25.9,COD,Bihar,Urban,7,1,0,6,0.1429,13.0,757,60,0.0793,1,2,3,0,5,82.6,3,1,0,4.43,1218,653.07,0,0,1,1
ORD002306,11245,1326,2024-04-06 01:00:00,850.79,1,Home,22.5,Debit Card,Delhi,Urban,8,1,0,7,0.125,5.7,775,137,0.1768,0,8,4,0,4,284.8,5,1,0,3.96,144,0.0,0,1,1,0
ORD002307,12084,1409,2024-04-06 02:00:00,1307.68,2,Fashion,8.3,COD,Maharashtra,Semi-Urban,7,0,0,7,0.0,19.4,730,40,0.0548,2,5,6,0,3,82.7,4,1,0,3.84,847,1307.68,0,0,1,0
ORD002308,15084,1305,2024-04-06 03:00:00,3280.0,2,Electronics,1.1,Debit Card,West Bengal,Semi-Urban,8,0,0,8,0.0,66.9,688,46,0.0669,1,8,2,0,4,174.7,4,1,0,3.82,1960,0.0,1,0,1,1
ORD002309,10277,1606,2024-04-06 04:00:00,819.77,1,Electronics,27.2,Wallet,Bihar,Urban,7,0,0,7,0.0,10.6,766,57,0.0744,2,6,2,0,4,39.8,3,1,0,4.1,1928,0.0,0,0,1,0
ORD002310,15315,1720,2024-04-06 05:00:00,1446.51,1,Electronics,7.0,Credit Card,Bihar,Urban,8,2,1,5,0.25,42.6,740,137,0.1851,2,5,1,0,2,219.0,2,1,0,4.02,280,0.0,0,0,1,0
ORD002311,17059,1224,2024-04-06 06:00:00,412.92,1,Footwear,28.0,Credit Card,Karnataka,Semi-Urban,11,1,2,8,0.0909,18.0,766,177,0.2311,1,7,4,0,5,45.7,2,1,0,3.53,1223,0.0,0,0,0,0
ORD002312,11887,1347,2024-04-06 07:00:00,2071.8,4,Beauty,12.3,Debit Card,West Bengal,Semi-Urban,8,0,0,8,0.0,42.1,766,108,0.141,5,12,3,0,1,409.7,1,1,0,4.07,325,0.0,0,1,0,0
ORD002313,14579,1320,2024-04-06 08:00:00,390.33,3,Beauty,19.2,COD,West Bengal,Rural,13,3,0,10,0.2308,57.7,723,56,0.0775,3,8,3,0,6,69.9,2,1,1,3.77,1363,390.33,0,0,0,0
ORD002314,11265,1558,2024-04-06 09:00:00,1770.53,1,Footwear,13.7,COD,Bihar,Semi-Urban,12,1,2,9,0.0833,14.2,786,103,0.131,1,5,2,0,5,59.8,6,1,0,4.32,1865,1770.53,1,0,0,1
ORD002315,17491,1180,2024-04-06 10:00:00,1044.66,3,Footwear,28.1,Credit Card,West Bengal,Urban,10,1,0,9,0.1,12.6,757,243,0.321,3,7,4,0,1,160.2,5,1,0,4.3,124,0.0,0,0,0,0
ORD002316,14826,1617,2024-04-06 11:00:00,1020.05,3,Footwear,15.1,COD,Karnataka,Semi-Urban,11,1,0,10,0.0909,6.0,787,36,0.0457,1,3,2,0,5,156.1,3,1,0,4.31,581,1020.05,0,0,0,0
ORD002317,16335,1710,2024-04-06 12:00:00,915.84,1,Beauty,18.7,COD,Maharashtra,Urban,12,2,0,10,0.1667,55.4,759,74,0.0975,3,6,2,0,4,169.1,3,1,0,4.62,659,915.84,0,0,0,0
ORD002318,11040,1385,2024-04-06 13:00:00,502.33,2,Home,11.5,COD,Bihar,Urban,7,1,0,6,0.1429,34.1,715,132,0.1846,3,13,4,0,5,117.6,5,1,0,3.97,1180,502.33,0,0,0,0
ORD002319,16667,1617,2024-04-06 14:00:00,518.55,1,Footwear,14.2,COD,Karnataka,Urban,7,0,0,7,0.0,15.5,769,60,0.078,1,3,2,0,3,18.2,4,1,0,4.07,330,518.55,0,0,0,0
ORD002320,10917,1791,2024-04-06 15:00:00,1811.5,2,Home,14.1,COD,Karnataka,Rural,5,0,0,5,0.0,12.4,726,8,0.011,1,3,4,1,1,87.4,3,1,0,3.41,21,1811.5,0,0,0,0
ORD002321,16544,1771,2024-04-06 16:00:00,1104.52,1,Home,47.5,COD,Delhi,Urban,4,0,0,4,0.0,2.7,787,127,0.1614,1,4,1,0,3,94.9,2,1,0,3.57,84,1104.52,0,2,0,1
ORD002322,10885,1107,2024-04-06 17:00:00,911.84,1,Fashion,24.3,COD,Maharashtra,Semi-Urban,19,0,0,19,0.0,5.6,770,34,0.0442,2,7,2,0,1,69.0,4,1,0,4.69,917,911.84,0,0,0,1
ORD002323,12752,1530,2024-04-06 18:00:00,1430.87,1,Beauty,33.0,UPI,Karnataka,Urban,5,0,0,5,0.0,8.3,783,123,0.1571,5,11,1,0,4,194.6,6,1,0,4.44,1436,0.0,1,0,0,0
ORD002324,10021,1409,2024-04-06 19:00:00,1165.36,1,Home,14.4,Debit Card,Delhi,Rural,6,0,0,6,0.0,54.0,749,73,0.0975,5,12,5,0,5,357.9,4,1,0,3.35,1202,0.0,0,0,0,0
ORD002325,14569,1295,2024-04-06 20:00:00,681.46,2,Beauty,20.9,COD,Delhi,Urban,3,2,0,1,0.6667,27.5,754,252,0.3342,3,5,2,0,1,74.3,1,1,0,4.03,549,681.46,0,0,0,1
ORD002326,13191,1170,2024-04-06 21:00:00,4801.09,1,Beauty,15.3,COD,West Bengal,Semi-Urban,7,1,0,6,0.1429,5.1,699,155,0.2217,2,13,3,0,5,48.3,6,1,0,4.44,1926,4801.09,1,1,0,0
ORD002327,16353,1330,2024-04-06 22:00:00,1710.35,1,Fashion,23.0,COD,Karnataka,Semi-Urban,11,0,0,11,0.0,10.8,769,132,0.1717,3,5,6,0,4,103.3,4,1,0,4.4,19,1710.35,0,0,1,0
ORD002328,12353,1492,2024-04-06 23:00:00,1183.51,3,Beauty,17.3,Wallet,Bihar,Urban,12,1,2,9,0.0833,5.2,786,229,0.2913,1,4,3,0,1,108.4,4,1,0,4.15,1980,0.0,0,1,1,0
ORD002329,17437,1194,2024-04-07 00:00:00,805.8,1,Home,24.5,COD,West Bengal,Rural,7,0,0,7,0.0,8.6,755,95,0.1258,0,5,2,0,4,122.6,4,1,0,4.26,279,805.8,1,0,1,1
ORD002330,14799,1011,2024-04-07 01:00:00,1942.35,1,Electronics,16.9,COD,Maharashtra,Semi-Urban,8,0,3,5,0.0,4.2,713,57,0.0799,1,5,1,0,1,174.2,4,1,0,4.29,664,1942.35,1,0,1,1
ORD002331,10686,1194,2024-04-07 02:00:00,683.66,4,Home,31.5,COD,Bihar,Urban,10,1,1,8,0.1,42.9,782,87,0.1113,4,9,5,0,3,318.5,4,1,0,4.64,450,683.66,0,0,1,1
ORD002332,10284,1489,2024-04-07 03:00:00,649.98,3,Home,8.6,UPI,Bihar,Urban,14,4,3,7,0.2857,1.5,781,25,0.032,0,5,3,0,4,113.0,3,1,0,4.13,1913,0.0,1,0,1,0
ORD002333,14811,1794,2024-04-07 04:00:00,3029.02,1,Beauty,11.8,COD,Delhi,Rural,8,0,0,8,0.0,14.8,734,113,0.154,2,8,3,0,2,200.9,4,1,0,4.5,164,3029.02,0,1,1,0
ORD002334,13747,1181,2024-04-07 05:00:00,1117.0,1,Home,10.6,Credit Card,Karnataka,Urban,11,4,0,7,0.3636,8.4,736,151,0.2052,3,8,4,0,3,312.9,5,1,0,3.85,1726,0.0,0,0,1,0
ORD002335,10762,1655,2024-04-07 06:00:00,693.67,4,Electronics,20.4,UPI,Delhi,Urban,11,1,4,6,0.0909,13.0,760,138,0.1816,2,7,1,0,4,3.5,3,1,0,3.97,1595,0.0,1,0,0,0
ORD002336,15346,1315,2024-04-07 07:00:00,1100.38,1,Beauty,17.4,UPI,Delhi,Semi-Urban,12,4,2,6,0.3333,56.1,749,50,0.0668,1,9,1,0,2,143.3,3,1,0,3.74,780,0.0,0,0,0,1
ORD002337,15043,1693,2024-04-07 08:00:00,1826.42,1,Footwear,11.1,COD,Karnataka,Urban,9,1,1,7,0.1111,15.3,748,69,0.0922,2,10,3,0,1,116.9,4,1,0,3.88,258,1826.42,0,0,0,1
ORD002338,12428,1029,2024-04-07 09:00:00,1592.01,1,Home,14.1,UPI,Karnataka,Semi-Urban,7,0,0,7,0.0,14.3,718,2,0.0028,3,8,4,0,4,52.9,4,1,1,4.28,1140,0.0,0,1,0,0
ORD002339,12507,1595,2024-04-07 10:00:00,1967.58,1,Home,27.3,UPI,Karnataka,Urban,11,1,1,9,0.0909,13.6,706,185,0.262,1,7,4,0,4,13.8,2,1,0,3.92,804,0.0,0,0,0,0
ORD002340,15126,1677,2024-04-07 11:00:00,518.15,2,Fashion,10.3,COD,Delhi,Urban,8,3,2,3,0.375,3.9,767,25,0.0326,3,9,3,0,4,118.0,1,1,0,4.05,640,518.15,0,0,0,1
ORD002341,10028,1795,2024-04-07 12:00:00,1938.15,2,Footwear,12.7,UPI,Karnataka,Semi-Urban,7,1,1,5,0.1429,20.5,704,90,0.1278,1,4,2,0,1,111.4,2,1,0,3.91,1713,0.0,0,1,0,0
ORD002342,10906,1792,2024-04-07 13:00:00,984.92,4,Footwear,12.7,COD,Karnataka,Semi-Urban,5,2,0,3,0.4,8.3,712,15,0.0211,4,7,1,1,3,51.5,3,1,0,4.52,1693,984.92,0,0,0,0
ORD002343,13104,1095,2024-04-07 14:00:00,1156.86,2,Electronics,22.3,UPI,Bihar,Urban,7,3,0,4,0.4286,23.7,753,45,0.0598,0,6,4,0,3,48.9,3,1,0,4.1,162,0.0,0,0,0,0
ORD002344,17813,1380,2024-04-07 15:00:00,2265.83,1,Footwear,11.1,COD,Delhi,Urban,7,0,1,6,0.0,27.2,741,96,0.1296,3,9,4,0,1,96.3,5,1,0,4.41,484,2265.83,0,0,0,0
ORD002345,17022,1777,2024-04-07 16:00:00,1671.77,1,Fashion,15.1,UPI,Karnataka,Urban,5,0,0,5,0.0,42.1,741,133,0.1795,1,11,4,0,3,141.3,5,1,0,4.56,775,0.0,0,0,0,0
ORD002346,16222,1443,2024-04-07 17:00:00,1353.75,4,Electronics,4.4,COD,Delhi,Rural,10,0,4,6,0.0,30.5,736,50,0.0679,2,6,4,0,7,478.3,6,1,0,4.25,874,1353.75,0,0,0,1
ORD002347,13999,1297,2024-04-07 18:00:00,333.49,1,Footwear,17.1,COD,Maharashtra,Urban,4,1,0,3,0.25,23.9,768,125,0.1628,1,9,5,0,3,657.8,5,1,0,3.92,1402,333.49,0,0,0,1
ORD002348,12994,1736,2024-04-07 19:00:00,1067.1,1,Electronics,9.2,Debit Card,West Bengal,Urban,7,1,0,6,0.1429,36.7,737,38,0.0516,2,6,2,1,3,100.5,7,1,0,4.18,570,0.0,1,0,0,0
ORD002349,12506,1360,2024-04-07 20:00:00,684.85,3,Footwear,2.5,COD,Bihar,Rural,3,1,1,1,0.3333,27.1,705,30,0.0426,4,6,1,0,2,46.3,2,1,0,4.44,840,684.85,0,0,0,0
ORD002350,14665,1373,2024-04-07 21:00:00,1680.13,1,Footwear,21.5,COD,Bihar,Rural,6,0,0,6,0.0,10.5,767,54,0.0704,1,4,4,0,3,193.1,3,1,0,3.8,1409,1680.13,1,0,0,0
ORD002351,16102,1553,2024-04-07 22:00:00,1987.38,1,Footwear,22.0,Debit Card,Delhi,Semi-Urban,11,0,3,8,0.0,3.0,774,124,0.1602,4,9,6,0,2,19.4,3,1,0,3.22,768,0.0,0,1,1,1
ORD002352,13609,1302,2024-04-07 23:00:00,914.87,3,Home,30.4,COD,Karnataka,Urban,14,1,0,13,0.0714,35.0,777,37,0.0476,2,5,3,0,3,62.2,3,1,0,3.94,1558,914.87,0,1,1,0
ORD002353,13553,1420,2024-04-08 00:00:00,734.93,4,Footwear,8.2,UPI,Delhi,Urban,13,2,0,11,0.1538,6.1,768,133,0.1732,0,1,1,0,4,219.3,5,0,0,4.11,1259,0.0,0,0,1,0
ORD002354,11453,1245,2024-04-08 01:00:00,2789.95,1,Home,22.3,COD,West Bengal,Urban,14,2,2,10,0.1429,49.5,741,155,0.2092,5,7,3,0,2,306.2,4,0,0,3.62,1432,2789.95,0,0,1,1
ORD002355,14833,1719,2024-04-08 02:00:00,763.65,3,Beauty,19.3,COD,Bihar,Semi-Urban,7,1,0,6,0.1429,30.0,724,170,0.2348,3,8,1,0,1,40.2,1,0,0,4.51,1239,763.65,0,0,1,0
ORD002356,13356,1236,2024-04-08 03:00:00,535.54,1,Fashion,12.2,COD,Bihar,Urban,12,1,0,11,0.0833,14.9,785,61,0.0777,1,8,3,0,3,174.1,4,0,0,4.53,1257,535.54,0,0,1,0
ORD002357,10515,1533,2024-04-08 04:00:00,665.41,1,Electronics,8.7,Credit Card,West Bengal,Urban,11,0,0,11,0.0,82.5,781,71,0.0909,2,6,4,0,3,138.3,1,0,0,4.49,1430,0.0,0,0,1,0
ORD002358,16096,1184,2024-04-08 05:00:00,786.03,3,Electronics,9.4,COD,Delhi,Urban,9,2,0,7,0.2222,34.8,765,53,0.0693,2,3,1,0,4,64.4,4,0,0,4.19,168,786.03,0,1,1,0
ORD002359,17266,1467,2024-04-08 06:00:00,654.05,4,Beauty,8.6,COD,Bihar,Rural,9,1,0,8,0.1111,16.4,738,71,0.0962,2,7,2,1,3,77.2,4,0,0,4.51,1842,654.05,0,0,0,0
ORD002360,16540,1753,2024-04-08 07:00:00,1821.17,1,Footwear,15.4,UPI,Karnataka,Semi-Urban,10,0,0,10,0.0,8.9,767,13,0.0169,2,6,1,0,1,72.1,5,0,0,4.26,1357,0.0,0,0,0,1
ORD002361,17656,1362,2024-04-08 08:00:00,293.32,1,Fashion,24.8,COD,Delhi,Semi-Urban,10,0,2,8,0.0,7.7,717,67,0.0934,1,6,2,0,3,244.7,2,0,0,3.56,1138,293.32,0,0,0,0
ORD002362,10038,1282,2024-04-08 09:00:00,645.78,1,Beauty,9.0,Debit Card,Karnataka,Urban,7,0,0,7,0.0,7.5,761,36,0.0473,2,9,2,0,5,46.0,1,0,0,4.08,1783,0.0,0,0,0,0
ORD002363,13342,1552,2024-04-08 10:00:00,1065.82,1,Beauty,13.2,UPI,Maharashtra,Rural,13,0,0,13,0.0,15.4,786,23,0.0293,4,7,3,0,4,273.2,5,0,0,4.81,721,0.0,0,0,0,0
ORD002364,10886,1335,2024-04-08 11:00:00,1244.08,1,Electronics,9.0,Wallet,West Bengal,Urban,3,0,1,2,0.0,5.3,747,74,0.0991,0,4,4,0,3,60.9,2,0,0,4.06,438,0.0,0,0,0,0
ORD002365,12844,1161,2024-04-08 12:00:00,3026.31,1,Home,7.2,COD,Bihar,Urban,8,0,0,8,0.0,31.3,768,24,0.0312,0,1,4,0,3,218.5,4,0,0,3.58,942,3026.31,0,0,0,0
ORD002366,12204,1159,2024-04-08 13:00:00,2771.5,1,Home,5.4,COD,West Bengal,Rural,11,3,3,5,0.2727,44.9,733,141,0.1924,1,5,7,0,1,23.1,7,0,0,3.85,1352,2771.5,0,0,0,0
ORD002367,11098,1473,2024-04-08 14:00:00,419.71,1,Footwear,13.9,COD,West Bengal,Urban,8,4,0,4,0.5,2.1,771,25,0.0324,2,5,4,0,5,94.0,2,0,0,4.02,1391,419.71,0,0,0,1
ORD002368,17027,1600,2024-04-08 15:00:00,349.03,1,Footwear,8.5,Credit Card,Karnataka,Semi-Urban,11,0,1,10,0.0,34.1,778,71,0.0913,4,8,2,0,2,52.9,2,0,0,4.13,1584,0.0,0,0,0,0
ORD002369,11823,1321,2024-04-08 16:00:00,1113.19,2,Beauty,36.7,UPI,Bihar,Semi-Urban,7,0,0,7,0.0,17.7,800,56,0.07,3,9,3,0,1,181.5,4,0,0,4.77,1182,0.0,0,1,0,0
ORD002370,13201,1011,2024-04-08 17:00:00,732.23,1,Footwear,9.3,Credit Card,Maharashtra,Urban,11,5,0,6,0.4545,2.1,713,55,0.0771,4,12,3,0,3,14.0,4,0,0,4.05,1250,0.0,0,0,0,1
ORD002371,15806,1423,2024-04-08 18:00:00,536.35,1,Home,18.7,COD,West Bengal,Urban,6,1,0,5,0.1667,9.0,752,35,0.0465,4,10,4,0,1,69.8,4,0,0,3.35,614,536.35,0,1,0,0
ORD002372,15069,1072,2024-04-08 19:00:00,1107.29,3,Fashion,11.5,UPI,Karnataka,Rural,8,3,0,5,0.375,54.0,766,68,0.0888,1,7,3,0,3,155.5,6,0,0,4.02,966,0.0,0,0,0,0
ORD002373,13155,1587,2024-04-08 20:00:00,1259.43,2,Electronics,2.5,UPI,Karnataka,Urban,10,1,0,9,0.1,31.5,764,123,0.161,2,6,2,0,2,118.5,6,0,0,4.86,737,0.0,0,0,0,0
ORD002374,13093,1200,2024-04-08 21:00:00,662.9,1,Home,7.0,UPI,Bihar,Urban,8,0,1,7,0.0,12.7,756,40,0.0529,1,3,4,0,2,165.4,5,0,0,4.54,852,0.0,0,0,0,0
ORD002375,13530,1521,2024-04-08 22:00:00,754.12,1,Footwear,18.7,COD,Delhi,Semi-Urban,4,1,0,3,0.25,31.1,772,136,0.1762,3,9,1,0,2,320.7,7,0,0,3.91,999,754.12,0,0,1,1
ORD002376,15658,1504,2024-04-08 23:00:00,694.21,2,Electronics,11.2,UPI,Delhi,Urban,6,0,0,6,0.0,7.6,763,95,0.1245,5,10,3,0,5,70.8,3,0,0,3.46,1529,0.0,1,0,1,0
ORD002377,13778,1737,2024-04-09 00:00:00,856.71,1,Electronics,12.1,UPI,Maharashtra,Urban,8,0,1,7,0.0,5.1,755,64,0.0848,2,4,1,0,4,143.4,5,0,0,4.14,1537,0.0,1,0,1,0
ORD002378,12896,1687,2024-04-09 01:00:00,1517.57,2,Beauty,26.3,COD,Karnataka,Urban,8,1,0,7,0.125,62.8,736,203,0.2758,1,7,5,0,2,266.6,2,0,0,4.37,1808,1517.57,0,2,1,1
ORD002379,13453,1787,2024-04-09 02:00:00,574.36,1,Footwear,8.2,COD,Delhi,Urban,10,2,0,8,0.2,10.0,791,128,0.1618,2,5,2,0,1,60.4,2,0,0,4.95,1811,574.36,0,0,1,1
ORD002380,16891,1038,2024-04-09 03:00:00,746.64,1,Beauty,22.3,COD,West Bengal,Rural,10,0,0,10,0.0,6.0,742,249,0.3356,1,7,3,0,3,242.8,5,0,0,3.73,1659,746.64,1,0,1,0
ORD002381,13511,1059,2024-04-09 04:00:00,863.01,1,Electronics,13.3,COD,Maharashtra,Semi-Urban,5,0,0,5,0.0,23.1,727,188,0.2586,1,3,5,0,6,147.5,3,0,0,3.93,1577,863.01,0,0,1,1
ORD002382,17771,1577,2024-04-09 05:00:00,1092.2,2,Beauty,30.4,COD,West Bengal,Urban,10,0,0,10,0.0,53.3,750,100,0.1333,3,10,2,0,4,88.4,2,0,0,4.06,803,1092.2,0,0,1,1
ORD002383,10988,1320,2024-04-09 06:00:00,1294.13,3,Footwear,23.7,COD,Delhi,Urban,11,0,0,11,0.0,35.6,796,120,0.1508,2,6,4,0,4,141.7,5,0,0,4.13,360,1294.13,0,0,0,0
ORD002384,14116,1434,2024-04-09 07:00:00,3734.45,1,Home,7.9,COD,Karnataka,Urban,7,0,0,7,0.0,14.5,810,148,0.1827,3,8,3,0,4,57.4,4,0,0,4.63,1706,3734.45,0,1,0,1
ORD002385,16446,1635,2024-04-09 08:00:00,1545.77,1,Fashion,9.9,COD,Delhi,Urban,6,0,0,6,0.0,25.3,760,212,0.2789,1,10,2,0,5,239.2,3,0,0,3.94,630,1545.77,0,0,0,1
ORD002386,14964,1675,2024-04-09 09:00:00,1568.0,1,Home,18.4,COD,Maharashtra,Semi-Urban,12,3,2,7,0.25,5.6,729,87,0.1193,3,9,2,0,2,219.2,1,0,0,3.42,1242,1568.0,0,0,0,1
ORD002387,14026,1407,2024-04-09 10:00:00,934.52,1,Electronics,25.2,UPI,Maharashtra,Urban,9,0,1,8,0.0,17.9,731,84,0.1149,2,10,3,0,2,157.4,6,0,0,4.73,594,0.0,0,0,0,0
ORD002388,14179,1385,2024-04-09 11:00:00,609.16,3,Home,8.3,Credit Card,West Bengal,Rural,11,1,1,9,0.0909,45.6,765,65,0.085,2,6,3,0,3,192.5,5,0,0,5.0,927,0.0,0,0,0,1
ORD002389,17941,1670,2024-04-09 12:00:00,798.77,1,Beauty,25.1,Credit Card,West Bengal,Urban,9,1,0,8,0.1111,67.8,724,8,0.011,1,6,2,0,4,213.8,3,0,0,3.97,683,0.0,1,1,0,0
ORD002390,11682,1568,2024-04-09 13:00:00,716.09,3,Footwear,31.2,Wallet,Maharashtra,Rural,11,6,1,4,0.5455,32.9,739,46,0.0622,1,9,4,0,1,140.0,2,0,0,4.12,97,0.0,0,0,0,0
ORD002391,16072,1077,2024-04-09 14:00:00,1387.61,2,Home,9.3,COD,West Bengal,Urban,8,0,0,8,0.0,12.4,710,183,0.2577,4,5,3,0,1,66.0,1,0,0,3.01,1232,1387.61,0,0,0,0
ORD002392,17620,1193,2024-04-09 15:00:00,407.17,3,Home,5.9,COD,Bihar,Semi-Urban,9,0,0,9,0.0,7.8,739,114,0.1543,0,3,1,0,3,48.5,3,0,0,3.83,1339,407.17,0,0,0,1
ORD002393,15506,1284,2024-04-09 16:00:00,1564.81,2,Footwear,10.7,UPI,Maharashtra,Semi-Urban,6,1,0,5,0.1667,9.7,707,27,0.0382,1,5,2,1,5,67.3,3,0,0,4.43,445,0.0,0,0,0,0
ORD002394,15626,1526,2024-04-09 17:00:00,1022.14,1,Beauty,22.8,UPI,West Bengal,Urban,6,2,1,3,0.3333,34.7,768,18,0.0234,2,6,3,0,2,240.3,4,0,0,3.99,1803,0.0,0,0,0,0
ORD002395,17424,1523,2024-04-09 18:00:00,1702.77,1,Fashion,9.7,COD,Delhi,Semi-Urban,8,0,1,7,0.0,5.4,783,95,0.1213,1,5,3,0,5,93.9,3,0,0,4.35,175,1702.77,0,1,0,0
ORD002396,14665,1612,2024-04-09 19:00:00,710.28,1,Home,15.7,UPI,Karnataka,Semi-Urban,10,3,0,7,0.3,12.9,735,138,0.1878,2,4,2,0,3,76.7,3,0,0,3.82,418,0.0,0,0,0,0
ORD002397,13963,1155,2024-04-09 20:00:00,638.54,1,Electronics,42.0,COD,Bihar,Urban,8,0,2,6,0.0,83.2,748,49,0.0655,3,9,1,0,5,252.8,3,0,0,4.08,160,638.54,0,0,0,0
ORD002398,10933,1339,2024-04-09 21:00:00,859.2,1,Beauty,1.6,Debit Card,Bihar,Urban,11,0,2,9,0.0,62.3,731,43,0.0588,2,7,3,0,5,393.9,2,0,0,3.07,200,0.0,1,0,0,0
ORD002399,13598,1124,2024-04-09 22:00:00,846.92,1,Beauty,3.3,Credit Card,Karnataka,Urban,7,0,1,6,0.0,63.0,773,48,0.0621,2,8,3,0,2,74.1,3,0,0,3.7,439,0.0,0,0,1,0
ORD002400,13233,1279,2024-04-09 23:00:00,1779.0,4,Home,7.3,COD,Karnataka,Urban,7,0,0,7,0.0,1.4,716,39,0.0545,4,8,2,0,2,89.0,6,0,0,4.97,514,1779.0,2,0,1,0
ORD002401,11980,1621,2024-04-10 00:00:00,1768.85,1,Footwear,3.5,COD,Delhi,Urban,11,0,0,11,0.0,68.1,778,29,0.0373,3,6,5,0,2,144.9,4,0,0,4.51,1832,1768.85,0,0,1,1
ORD002402,17330,1657,2024-04-10 01:00:00,3439.27,2,Home,31.6,COD,Karnataka,Urban,3,0,0,3,0.0,5.2,761,106,0.1393,4,7,3,0,3,189.0,3,0,0,4.28,1700,3439.27,0,0,1,1
ORD002403,11855,1727,2024-04-10 02:00:00,814.61,3,Home,22.4,COD,Bihar,Rural,14,5,1,8,0.3571,35.0,773,16,0.0207,2,7,3,1,3,192.3,3,0,0,3.77,1872,814.61,0,0,1,0
ORD002404,13056,1673,2024-04-10 03:00:00,150.0,3,Footwear,34.4,COD,Delhi,Semi-Urban,13,1,2,10,0.0769,5.3,769,87,0.1131,2,5,4,0,4,39.7,4,0,0,3.69,1954,150.0,0,0,1,1
ORD002405,10792,1127,2024-04-10 04:00:00,857.78,1,Electronics,6.4,Debit Card,Karnataka,Urban,10,2,1,7,0.2,12.3,755,53,0.0702,2,8,1,1,4,41.7,6,0,0,4.06,1475,0.0,0,0,1,0
ORD002406,10791,1313,2024-04-10 05:00:00,1259.41,1,Footwear,13.1,Credit Card,Delhi,Urban,11,3,2,6,0.2727,13.4,794,50,0.063,3,8,3,0,1,197.4,5,0,0,4.44,570,0.0,0,0,1,0
ORD002407,17691,1331,2024-04-10 06:00:00,1683.65,1,Home,19.6,UPI,Delhi,Semi-Urban,12,0,0,12,0.0,17.4,780,89,0.1141,2,7,1,0,2,170.5,2,0,0,4.32,696,0.0,2,1,0,0
ORD002408,11809,1149,2024-04-10 07:00:00,1315.75,1,Fashion,11.3,Credit Card,West Bengal,Urban,11,1,1,9,0.0909,55.8,765,48,0.0627,1,6,3,0,4,281.1,1,0,0,5.0,1724,0.0,1,1,0,1
ORD002409,15390,1453,2024-04-10 08:00:00,814.22,1,Footwear,3.8,COD,Karnataka,Semi-Urban,9,2,0,7,0.2222,25.2,704,52,0.0739,2,7,4,0,4,125.4,3,0,0,4.2,439,814.22,2,1,0,0
ORD002410,16635,1035,2024-04-10 09:00:00,3067.13,2,Electronics,9.9,UPI,West Bengal,Urban,13,4,0,9,0.3077,5.5,721,42,0.0583,4,10,1,0,4,197.4,3,0,0,3.76,1495,0.0,0,0,0,1
ORD002411,12255,1684,2024-04-10 10:00:00,589.79,1,Footwear,7.6,UPI,Bihar,Semi-Urban,6,0,0,6,0.0,14.0,769,103,0.1339,1,5,2,0,2,486.6,4,0,1,4.44,603,0.0,0,0,0,0
ORD002412,13610,1419,2024-04-10 11:00:00,930.03,1,Footwear,15.7,Credit Card,Delhi,Urban,9,1,1,7,0.1111,3.9,763,260,0.3408,1,5,2,0,2,71.2,4,0,0,4.82,798,0.0,0,0,0,0
ORD002413,11607,1021,2024-04-10 12:00:00,573.67,4,Beauty,25.7,COD,Bihar,Semi-Urban,5,1,2,2,0.2,10.3,733,120,0.1637,3,8,3,0,3,284.4,7,0,0,4.34,1931,573.67,0,0,0,1
ORD002414,15179,1205,2024-04-10 13:00:00,1109.59,1,Beauty,7.5,Credit Card,Delhi,Urban,12,2,3,7,0.1667,13.8,762,76,0.0997,3,8,3,0,2,348.3,4,0,0,4.16,444,0.0,0,1,0,0
ORD002415,16573,1638,2024-04-10 14:00:00,2845.24,1,Home,4.7,Credit Card,Karnataka,Urban,11,2,2,7,0.1818,9.4,741,153,0.2065,1,6,1,0,5,114.5,2,0,0,3.89,1416,0.0,0,0,0,0
ORD002416,10984,1355,2024-04-10 15:00:00,1007.72,2,Home,7.5,UPI,Maharashtra,Urban,6,0,1,5,0.0,37.0,764,63,0.0825,2,3,4,0,4,24.3,4,0,0,3.78,1435,0.0,0,0,0,0
ORD002417,15776,1439,2024-04-10 16:00:00,1011.43,1,Footwear,5.2,COD,Karnataka,Urban,10,0,2,8,0.0,0.4,735,79,0.1075,4,8,2,0,3,48.5,3,0,0,3.8,1818,1011.43,1,0,0,0
ORD002418,13676,1728,2024-04-10 17:00:00,396.4,2,Fashion,24.9,Debit Card,Delhi,Urban,11,3,0,8,0.2727,67.8,774,179,0.2313,4,9,4,0,4,439.9,5,0,0,4.45,1271,0.0,1,0,0,0
ORD002419,13380,1095,2024-04-10 18:00:00,923.16,1,Home,13.2,COD,Maharashtra,Urban,10,4,0,6,0.4,18.5,777,90,0.1158,2,10,1,0,2,260.5,4,0,0,3.94,386,923.16,0,0,0,1
ORD002420,10519,1163,2024-04-10 19:00:00,2187.01,3,Footwear,14.3,COD,Maharashtra,Urban,10,1,1,8,0.1,40.5,750,182,0.2427,6,9,3,0,6,106.9,3,0,0,4.36,1264,2187.01,0,0,0,0
ORD002421,10590,1147,2024-04-10 20:00:00,943.75,1,Footwear,1.6,COD,Karnataka,Semi-Urban,11,0,0,11,0.0,5.2,756,172,0.2275,0,5,2,0,2,431.7,1,0,0,4.35,1460,943.75,0,0,0,0
ORD002422,11050,1529,2024-04-10 21:00:00,906.26,1,Footwear,4.1,UPI,Bihar,Semi-Urban,6,1,0,5,0.1667,10.8,739,108,0.1461,3,6,4,0,4,94.4,3,0,0,4.11,1368,0.0,0,0,0,0
ORD002423,15805,1293,2024-04-10 22:00:00,2129.04,1,Footwear,17.9,Credit Card,Karnataka,Rural,9,1,1,7,0.1111,86.0,740,17,0.023,1,7,2,0,3,139.5,2,0,0,4.46,1941,0.0,0,0,1,0
ORD002424,13633,1194,2024-04-10 23:00:00,908.56,1,Footwear,15.9,UPI,Delhi,Urban,9,0,3,6,0.0,19.4,736,163,0.2215,1,4,3,0,4,74.1,4,0,0,4.08,558,0.0,1,0,1,1
ORD002425,16131,1662,2024-04-11 00:00:00,2380.9,1,Beauty,11.0,COD,Bihar,Urban,4,2,0,2,0.5,11.1,730,21,0.0288,1,2,2,0,1,125.3,2,0,0,4.45,1762,2380.9,0,0,1,0
ORD002426,16342,1479,2024-04-11 01:00:00,507.36,1,Electronics,20.5,Wallet,Delhi,Semi-Urban,9,4,1,4,0.4444,164.3,730,52,0.0712,5,8,1,0,4,122.2,3,0,0,3.87,1419,0.0,1,0,1,0
ORD002427,16530,1122,2024-04-11 02:00:00,1647.0,1,Electronics,2.6,COD,Bihar,Urban,13,0,1,12,0.0,29.2,747,92,0.1232,0,4,5,0,4,225.3,1,0,0,3.66,1875,1647.0,0,0,1,0
ORD002428,14444,1399,2024-04-11 03:00:00,2944.8,1,Footwear,3.1,Wallet,West Bengal,Semi-Urban,11,0,3,8,0.0,41.3,742,54,0.0728,2,6,3,0,4,307.8,4,0,0,3.83,715,0.0,2,0,1,0
ORD002429,10959,1698,2024-04-11 04:00:00,2007.64,1,Home,7.9,Debit Card,Bihar,Rural,4,1,0,3,0.25,5.4,786,205,0.2608,0,10,4,0,5,197.3,6,0,0,3.79,1396,0.0,0,0,1,0
ORD002430,16059,1451,2024-04-11 05:00:00,357.68,1,Fashion,9.6,COD,West Bengal,Urban,9,1,0,8,0.1111,0.3,719,28,0.0389,0,3,4,1,4,90.8,3,0,0,3.5,315,357.68,0,0,1,0
ORD002431,10692,1660,2024-04-11 06:00:00,747.71,2,Footwear,7.8,COD,Delhi,Urban,7,2,0,5,0.2857,61.5,763,137,0.1796,2,5,2,0,2,198.0,5,0,0,3.47,809,747.71,1,1,0,0
ORD002432,15655,1103,2024-04-11 07:00:00,948.45,1,Fashion,7.0,COD,Karnataka,Semi-Urban,9,1,0,8,0.1111,9.1,744,19,0.0255,3,7,1,0,3,84.1,2,0,0,4.23,1872,948.45,0,0,0,1
ORD002433,13899,1754,2024-04-11 08:00:00,2010.17,1,Beauty,17.5,UPI,Delhi,Semi-Urban,4,0,0,4,0.0,36.1,779,48,0.0616,3,9,2,0,2,78.7,5,0,0,4.03,121,0.0,0,0,0,0
ORD002434,14473,1461,2024-04-11 09:00:00,493.26,2,Electronics,18.2,Credit Card,Karnataka,Urban,12,0,0,12,0.0,14.0,758,71,0.0937,0,5,5,0,4,60.0,2,0,0,4.32,1667,0.0,1,0,0,0
ORD002435,12946,1742,2024-04-11 10:00:00,595.05,3,Beauty,2.8,COD,West Bengal,Urban,10,0,0,10,0.0,53.6,773,172,0.2225,2,5,3,0,5,182.3,6,0,1,3.69,565,595.05,0,0,0,0
ORD002436,17059,1717,2024-04-11 11:00:00,418.6,1,Home,12.7,COD,Karnataka,Rural,10,2,1,7,0.2,7.5,771,74,0.096,1,5,4,0,1,58.1,6,0,0,3.82,532,418.6,0,1,0,0
ORD002437,17725,1709,2024-04-11 12:00:00,668.15,1,Home,19.5,UPI,Delhi,Urban,8,0,0,8,0.0,18.9,750,163,0.2173,3,3,4,0,4,107.1,3,0,0,3.76,1649,0.0,0,0,0,0
ORD002438,10526,1395,2024-04-11 13:00:00,517.51,1,Footwear,13.2,COD,Delhi,Urban,7,4,0,3,0.5714,11.4,731,87,0.119,1,9,4,0,3,222.7,5,0,0,4.61,1852,517.51,1,0,0,0
ORD002439,13224,1336,2024-04-11 14:00:00,2860.48,1,Home,4.1,UPI,Delhi,Rural,14,3,0,11,0.2143,28.9,776,7,0.009,3,7,4,0,6,105.4,7,0,0,4.48,989,0.0,0,0,0,0
ORD002440,16877,1598,2024-04-11 15:00:00,743.65,2,Home,4.9,UPI,Bihar,Rural,12,2,1,9,0.1667,19.2,772,9,0.0117,1,6,4,0,5,86.0,2,0,0,3.7,440,0.0,0,1,0,1
ORD002441,12253,1141,2024-04-11 16:00:00,1659.97,1,Beauty,10.4,COD,Delhi,Urban,8,2,1,5,0.25,33.3,753,41,0.0544,4,10,3,0,2,506.8,5,0,0,4.14,1673,1659.97,0,0,0,0
ORD002442,16598,1316,2024-04-11 17:00:00,1108.52,2,Fashion,22.1,Credit Card,Bihar,Urban,8,0,0,8,0.0,14.4,767,84,0.1095,4,11,3,0,2,192.6,5,0,0,4.04,1759,0.0,0,0,0,1
ORD002443,13344,1710,2024-04-11 18:00:00,1099.24,1,Electronics,16.3,UPI,Maharashtra,Semi-Urban,6,0,1,5,0.0,37.8,712,87,0.1222,1,10,5,0,7,338.4,2,0,0,4.69,321,0.0,0,1,0,1
ORD002444,13965,1557,2024-04-11 19:00:00,769.03,1,Home,13.0,UPI,West Bengal,Urban,8,0,0,8,0.0,17.7,771,123,0.1595,2,5,3,0,3,311.3,3,0,0,4.09,416,0.0,0,1,0,0
ORD002445,15355,1799,2024-04-11 20:00:00,1740.65,2,Home,16.5,COD,Maharashtra,Urban,8,0,1,7,0.0,3.1,795,67,0.0843,4,12,1,0,4,114.3,3,0,0,4.32,986,1740.65,0,0,0,1
ORD002446,11875,1526,2024-04-11 21:00:00,1203.04,1,Beauty,12.1,COD,Maharashtra,Rural,10,1,0,9,0.1,32.9,770,184,0.239,1,7,3,0,4,304.0,4,0,0,4.67,1610,1203.04,1,0,0,0
ORD002447,11763,1555,2024-04-11 22:00:00,1162.17,1,Electronics,13.0,UPI,Bihar,Semi-Urban,7,0,0,7,0.0,14.0,737,41,0.0556,4,8,3,0,2,95.6,1,0,0,3.66,781,0.0,0,1,1,0
ORD002448,10520,1400,2024-04-11 23:00:00,768.12,4,Beauty,12.7,COD,Bihar,Semi-Urban,10,4,0,6,0.4,38.3,726,118,0.1625,4,9,3,0,3,418.8,3,0,0,3.92,685,768.12,0,0,1,0
ORD002449,15797,1680,2024-04-12 00:00:00,847.37,3,Fashion,10.9,UPI,West Bengal,Semi-Urban,13,2,1,10,0.1538,59.1,788,26,0.033,3,10,4,0,3,105.6,4,0,0,4.99,831,0.0,1,0,1,1
ORD002450,11016,1309,2024-04-12 01:00:00,1561.41,2,Beauty,31.4,COD,West Bengal,Semi-Urban,8,1,0,7,0.125,59.0,824,52,0.0631,6,14,4,0,2,89.0,2,0,0,3.63,1584,1561.41,0,1,1,0
ORD002451,17099,1494,2024-04-12 02:00:00,1258.95,1,Electronics,21.5,COD,West Bengal,Rural,12,2,1,9,0.1667,38.2,726,19,0.0262,0,4,4,0,3,126.3,3,0,0,4.25,79,1258.95,0,0,1,1
ORD002452,17998,1555,2024-04-12 03:00:00,1180.96,1,Electronics,23.4,COD,Delhi,Urban,8,0,0,8,0.0,3.1,768,122,0.1589,0,6,4,0,1,195.1,3,0,0,4.24,1072,1180.96,2,0,1,0
ORD002453,16869,1609,2024-04-12 04:00:00,697.55,3,Home,6.7,COD,Delhi,Semi-Urban,8,3,2,3,0.375,82.2,707,99,0.14,3,6,2,0,3,307.7,1,0,0,3.71,970,697.55,0,2,1,1
ORD002454,15109,1772,2024-04-12 05:00:00,3520.87,1,Fashion,6.7,COD,West Bengal,Semi-Urban,8,3,1,4,0.375,18.6,742,56,0.0755,0,3,2,0,3,249.7,6,0,0,4.9,549,3520.87,0,0,1,1
ORD002455,16644,1108,2024-04-12 06:00:00,822.36,3,Footwear,19.6,COD,Bihar,Rural,9,1,0,8,0.1111,61.4,741,31,0.0418,1,6,4,0,2,211.8,3,0,0,3.97,1550,822.36,0,0,0,0
ORD002456,10116,1794,2024-04-12 07:00:00,1076.91,1,Home,9.4,UPI,Maharashtra,Semi-Urban,8,4,0,4,0.5,28.9,756,61,0.0807,3,8,2,0,1,65.4,4,0,0,4.44,1873,0.0,0,2,0,0
ORD002457,12433,1371,2024-04-12 08:00:00,980.22,1,Beauty,17.9,COD,West Bengal,Rural,7,1,0,6,0.1429,5.9,760,70,0.0921,1,9,3,0,2,68.0,4,0,0,3.54,658,980.22,0,0,0,0
ORD002458,15463,1615,2024-04-12 09:00:00,3543.35,4,Beauty,14.8,COD,West Bengal,Urban,7,2,1,4,0.2857,24.8,746,115,0.1542,1,3,4,0,4,165.8,3,0,0,3.93,1768,3543.35,1,0,0,0
ORD002459,10583,1767,2024-04-12 10:00:00,921.05,1,Electronics,19.2,COD,Maharashtra,Urban,5,1,0,4,0.2,11.5,762,42,0.0551,4,9,2,0,8,103.7,3,0,0,2.81,1677,921.05,0,0,0,0
ORD002460,10394,1205,2024-04-12 11:00:00,871.83,1,Electronics,25.4,UPI,Karnataka,Urban,11,1,1,9,0.0909,0.4,773,163,0.2109,2,5,4,0,1,222.7,2,0,0,4.52,582,0.0,0,0,0,1
ORD002461,15183,1042,2024-04-12 12:00:00,1177.31,1,Electronics,5.2,UPI,West Bengal,Urban,5,2,0,3,0.4,46.8,791,158,0.1997,2,5,2,0,2,177.0,3,0,0,4.52,1109,0.0,0,0,0,0
ORD002462,13788,1244,2024-04-12 13:00:00,723.34,1,Footwear,29.8,Credit Card,West Bengal,Urban,11,4,1,6,0.3636,98.7,772,56,0.0725,0,2,4,0,2,40.0,5,0,0,3.72,857,0.0,0,0,0,0
ORD002463,12768,1286,2024-04-12 14:00:00,1172.58,1,Footwear,2.8,COD,Delhi,Urban,12,1,3,8,0.0833,18.6,744,109,0.1465,2,6,4,0,1,247.0,6,0,0,4.31,1828,1172.58,0,1,0,1
ORD002464,14167,1354,2024-04-12 15:00:00,4550.36,1,Home,15.3,UPI,Maharashtra,Rural,8,0,1,7,0.0,9.6,770,134,0.174,1,4,4,0,6,150.8,3,0,0,4.01,192,0.0,1,0,0,0
ORD002465,13860,1784,2024-04-12 16:00:00,1312.67,1,Footwear,23.6,Debit Card,West Bengal,Urban,10,2,1,7,0.2,6.0,786,49,0.0623,5,11,2,0,1,70.9,5,0,0,3.65,1183,0.0,0,0,0,0
ORD002466,10273,1475,2024-04-12 17:00:00,1284.27,2,Electronics,3.0,COD,West Bengal,Urban,7,1,0,6,0.1429,7.3,729,132,0.1811,2,4,3,0,3,65.6,5,0,0,4.04,1191,1284.27,0,0,0,0
ORD002467,12013,1082,2024-04-12 18:00:00,712.84,1,Home,19.9,COD,Karnataka,Semi-Urban,11,1,0,10,0.0909,45.4,727,160,0.2201,7,10,4,0,3,194.1,6,0,0,4.06,84,712.84,0,0,0,1
ORD002468,15439,1109,2024-04-12 19:00:00,3058.02,4,Home,4.4,COD,Maharashtra,Urban,11,0,0,11,0.0,4.2,784,179,0.2283,2,6,3,1,4,257.8,4,0,0,4.3,1001,3058.02,1,0,0,0
ORD002469,14433,1189,2024-04-12 20:00:00,3510.17,1,Fashion,13.1,UPI,West Bengal,Urban,9,0,0,9,0.0,66.6,727,53,0.0729,2,6,2,0,3,265.5,3,0,0,3.63,1625,0.0,1,0,0,0
ORD002470,11389,1799,2024-04-12 21:00:00,1829.15,1,Footwear,16.5,COD,Karnataka,Urban,8,1,0,7,0.125,13.9,766,181,0.2363,3,10,4,0,4,244.3,2,0,0,4.28,1161,1829.15,0,1,0,0
ORD002471,13566,1250,2024-04-12 22:00:00,1623.44,1,Beauty,34.0,COD,West Bengal,Urban,9,2,0,7,0.2222,26.7,781,62,0.0794,1,5,3,0,6,95.2,2,0,0,3.7,1146,1623.44,0,0,1,0
ORD002472,14702,1723,2024-04-12 23:00:00,952.55,2,Beauty,4.5,COD,Bihar,Rural,6,0,1,5,0.0,13.8,728,51,0.0701,2,7,3,0,4,77.1,3,0,0,4.9,319,952.55,0,1,1,0
ORD002473,10165,1290,2024-04-13 00:00:00,1386.87,4,Fashion,23.0,UPI,Karnataka,Rural,11,6,1,4,0.5455,146.7,777,70,0.0901,1,8,3,0,1,98.3,4,1,0,4.54,1860,0.0,0,1,1,0
ORD002474,11567,1644,2024-04-13 01:00:00,664.41,2,Electronics,6.1,COD,Bihar,Rural,5,0,0,5,0.0,11.7,766,48,0.0627,1,7,4,0,4,86.9,4,1,0,3.52,98,664.41,1,0,1,1
ORD002475,16154,1200,2024-04-13 02:00:00,557.98,1,Fashion,36.4,Debit Card,West Bengal,Rural,10,0,1,9,0.0,11.8,724,21,0.029,4,6,3,0,1,158.8,2,1,0,4.23,1565,0.0,0,0,1,0
ORD002476,15420,1796,2024-04-13 03:00:00,449.25,1,Electronics,6.0,COD,Karnataka,Urban,11,4,0,7,0.3636,51.3,705,49,0.0695,4,6,4,0,5,226.1,1,1,0,4.29,1673,449.25,0,0,1,0
ORD002477,10728,1325,2024-04-13 04:00:00,1403.05,2,Footwear,10.5,Credit Card,Maharashtra,Semi-Urban,10,0,1,9,0.0,3.1,707,87,0.1231,4,8,2,0,5,171.7,4,1,0,3.76,1497,0.0,0,0,1,0
ORD002478,16944,1510,2024-04-13 05:00:00,479.61,3,Footwear,35.0,COD,Delhi,Semi-Urban,10,2,0,8,0.2,4.9,755,101,0.1338,1,6,2,0,5,26.6,2,1,0,5.0,1442,479.61,0,1,1,0
ORD002479,12043,1408,2024-04-13 06:00:00,812.58,4,Home,23.2,Credit Card,West Bengal,Rural,16,3,3,10,0.1875,93.2,804,84,0.1045,1,7,2,0,4,216.8,5,1,0,4.78,694,0.0,0,0,0,0
ORD002480,14197,1606,2024-04-13 07:00:00,1057.08,1,Home,20.0,Credit Card,Karnataka,Urban,5,2,0,3,0.4,2.5,739,215,0.2909,2,6,2,1,2,82.6,5,1,0,4.17,588,0.0,1,2,0,0
ORD002481,13496,1789,2024-04-13 08:00:00,1992.56,4,Home,37.6,COD,Bihar,Urban,7,3,0,4,0.4286,1.1,699,41,0.0587,0,8,3,0,3,9.3,5,1,0,4.33,1695,1992.56,1,0,0,0
ORD002482,15511,1507,2024-04-13 09:00:00,775.16,1,Home,22.6,COD,Karnataka,Urban,6,0,0,6,0.0,35.4,772,23,0.0298,5,9,5,0,5,430.4,5,1,0,4.0,1361,775.16,1,0,0,0
ORD002483,10778,1730,2024-04-13 10:00:00,2138.72,1,Beauty,12.2,UPI,Maharashtra,Urban,8,4,1,3,0.5,15.7,749,20,0.0267,0,3,4,0,3,58.9,3,1,0,3.9,1955,0.0,1,1,0,0
ORD002484,10213,1600,2024-04-13 11:00:00,1926.57,1,Home,23.5,COD,Karnataka,Semi-Urban,7,0,1,6,0.0,18.9,778,68,0.0874,3,5,6,0,3,117.1,4,1,0,3.75,1454,1926.57,0,1,0,1
ORD002485,13762,1071,2024-04-13 12:00:00,576.64,1,Home,17.0,Debit Card,Bihar,Urban,8,2,0,6,0.25,18.1,771,62,0.0804,1,7,4,0,1,100.9,7,1,0,4.17,1035,0.0,2,1,0,0
ORD002486,15207,1246,2024-04-13 13:00:00,2151.02,2,Home,8.4,COD,West Bengal,Urban,8,0,0,8,0.0,52.9,748,48,0.0642,4,8,2,0,6,261.0,5,1,0,3.58,1465,2151.02,1,0,0,0
ORD002487,11576,1640,2024-04-13 14:00:00,925.05,3,Electronics,15.2,COD,Bihar,Semi-Urban,13,2,2,9,0.1538,11.9,802,42,0.0524,1,9,1,0,6,171.5,6,1,0,4.26,1817,925.05,1,0,0,0
ORD002488,12448,1723,2024-04-13 15:00:00,812.92,2,Home,9.8,COD,Bihar,Urban,5,0,1,4,0.0,40.7,714,138,0.1933,2,6,1,0,2,53.6,5,1,0,3.47,127,812.92,0,0,0,1
ORD002489,16731,1607,2024-04-13 16:00:00,927.4,2,Fashion,11.1,COD,Bihar,Urban,8,1,0,7,0.125,21.3,776,245,0.3157,4,7,1,0,2,343.7,2,1,0,4.35,1499,927.4,1,0,0,0
ORD002490,12936,1586,2024-04-13 17:00:00,1094.33,1,Home,21.0,UPI,Delhi,Rural,12,0,0,12,0.0,4.1,765,27,0.0353,2,5,3,0,4,48.0,2,1,0,3.64,797,0.0,1,1,0,0
ORD002491,13117,1565,2024-04-13 18:00:00,854.89,2,Home,30.8,UPI,West Bengal,Semi-Urban,13,1,2,10,0.0769,31.9,762,137,0.1798,3,9,5,0,3,75.7,4,1,0,3.38,1942,0.0,1,0,0,1
ORD002492,15791,1343,2024-04-13 19:00:00,662.61,1,Beauty,18.4,UPI,Delhi,Semi-Urban,8,2,0,6,0.25,2.5,758,24,0.0317,4,14,3,0,1,86.3,4,1,0,3.96,331,0.0,0,1,0,0
ORD002493,17630,1053,2024-04-13 20:00:00,698.72,2,Home,31.9,Credit Card,Karnataka,Rural,9,1,0,8,0.1111,7.2,747,168,0.2249,2,7,4,0,1,39.3,2,1,0,3.46,1697,0.0,0,0,0,1
ORD002494,10591,1729,2024-04-13 21:00:00,1191.97,2,Electronics,12.8,COD,West Bengal,Urban,11,1,1,9,0.0909,20.3,717,24,0.0335,3,8,4,0,2,39.1,3,1,0,4.52,1706,1191.97,1,0,0,0
ORD002495,15429,1527,2024-04-13 22:00:00,995.97,2,Footwear,20.7,Credit Card,West Bengal,Urban,6,0,1,5,0.0,14.8,772,5,0.0065,5,7,2,0,1,213.3,3,1,0,4.8,1048,0.0,0,0,1,0
ORD002496,15205,1610,2024-04-13 23:00:00,1504.76,1,Home,29.3,COD,Karnataka,Urban,8,0,0,8,0.0,18.2,730,53,0.0726,3,13,3,0,3,401.2,3,1,0,4.63,632,1504.76,1,0,1,0
ORD002497,16235,1531,2024-04-14 00:00:00,1131.63,3,Home,6.9,COD,Karnataka,Urban,11,2,0,9,0.1818,17.6,751,102,0.1358,2,7,2,0,2,96.9,3,1,0,3.53,134,1131.63,3,1,1,0
ORD002498,17827,1557,2024-04-14 01:00:00,1148.5,1,Home,12.8,COD,Bihar,Semi-Urban,7,2,2,3,0.2857,20.1,742,212,0.2857,2,9,3,0,5,73.0,5,1,0,3.5,1778,1148.5,1,0,1,1
ORD002499,12720,1192,2024-04-14 02:00:00,1565.07,1,Beauty,24.6,Credit Card,West Bengal,Urban,6,2,0,4,0.3333,8.7,739,29,0.0392,3,8,4,0,3,275.2,6,1,0,3.97,125,0.0,1,0,1,0
ORD002500,10713,1057,2024-04-14 03:00:00,2569.2,2,Footwear,21.2,UPI,Maharashtra,Urban,13,2,2,9,0.1538,13.2,714,211,0.2955,3,7,1,0,2,24.3,2,1,0,4.56,187,0.0,0,0,1,0
ORD002501,10935,1436,2024-04-14 04:00:00,2631.77,1,Beauty,7.9,UPI,Bihar,Semi-Urban,12,0,1,11,0.0,33.9,800,239,0.2988,3,8,6,0,2,31.5,6,1,0,4.18,1008,0.0,0,0,1,0
ORD002502,16047,1110,2024-04-14 05:00:00,2450.98,3,Beauty,6.0,UPI,West Bengal,Urban,8,3,0,5,0.375,50.6,770,144,0.187,4,7,1,0,1,341.7,5,1,0,3.68,563,0.0,2,0,1,0
ORD002503,14337,1128,2024-04-14 06:00:00,1848.76,1,Beauty,7.9,COD,Karnataka,Rural,5,0,1,4,0.0,0.7,773,162,0.2096,4,11,4,0,1,57.2,4,1,0,4.42,272,1848.76,0,0,0,0
ORD002504,16139,1705,2024-04-14 07:00:00,3832.4,1,Electronics,6.2,COD,Karnataka,Urban,13,7,0,6,0.5385,12.5,783,38,0.0485,0,5,2,0,5,324.0,4,1,0,3.95,1581,3832.4,0,0,0,1
ORD002505,10001,1325,2024-04-14 08:00:00,1426.09,3,Footwear,6.4,COD,Maharashtra,Semi-Urban,8,3,0,5,0.375,12.0,787,17,0.0216,0,10,1,0,3,333.8,5,1,0,3.94,257,1426.09,0,0,0,1
ORD002506,16368,1007,2024-04-14 09:00:00,1333.19,1,Electronics,20.9,COD,West Bengal,Semi-Urban,4,0,0,4,0.0,19.2,741,206,0.278,6,11,1,0,2,187.8,2,1,0,4.2,1690,1333.19,0,0,0,0
ORD002507,12848,1028,2024-04-14 10:00:00,4214.78,1,Electronics,23.2,COD,Delhi,Rural,10,0,0,10,0.0,0.0,757,61,0.0806,0,3,4,0,2,86.2,3,1,0,3.78,1669,4214.78,1,0,0,1
ORD002508,15864,1111,2024-04-14 11:00:00,213.67,1,Footwear,2.9,UPI,Bihar,Urban,10,2,1,7,0.2,8.9,753,57,0.0757,3,11,3,0,1,51.5,3,1,0,4.96,178,0.0,0,0,0,1
ORD002509,14044,1672,2024-04-14 12:00:00,964.55,1,Electronics,15.7,COD,West Bengal,Urban,12,0,0,12,0.0,24.1,696,36,0.0517,3,10,2,0,3,121.2,3,1,0,3.85,971,964.55,0,0,0,1
ORD002510,11949,1130,2024-04-14 13:00:00,2325.05,2,Footwear,9.6,COD,Delhi,Urban,8,1,0,7,0.125,6.5,719,291,0.4047,0,10,1,0,3,241.6,2,1,0,4.17,1175,2325.05,0,0,0,1
ORD002511,16732,1187,2024-04-14 14:00:00,1974.67,1,Home,22.2,COD,Karnataka,Semi-Urban,14,1,2,11,0.0714,1.4,691,139,0.2012,3,5,3,0,4,50.2,4,1,0,4.17,1244,1974.67,0,0,0,0
ORD002512,16259,1674,2024-04-14 15:00:00,5112.23,3,Beauty,13.7,COD,Karnataka,Urban,11,1,2,8,0.0909,6.6,756,85,0.1124,1,5,1,0,2,130.8,4,1,1,4.39,1985,5112.23,0,0,0,1
ORD002513,17833,1708,2024-04-14 16:00:00,1169.69,2,Electronics,22.0,UPI,Delhi,Semi-Urban,11,2,1,8,0.1818,46.4,755,182,0.2411,1,7,4,0,3,478.6,3,1,0,4.15,284,0.0,1,0,0,1
ORD002514,10917,1474,2024-04-14 17:00:00,846.84,1,Footwear,10.8,UPI,Delhi,Urban,8,3,1,4,0.375,7.9,750,66,0.088,0,2,3,0,3,78.4,4,1,0,4.08,306,0.0,0,0,0,0
ORD002515,13174,1363,2024-04-14 18:00:00,898.52,2,Fashion,9.6,UPI,Maharashtra,Urban,12,1,1,10,0.0833,15.5,770,184,0.239,3,10,3,0,9,223.7,3,1,0,3.39,223,0.0,1,0,0,0
ORD002516,12241,1203,2024-04-14 19:00:00,1327.22,2,Electronics,2.2,COD,West Bengal,Urban,6,0,1,5,0.0,3.1,768,39,0.0508,2,6,5,0,2,188.5,1,1,0,3.2,1319,1327.22,1,0,0,0
ORD002517,17333,1211,2024-04-14 20:00:00,2901.52,1,Electronics,13.5,Credit Card,Karnataka,Rural,13,3,0,10,0.2308,32.9,736,266,0.3614,1,4,5,0,4,96.0,2,1,0,4.47,352,0.0,0,2,0,0
ORD002518,17014,1620,2024-04-14 21:00:00,2923.35,1,Footwear,19.3,Credit Card,Bihar,Semi-Urban,6,0,0,6,0.0,13.9,759,6,0.0079,2,6,4,0,2,19.8,2,1,0,3.99,1644,0.0,0,1,0,0
ORD002519,10089,1275,2024-04-14 22:00:00,1060.39,1,Fashion,25.6,COD,Karnataka,Urban,11,0,2,9,0.0,5.2,728,189,0.2596,2,9,4,0,2,438.4,4,1,0,4.01,1041,1060.39,0,0,1,1
ORD002520,11709,1072,2024-04-14 23:00:00,1276.41,2,Fashion,11.5,UPI,West Bengal,Semi-Urban,10,1,1,8,0.1,85.6,778,56,0.072,4,8,2,0,2,171.0,5,1,0,3.9,778,0.0,0,0,1,0
ORD002521,12169,1678,2024-04-15 00:00:00,759.79,2,Home,17.3,Debit Card,Delhi,Urban,5,1,0,4,0.2,45.6,710,187,0.2634,2,9,4,0,3,53.0,3,0,0,4.57,1825,0.0,0,0,1,0
ORD002522,14238,1771,2024-04-15 01:00:00,808.9,1,Electronics,18.1,COD,Maharashtra,Semi-Urban,6,3,1,2,0.5,11.7,764,207,0.2709,3,9,4,0,1,76.3,2,0,0,3.65,951,808.9,0,0,1,1
ORD002523,13041,1242,2024-04-15 02:00:00,2054.43,2,Beauty,15.1,Debit Card,Karnataka,Urban,13,2,4,7,0.1538,3.3,722,30,0.0416,0,5,3,0,3,42.8,5,0,0,3.55,1406,0.0,0,0,1,0
ORD002524,10105,1786,2024-04-15 03:00:00,2867.88,2,Electronics,10.0,COD,Maharashtra,Semi-Urban,5,0,0,5,0.0,24.0,683,163,0.2387,0,5,5,0,3,160.7,5,0,0,4.22,1941,2867.88,0,0,1,1
ORD002525,10886,1101,2024-04-15 04:00:00,721.71,2,Beauty,11.9,COD,Delhi,Semi-Urban,12,0,2,10,0.0,38.0,781,104,0.1332,1,11,2,0,9,83.8,4,0,0,4.75,1566,721.71,0,0,1,0
ORD002526,10427,1684,2024-04-15 05:00:00,1268.73,2,Beauty,5.9,COD,West Bengal,Urban,11,1,2,8,0.0909,52.3,727,142,0.1953,2,6,4,0,2,179.4,4,0,0,4.06,1972,1268.73,1,0,1,0
ORD002527,15424,1170,2024-04-15 06:00:00,947.81,1,Footwear,13.0,COD,Karnataka,Urban,10,1,0,9,0.1,13.7,757,25,0.033,2,8,5,0,4,62.5,1,0,0,3.83,978,947.81,1,0,0,1
ORD002528,11895,1652,2024-04-15 07:00:00,1841.48,3,Electronics,24.8,Credit Card,West Bengal,Urban,9,1,1,7,0.1111,5.9,763,14,0.0183,2,6,5,0,3,69.8,5,0,0,3.8,1829,0.0,0,1,0,0
ORD002529,16090,1187,2024-04-15 08:00:00,868.61,2,Footwear,4.3,COD,Bihar,Urban,7,2,0,5,0.2857,6.0,700,58,0.0829,2,5,2,0,2,249.5,5,0,0,4.32,1274,868.61,0,0,0,0
ORD002530,10316,1440,2024-04-15 09:00:00,345.2,2,Home,22.2,COD,West Bengal,Rural,10,1,0,9,0.1,0.5,724,181,0.25,2,11,2,0,1,39.5,3,0,0,4.32,1932,345.2,0,0,0,0
ORD002531,16082,1085,2024-04-15 10:00:00,2002.63,1,Beauty,4.9,UPI,Delhi,Urban,13,1,2,10,0.0769,38.9,739,141,0.1908,2,8,1,0,3,31.6,3,0,0,4.75,300,0.0,1,0,0,1
ORD002532,10634,1475,2024-04-15 11:00:00,914.07,1,Fashion,14.2,Wallet,Delhi,Urban,12,3,2,7,0.25,17.6,753,30,0.0398,1,7,3,0,1,144.8,2,0,0,4.13,1210,0.0,0,0,0,0
ORD002533,11925,1051,2024-04-15 12:00:00,972.95,1,Beauty,18.0,COD,Bihar,Semi-Urban,6,0,2,4,0.0,64.8,762,86,0.1129,2,10,1,0,1,157.0,1,0,0,3.81,1431,972.95,0,0,0,0
ORD002534,12056,1110,2024-04-15 13:00:00,1424.18,1,Home,7.7,COD,West Bengal,Urban,7,1,1,5,0.1429,4.7,738,48,0.065,1,3,6,0,3,132.9,3,0,0,3.71,1908,1424.18,0,0,0,0
ORD002535,16917,1042,2024-04-15 14:00:00,1355.19,2,Beauty,5.3,COD,Delhi,Urban,15,1,4,10,0.0667,9.3,717,41,0.0572,3,15,1,0,2,47.4,5,0,0,3.7,430,1355.19,0,0,0,0
ORD002536,13144,1210,2024-04-15 15:00:00,1441.84,1,Footwear,22.9,Credit Card,Delhi,Urban,6,1,0,5,0.1667,48.7,743,122,0.1642,3,6,2,0,2,108.0,3,0,1,4.7,885,0.0,1,1,0,0
ORD002537,17526,1199,2024-04-15 16:00:00,412.47,2,Electronics,17.1,COD,Delhi,Semi-Urban,6,1,2,3,0.1667,24.0,744,122,0.164,2,10,3,0,5,168.4,6,0,0,4.26,328,412.47,0,0,0,0
ORD002538,12270,1751,2024-04-15 17:00:00,1531.17,2,Fashion,15.0,COD,Delhi,Semi-Urban,6,3,0,3,0.5,11.0,754,13,0.0172,0,4,4,0,3,34.8,1,0,0,4.38,202,1531.17,0,0,0,1
ORD002539,11439,1626,2024-04-15 18:00:00,348.82,2,Footwear,11.2,COD,Maharashtra,Rural,4,0,0,4,0.0,7.8,742,9,0.0121,5,11,6,0,3,78.5,1,0,0,4.54,884,348.82,0,0,0,0
ORD002540,10552,1025,2024-04-15 19:00:00,1740.17,1,Electronics,31.4,COD,Karnataka,Urban,8,2,0,6,0.25,21.9,759,45,0.0593,3,8,3,0,3,20.1,5,0,0,4.06,1914,1740.17,0,1,0,0
ORD002541,17537,1298,2024-04-15 20:00:00,2145.29,4,Fashion,24.0,COD,Maharashtra,Urban,9,0,0,9,0.0,12.2,740,18,0.0243,1,7,3,0,4,63.5,4,0,0,3.97,1332,2145.29,1,0,0,1
ORD002542,10715,1076,2024-04-15 21:00:00,482.46,2,Home,5.7,Debit Card,Delhi,Rural,13,2,0,11,0.1538,7.7,756,39,0.0516,2,7,5,0,3,258.1,3,0,0,4.53,261,0.0,1,0,0,0
ORD002543,15383,1136,2024-04-15 22:00:00,1335.5,2,Beauty,15.4,Credit Card,West Bengal,Semi-Urban,11,1,4,6,0.0909,11.8,754,97,0.1286,2,6,2,0,3,157.7,5,0,0,4.05,1027,0.0,0,1,1,0
ORD002544,13911,1019,2024-04-15 23:00:00,2067.94,1,Fashion,43.3,Wallet,Maharashtra,Rural,10,2,1,7,0.2,30.6,745,81,0.1087,5,7,5,1,3,169.7,4,0,0,3.68,1887,0.0,0,0,1,0
ORD002545,11713,1439,2024-04-16 00:00:00,837.65,1,Home,31.4,COD,Bihar,Urban,8,0,1,7,0.0,13.6,774,59,0.0762,2,6,3,0,3,85.6,5,0,0,3.94,1998,837.65,0,0,1,0
ORD002546,15979,1210,2024-04-16 01:00:00,1642.84,1,Electronics,3.8,COD,Karnataka,Urban,8,1,3,4,0.125,16.1,738,158,0.2141,1,5,3,0,1,120.6,7,0,0,4.23,1287,1642.84,0,0,1,1
ORD002547,13389,1751,2024-04-16 02:00:00,206.18,1,Fashion,9.1,COD,West Bengal,Urban,10,1,0,9,0.1,27.5,791,30,0.0379,2,6,1,0,2,73.2,5,0,0,4.01,676,206.18,0,1,1,0
ORD002548,11107,1550,2024-04-16 03:00:00,2119.46,1,Home,17.3,COD,Maharashtra,Urban,5,1,1,3,0.2,16.6,795,9,0.0113,2,6,3,0,1,60.9,1,0,0,3.9,1477,2119.46,0,0,1,1
ORD002549,15437,1434,2024-04-16 04:00:00,1116.55,1,Electronics,20.2,Debit Card,Karnataka,Urban,18,1,2,15,0.0556,76.1,761,107,0.1406,1,9,3,0,3,154.9,4,0,0,3.92,1718,0.0,0,0,1,1
ORD002550,14206,1779,2024-04-16 05:00:00,939.46,2,Footwear,17.5,Wallet,Maharashtra,Urban,9,2,0,7,0.2222,1.8,756,10,0.0132,2,6,3,0,3,87.9,7,0,0,3.81,1249,0.0,0,0,1,0
ORD002551,10250,1206,2024-04-16 06:00:00,1979.15,1,Beauty,15.4,Credit Card,Bihar,Urban,9,0,0,9,0.0,28.1,784,69,0.088,2,7,5,0,3,156.7,2,0,0,4.14,512,0.0,1,0,0,0
ORD002552,12430,1438,2024-04-16 07:00:00,3095.09,1,Home,7.1,COD,Delhi,Semi-Urban,8,1,1,6,0.125,49.6,732,36,0.0492,0,7,2,0,1,294.6,4,0,0,4.26,1314,3095.09,1,1,0,0
ORD002553,12054,1778,2024-04-16 08:00:00,1467.67,3,Footwear,4.6,UPI,Bihar,Urban,10,3,3,4,0.3,7.9,767,157,0.2047,2,5,1,0,2,85.7,3,0,0,4.01,863,0.0,1,0,0,0
ORD002554,10458,1665,2024-04-16 09:00:00,2879.09,1,Electronics,5.5,UPI,Delhi,Urban,6,0,0,6,0.0,13.3,758,97,0.128,2,6,2,0,3,227.8,6,0,0,3.99,1541,0.0,0,0,0,0
ORD002555,15203,1041,2024-04-16 10:00:00,431.83,2,Fashion,5.1,Credit Card,Karnataka,Rural,8,1,3,4,0.125,12.0,762,77,0.101,0,5,3,0,1,408.4,1,0,0,3.51,752,0.0,0,1,0,0
ORD002556,10207,1410,2024-04-16 11:00:00,1635.28,1,Beauty,11.1,COD,Maharashtra,Urban,11,1,0,10,0.0909,60.5,768,211,0.2747,1,7,4,0,3,35.1,4,0,0,3.02,1812,1635.28,0,0,0,1
ORD002557,10899,1522,2024-04-16 12:00:00,1013.13,1,Electronics,15.8,COD,Maharashtra,Urban,6,1,1,4,0.1667,9.5,743,248,0.3338,3,10,1,0,4,241.2,4,0,0,4.44,762,1013.13,1,0,0,0
ORD002558,13461,1609,2024-04-16 13:00:00,683.39,1,Home,12.6,COD,Bihar,Semi-Urban,9,1,3,5,0.1111,19.7,696,93,0.1336,2,6,2,0,3,197.9,4,0,0,4.35,914,683.39,1,1,0,0
ORD002559,13385,1426,2024-04-16 14:00:00,344.74,2,Beauty,15.6,Credit Card,West Bengal,Urban,13,2,0,11,0.1538,4.5,787,59,0.075,6,17,3,0,4,75.0,2,0,0,4.08,1887,0.0,3,0,0,1
ORD002560,10021,1274,2024-04-16 15:00:00,1582.99,1,Footwear,3.1,UPI,Karnataka,Semi-Urban,11,2,0,9,0.1818,1.1,754,50,0.0663,3,5,2,1,3,190.6,2,0,0,3.95,261,0.0,0,0,0,0
ORD002561,10409,1447,2024-04-16 16:00:00,1854.14,3,Beauty,24.2,UPI,Delhi,Semi-Urban,6,0,2,4,0.0,27.3,790,101,0.1278,2,4,2,0,3,234.8,1,0,0,3.86,1411,0.0,1,1,0,0
ORD002562,10894,1741,2024-04-16 17:00:00,2453.36,1,Footwear,6.6,Debit Card,Karnataka,Urban,13,1,2,10,0.0769,19.9,791,134,0.1694,2,6,4,0,3,235.9,1,0,0,3.66,82,0.0,0,0,0,0
ORD002563,10514,1368,2024-04-16 18:00:00,2221.4,1,Electronics,14.7,COD,Bihar,Rural,16,0,6,10,0.0,2.3,780,91,0.1167,3,10,1,0,1,118.3,4,0,0,3.97,1073,2221.4,0,0,0,1
ORD002564,17294,1219,2024-04-16 19:00:00,690.2,2,Fashion,36.8,COD,Maharashtra,Semi-Urban,14,0,0,14,0.0,78.5,710,20,0.0282,3,6,1,0,2,98.7,6,0,0,4.19,1359,690.2,0,0,0,0
ORD002565,14904,1576,2024-04-16 20:00:00,2378.97,1,Beauty,15.3,COD,Delhi,Semi-Urban,7,0,0,7,0.0,14.1,743,76,0.1023,1,6,1,0,2,129.6,4,0,0,4.29,894,2378.97,0,1,0,0
ORD002566,17867,1231,2024-04-16 21:00:00,2534.64,2,Fashion,5.7,COD,Delhi,Urban,7,0,0,7,0.0,16.3,776,91,0.1173,1,4,2,0,7,397.8,4,0,0,4.28,186,2534.64,0,0,0,0
ORD002567,14969,1327,2024-04-16 22:00:00,938.24,1,Fashion,11.1,COD,Delhi,Urban,13,0,3,10,0.0,16.0,772,135,0.1749,1,1,7,0,4,73.7,5,0,0,4.65,59,938.24,1,0,1,0
ORD002568,14109,1442,2024-04-16 23:00:00,1115.5,1,Beauty,12.4,COD,Delhi,Urban,8,0,2,6,0.0,17.9,749,79,0.1055,3,9,4,0,3,114.6,2,0,0,4.36,898,1115.5,0,1,1,0
ORD002569,15066,1051,2024-04-17 00:00:00,626.1,2,Beauty,22.7,COD,Karnataka,Urban,10,5,0,5,0.5,16.5,786,72,0.0916,4,9,6,0,1,202.4,2,0,0,4.01,616,626.1,0,0,1,1
ORD002570,17121,1375,2024-04-17 01:00:00,2666.53,4,Fashion,14.1,COD,Karnataka,Urban,11,1,0,10,0.0909,45.2,724,95,0.1312,2,8,5,1,3,183.5,4,0,0,3.78,206,2666.53,0,0,1,1
ORD002571,17157,1262,2024-04-17 02:00:00,442.72,1,Home,1.9,COD,Bihar,Urban,9,2,2,5,0.2222,15.9,731,73,0.0999,3,10,3,0,1,16.5,3,0,0,3.98,1127,442.72,0,0,1,1
ORD002572,17179,1266,2024-04-17 03:00:00,1511.69,2,Home,8.6,COD,Maharashtra,Urban,9,1,2,6,0.1111,20.3,732,140,0.1913,5,10,3,0,3,175.9,4,0,0,3.6,548,1511.69,0,0,1,0
ORD002573,12134,1358,2024-04-17 04:00:00,766.55,1,Beauty,14.6,Debit Card,Maharashtra,Urban,11,1,0,10,0.0909,9.2,715,126,0.1762,3,8,3,1,4,83.8,1,0,0,4.39,1483,0.0,0,0,1,0
ORD002574,13595,1316,2024-04-17 05:00:00,564.13,2,Fashion,9.0,Debit Card,Karnataka,Urban,9,1,1,7,0.1111,19.4,782,218,0.2788,1,8,3,0,4,173.6,3,0,0,3.33,1671,0.0,0,0,1,0
ORD002575,12956,1323,2024-04-17 06:00:00,356.08,2,Fashion,11.4,UPI,Bihar,Semi-Urban,7,1,0,6,0.1429,23.3,764,86,0.1126,2,8,3,0,3,118.1,1,0,0,4.5,1750,0.0,1,0,0,0
ORD002576,11560,1665,2024-04-17 07:00:00,963.68,1,Electronics,23.1,Credit Card,West Bengal,Urban,6,0,0,6,0.0,33.5,798,84,0.1053,1,4,3,0,3,98.1,6,0,0,3.92,555,0.0,0,0,0,0
ORD002577,15420,1651,2024-04-17 08:00:00,513.5,1,Fashion,2.5,UPI,Delhi,Urban,7,0,0,7,0.0,46.4,763,18,0.0236,1,10,2,0,2,222.2,5,0,0,3.95,1387,0.0,2,1,0,1
ORD002578,11266,1562,2024-04-17 09:00:00,1134.39,1,Home,9.1,Credit Card,Maharashtra,Urban,9,0,1,8,0.0,25.8,798,36,0.0451,2,7,1,0,5,130.3,3,0,0,3.91,596,0.0,0,0,0,0
ORD002579,12169,1628,2024-04-17 10:00:00,3170.37,1,Electronics,38.1,UPI,Delhi,Semi-Urban,11,3,1,7,0.2727,3.8,694,172,0.2478,4,9,5,0,2,288.9,1,0,0,4.26,692,0.0,0,0,0,0
ORD002580,17314,1420,2024-04-17 11:00:00,1236.08,1,Home,32.6,COD,Maharashtra,Semi-Urban,6,0,0,6,0.0,2.5,723,136,0.1881,4,10,2,1,1,200.3,4,0,0,3.59,676,1236.08,0,2,0,1
ORD002581,13638,1045,2024-04-17 12:00:00,3635.01,2,Footwear,5.5,Credit Card,West Bengal,Rural,6,2,1,3,0.3333,22.3,774,130,0.168,1,5,6,0,2,119.5,3,0,0,4.88,1240,0.0,0,0,0,0
ORD002582,10749,1599,2024-04-17 13:00:00,608.28,4,Beauty,33.1,COD,Maharashtra,Semi-Urban,8,0,0,8,0.0,7.4,701,109,0.1555,1,7,2,0,3,373.9,4,0,0,4.33,297,608.28,1,1,0,0
ORD002583,13427,1719,2024-04-17 14:00:00,508.48,1,Footwear,5.8,COD,West Bengal,Urban,9,0,0,9,0.0,39.2,754,89,0.118,3,10,3,0,2,198.2,2,0,0,3.92,1471,508.48,0,0,0,1
ORD002584,14780,1268,2024-04-17 15:00:00,592.17,1,Beauty,12.6,UPI,Maharashtra,Urban,10,0,0,10,0.0,66.1,771,82,0.1064,1,6,2,0,2,237.2,5,0,0,3.76,1713,0.0,0,0,0,0
ORD002585,11927,1600,2024-04-17 16:00:00,1054.62,1,Home,15.1,Debit Card,Karnataka,Semi-Urban,3,0,0,3,0.0,13.9,756,21,0.0278,5,8,4,0,1,161.2,2,0,0,4.31,678,0.0,0,0,0,0
ORD002586,13804,1380,2024-04-17 17:00:00,5618.21,3,Home,13.0,COD,Delhi,Urban,7,0,0,7,0.0,23.8,740,33,0.0446,2,8,5,0,3,184.3,4,0,0,3.92,495,5618.21,0,0,0,0
ORD002587,13702,1117,2024-04-17 18:00:00,404.53,1,Footwear,29.4,UPI,Bihar,Urban,8,1,0,7,0.125,29.3,752,53,0.0705,2,12,3,1,3,466.2,4,0,0,4.31,373,0.0,0,0,0,1
ORD002588,12356,1565,2024-04-17 19:00:00,1590.49,1,Beauty,18.0,COD,Bihar,Semi-Urban,14,0,0,14,0.0,37.2,789,110,0.1394,5,11,6,0,2,191.9,2,0,0,3.81,1208,1590.49,0,0,0,0
ORD002589,14790,1115,2024-04-17 20:00:00,720.55,1,Beauty,34.0,Debit Card,Maharashtra,Urban,6,1,0,5,0.1667,16.6,722,13,0.018,3,10,4,0,2,208.9,1,0,0,4.74,1992,0.0,0,1,0,1
ORD002590,12335,1629,2024-04-17 21:00:00,958.83,1,Electronics,3.8,UPI,Bihar,Rural,8,0,2,6,0.0,1.4,746,38,0.0509,2,7,1,0,3,196.9,1,0,0,3.6,152,0.0,0,0,0,0
ORD002591,10306,1259,2024-04-17 22:00:00,515.53,1,Fashion,18.9,COD,Delhi,Urban,14,0,2,12,0.0,5.1,771,13,0.0169,1,4,3,0,1,42.2,5,0,0,3.86,1824,515.53,0,0,1,0
ORD002592,17979,1074,2024-04-17 23:00:00,1858.42,1,Electronics,23.2,UPI,Karnataka,Semi-Urban,12,2,0,10,0.1667,1.3,766,157,0.205,1,2,2,0,4,401.9,5,0,0,3.28,1706,0.0,0,0,1,0
ORD002593,13665,1479,2024-04-18 00:00:00,1068.11,1,Home,7.7,COD,Karnataka,Rural,9,2,1,6,0.2222,18.1,751,122,0.1625,2,6,4,0,4,382.4,2,0,0,3.5,1476,1068.11,0,0,1,1
ORD002594,11989,1304,2024-04-18 01:00:00,2105.85,1,Footwear,11.9,COD,West Bengal,Semi-Urban,8,0,0,8,0.0,21.8,804,27,0.0336,2,4,3,0,2,30.3,1,0,0,4.92,85,2105.85,0,0,1,0
ORD002595,17057,1006,2024-04-18 02:00:00,1218.22,1,Beauty,12.4,UPI,Bihar,Urban,14,0,2,12,0.0,0.6,729,36,0.0494,1,4,2,0,5,301.3,5,0,0,4.17,676,0.0,0,0,1,0
ORD002596,17890,1365,2024-04-18 03:00:00,344.13,1,Electronics,20.6,UPI,Delhi,Rural,15,0,1,14,0.0,8.9,766,60,0.0783,5,8,7,0,1,59.1,1,0,0,3.76,936,0.0,0,0,1,0
ORD002597,10661,1633,2024-04-18 04:00:00,2117.36,1,Footwear,4.9,COD,Bihar,Semi-Urban,11,3,1,7,0.2727,63.7,753,67,0.089,4,8,4,1,3,53.7,5,0,0,4.33,1125,2117.36,0,0,1,1
ORD002598,14644,1522,2024-04-18 05:00:00,327.73,3,Footwear,22.1,COD,Delhi,Urban,7,1,1,5,0.1429,1.3,757,104,0.1374,0,3,6,0,3,204.4,5,0,0,4.32,1076,327.73,0,0,1,0
ORD002599,17519,1347,2024-04-18 06:00:00,357.12,3,Fashion,8.2,Credit Card,West Bengal,Rural,12,5,0,7,0.4167,16.5,740,36,0.0486,0,3,5,0,4,128.7,5,0,0,4.25,1557,0.0,0,0,0,0
ORD002600,10311,1437,2024-04-18 07:00:00,632.5,1,Beauty,10.5,UPI,Bihar,Urban,14,3,0,11,0.2143,27.8,728,77,0.1058,3,6,3,0,2,96.8,2,0,0,3.74,157,0.0,1,0,0,0
ORD002601,12920,1214,2024-04-18 08:00:00,637.58,1,Footwear,11.7,COD,Karnataka,Urban,6,0,2,4,0.0,8.6,751,136,0.1811,4,9,2,0,2,311.7,4,0,0,4.59,1002,637.58,1,0,0,0
ORD002602,11082,1428,2024-04-18 09:00:00,2534.15,2,Beauty,17.2,COD,West Bengal,Urban,10,0,2,8,0.0,57.3,758,45,0.0594,2,6,7,0,4,102.4,4,0,0,4.31,332,2534.15,1,1,0,1
ORD002603,17810,1790,2024-04-18 10:00:00,989.61,1,Electronics,16.1,COD,Bihar,Semi-Urban,6,0,0,6,0.0,4.0,742,40,0.0539,2,7,3,0,1,274.7,4,0,0,3.14,276,989.61,0,0,0,0
ORD002604,12971,1497,2024-04-18 11:00:00,2317.93,1,Footwear,22.4,Credit Card,Karnataka,Urban,14,3,0,11,0.2143,29.5,704,62,0.0881,3,6,3,0,3,124.2,2,0,0,4.05,1301,0.0,0,0,0,1
ORD002605,15833,1539,2024-04-18 12:00:00,779.97,1,Footwear,9.3,Wallet,Karnataka,Semi-Urban,8,0,2,6,0.0,13.4,757,191,0.2523,1,2,2,0,3,95.8,3,0,0,3.96,1884,0.0,0,0,0,0
ORD002606,10754,1746,2024-04-18 13:00:00,1326.88,3,Electronics,31.9,COD,Delhi,Urban,14,4,0,10,0.2857,7.3,727,101,0.1389,3,6,3,0,2,92.1,2,0,0,4.02,344,1326.88,1,0,0,1
ORD002607,14130,1366,2024-04-18 14:00:00,1457.42,3,Beauty,16.5,UPI,Karnataka,Urban,15,0,1,14,0.0,14.9,753,31,0.0412,1,11,3,1,1,38.4,2,0,0,3.63,1469,0.0,0,0,0,0
ORD002608,14540,1312,2024-04-18 15:00:00,1665.1,1,Beauty,13.8,UPI,Maharashtra,Rural,12,0,0,12,0.0,19.8,744,45,0.0605,1,5,5,1,4,193.3,3,0,0,4.29,1393,0.0,0,1,0,0
ORD002609,16236,1537,2024-04-18 16:00:00,829.68,1,Footwear,22.5,UPI,Bihar,Urban,8,2,0,6,0.25,6.7,753,53,0.0704,2,6,3,0,3,147.0,5,0,0,4.08,1207,0.0,0,1,0,0
ORD002610,16078,1053,2024-04-18 17:00:00,874.18,3,Electronics,26.8,Wallet,Bihar,Urban,9,0,0,9,0.0,62.1,731,102,0.1395,2,7,2,0,1,42.4,5,0,0,4.23,1340,0.0,0,0,0,0
ORD002611,15326,1540,2024-04-18 18:00:00,917.01,3,Home,23.9,COD,Delhi,Urban,7,0,2,5,0.0,2.8,734,159,0.2166,4,8,2,0,2,318.3,5,0,0,3.92,429,917.01,0,0,0,0
ORD002612,10352,1466,2024-04-18 19:00:00,406.89,4,Beauty,11.2,COD,Karnataka,Semi-Urban,6,0,2,4,0.0,20.5,737,49,0.0665,0,3,4,1,6,53.9,2,0,0,3.74,626,406.89,1,0,0,0
ORD002613,10902,1163,2024-04-18 20:00:00,1042.79,1,Home,18.1,Credit Card,Delhi,Semi-Urban,10,1,0,9,0.1,16.4,736,56,0.0761,2,5,2,0,1,178.9,4,0,0,3.99,96,0.0,0,0,0,0
ORD002614,15451,1781,2024-04-18 21:00:00,871.13,1,Footwear,7.0,COD,Maharashtra,Rural,8,0,0,8,0.0,49.8,700,160,0.2286,1,5,7,0,1,100.4,3,0,0,4.12,1648,871.13,0,0,0,0
ORD002615,13888,1333,2024-04-18 22:00:00,1553.16,2,Home,33.9,Credit Card,Delhi,Urban,15,3,0,12,0.2,15.0,775,103,0.1329,0,12,4,0,5,240.1,5,0,0,5.0,1917,0.0,0,0,1,0
ORD002616,17005,1546,2024-04-18 23:00:00,1158.38,1,Home,8.6,UPI,Bihar,Urban,4,1,0,3,0.25,22.6,765,30,0.0392,4,6,3,0,4,139.7,3,0,0,4.82,1032,0.0,0,0,1,0
ORD002617,15844,1797,2024-04-19 00:00:00,2445.07,1,Beauty,16.8,COD,Delhi,Semi-Urban,12,1,0,11,0.0833,64.7,755,141,0.1868,0,3,2,0,6,129.2,2,0,0,3.93,99,2445.07,0,0,1,0
ORD002618,10158,1347,2024-04-19 01:00:00,1143.73,1,Footwear,25.4,COD,Bihar,Semi-Urban,6,0,0,6,0.0,1.3,741,52,0.0702,4,10,3,0,1,159.9,5,0,0,3.72,1551,1143.73,0,0,1,0
ORD002619,11977,1272,2024-04-19 02:00:00,782.64,3,Home,6.0,COD,West Bengal,Semi-Urban,5,0,0,5,0.0,18.4,776,171,0.2204,1,4,4,0,3,225.7,2,0,0,3.96,839,782.64,0,0,1,0
ORD002620,10956,1719,2024-04-19 03:00:00,1135.26,3,Beauty,5.4,UPI,Maharashtra,Semi-Urban,14,0,2,12,0.0,64.4,724,253,0.3494,0,8,1,0,1,149.7,2,0,0,4.03,1624,0.0,0,0,1,0
ORD002621,12071,1749,2024-04-19 04:00:00,1693.41,1,Home,25.3,COD,Maharashtra,Urban,9,1,0,8,0.1111,2.6,766,103,0.1345,0,7,1,0,6,76.8,2,0,0,4.49,1636,1693.41,0,0,1,1
ORD002622,10403,1413,2024-04-19 05:00:00,378.45,3,Beauty,15.8,UPI,Bihar,Urban,7,1,1,5,0.1429,53.9,758,20,0.0264,0,4,3,0,3,213.9,3,0,0,3.49,1508,0.0,0,0,1,0
ORD002623,16948,1499,2024-04-19 06:00:00,713.98,1,Footwear,7.1,COD,West Bengal,Semi-Urban,7,2,1,4,0.2857,0.5,713,178,0.2496,2,7,4,0,1,203.0,1,0,0,3.85,1833,713.98,1,1,0,1
ORD002624,14611,1092,2024-04-19 07:00:00,723.06,2,Electronics,7.2,Credit Card,Karnataka,Urban,15,2,4,9,0.1333,43.2,724,10,0.0138,3,6,2,0,1,72.9,3,0,0,4.04,180,0.0,0,0,0,0
ORD002625,12779,1684,2024-04-19 08:00:00,1403.32,1,Beauty,34.5,Debit Card,Delhi,Urban,10,4,0,6,0.4,51.4,789,13,0.0165,1,3,3,0,4,91.3,4,0,0,4.27,1696,0.0,0,0,0,0
ORD002626,11387,1078,2024-04-19 09:00:00,1504.73,1,Beauty,6.3,UPI,Karnataka,Urban,11,4,0,7,0.3636,0.3,747,112,0.1499,2,6,2,0,2,157.9,3,0,0,4.82,1632,0.0,1,0,0,0
ORD002627,13453,1621,2024-04-19 10:00:00,1165.3,1,Home,3.5,Wallet,West Bengal,Urban,8,0,2,6,0.0,6.4,758,112,0.1478,1,7,2,0,2,383.1,4,0,0,4.11,754,0.0,1,0,0,0
ORD002628,16675,1216,2024-04-19 11:00:00,247.85,1,Footwear,7.8,COD,Maharashtra,Semi-Urban,11,2,1,8,0.1818,13.7,687,59,0.0859,3,6,5,0,2,196.1,5,0,0,4.23,1979,247.85,0,0,0,0
ORD002629,10955,1357,2024-04-19 12:00:00,407.01,1,Fashion,13.3,COD,Karnataka,Urban,8,3,0,5,0.375,15.2,751,164,0.2184,0,3,2,0,3,166.4,3,0,0,3.67,1190,407.01,0,0,0,0
ORD002630,16295,1617,2024-04-19 13:00:00,950.17,1,Fashion,19.2,COD,West Bengal,Semi-Urban,15,1,6,8,0.0667,24.7,745,133,0.1785,2,7,3,0,4,124.0,3,0,0,4.11,1219,950.17,0,0,0,0
ORD002631,17729,1506,2024-04-19 14:00:00,811.69,4,Electronics,16.4,COD,Maharashtra,Urban,9,1,1,7,0.1111,2.0,752,136,0.1809,4,9,2,0,2,327.0,4,0,0,4.38,936,811.69,0,0,0,1
ORD002632,11712,1558,2024-04-19 15:00:00,1100.17,1,Footwear,13.7,COD,Karnataka,Semi-Urban,6,0,1,5,0.0,0.5,770,138,0.1792,0,3,4,0,7,51.7,4,0,0,4.13,618,1100.17,0,0,0,0
ORD002633,17090,1180,2024-04-19 16:00:00,827.46,1,Beauty,18.7,Credit Card,Maharashtra,Semi-Urban,14,0,2,12,0.0,5.4,711,53,0.0745,2,13,1,0,2,180.6,6,0,0,3.14,1093,0.0,1,0,0,1
ORD002634,14703,1575,2024-04-19 17:00:00,2748.98,1,Fashion,14.2,Credit Card,Bihar,Semi-Urban,7,0,1,6,0.0,38.8,733,60,0.0819,1,3,2,0,2,166.8,3,0,0,4.43,674,0.0,1,0,0,1
ORD002635,17784,1245,2024-04-19 18:00:00,276.89,1,Electronics,26.5,UPI,Maharashtra,Urban,10,0,0,10,0.0,9.6,706,96,0.136,5,10,3,0,3,111.1,5,0,0,4.56,63,0.0,1,1,0,1
ORD002636,16563,1243,2024-04-19 19:00:00,1314.98,1,Footwear,25.2,UPI,Maharashtra,Urban,15,2,2,11,0.1333,31.5,775,60,0.0774,2,6,5,1,6,266.1,2,0,0,3.21,1139,0.0,0,2,0,0
ORD002637,11273,1505,2024-04-19 20:00:00,1802.28,2,Electronics,16.5,COD,West Bengal,Urban,8,1,0,7,0.125,12.8,796,45,0.0565,4,9,3,0,1,91.7,3,0,0,3.71,229,1802.28,0,0,0,1
ORD002638,17284,1421,2024-04-19 21:00:00,1670.57,1,Fashion,3.0,COD,West Bengal,Urban,5,0,0,5,0.0,27.7,767,212,0.2764,3,6,4,0,5,149.4,2,0,0,4.53,693,1670.57,0,0,0,1
ORD002639,17009,1319,2024-04-19 22:00:00,1758.76,2,Home,16.3,UPI,Delhi,Urban,8,0,0,8,0.0,0.3,761,28,0.0368,1,4,5,0,3,53.7,4,0,0,4.58,171,0.0,1,1,1,0
ORD002640,15631,1086,2024-04-19 23:00:00,1917.29,2,Home,16.9,COD,West Bengal,Semi-Urban,9,3,0,6,0.3333,1.2,735,52,0.0707,1,8,4,0,1,269.7,6,0,0,4.15,991,1917.29,0,1,1,1
ORD002641,13811,1216,2024-04-20 00:00:00,763.27,1,Footwear,4.7,UPI,Bihar,Rural,7,0,0,7,0.0,32.8,754,65,0.0862,0,5,5,1,3,328.9,2,1,0,4.3,1054,0.0,0,2,1,0
ORD002642,12625,1489,2024-04-20 01:00:00,566.29,1,Electronics,1.8,COD,Bihar,Urban,10,3,1,6,0.3,68.6,749,62,0.0828,2,8,5,0,2,274.4,2,1,0,4.96,200,566.29,0,1,1,0
ORD002643,12382,1518,2024-04-20 02:00:00,323.5,3,Beauty,26.5,UPI,Maharashtra,Urban,9,1,0,8,0.1111,3.5,770,201,0.261,0,5,3,0,3,346.1,7,1,0,3.93,325,0.0,0,0,1,1
ORD002644,11441,1277,2024-04-20 03:00:00,882.22,1,Fashion,7.6,Credit Card,West Bengal,Rural,9,2,1,6,0.2222,11.4,767,56,0.073,1,6,4,0,3,208.2,3,1,0,4.39,1669,0.0,0,0,1,0
ORD002645,12979,1721,2024-04-20 04:00:00,687.79,1,Home,21.5,UPI,Delhi,Semi-Urban,6,0,1,5,0.0,39.5,691,94,0.136,1,5,2,0,6,359.2,1,1,0,3.55,1480,0.0,0,1,1,0
ORD002646,11797,1168,2024-04-20 05:00:00,2201.66,3,Home,21.1,COD,West Bengal,Urban,5,1,1,3,0.2,3.1,759,130,0.1713,4,12,5,0,2,74.9,3,1,0,4.04,955,2201.66,1,0,1,1
ORD002647,14390,1329,2024-04-20 06:00:00,922.85,1,Electronics,13.9,COD,Delhi,Rural,14,0,0,14,0.0,9.1,766,4,0.0052,4,12,3,0,3,117.7,4,1,0,3.96,1295,922.85,1,0,0,0
ORD002648,14009,1649,2024-04-20 07:00:00,590.96,1,Home,19.4,COD,Maharashtra,Semi-Urban,9,1,1,7,0.1111,7.0,745,97,0.1302,1,10,3,0,5,101.3,5,1,0,3.54,1085,590.96,0,0,0,0
ORD002649,14850,1440,2024-04-20 08:00:00,537.47,4,Electronics,9.3,UPI,Bihar,Semi-Urban,13,0,0,13,0.0,17.6,764,55,0.072,2,6,5,0,3,94.0,3,1,0,3.86,1981,0.0,1,0,0,0
ORD002650,11394,1390,2024-04-20 09:00:00,3616.61,1,Fashion,2.7,COD,West Bengal,Semi-Urban,11,1,0,10,0.0909,4.0,770,66,0.0857,0,5,2,0,3,358.0,4,1,0,4.22,1493,3616.61,0,0,0,1
ORD002651,14281,1495,2024-04-20 10:00:00,1082.2,1,Electronics,6.1,Credit Card,West Bengal,Urban,14,1,2,11,0.0714,17.8,761,15,0.0197,3,6,2,0,2,212.8,2,1,0,4.3,743,0.0,1,0,0,0
ORD002652,11269,1380,2024-04-20 11:00:00,686.15,3,Home,46.4,COD,Bihar,Urban,7,1,0,6,0.1429,27.1,773,21,0.0272,1,9,11,0,2,40.5,2,1,0,3.86,526,686.15,1,1,0,1
ORD002653,14732,1305,2024-04-20 12:00:00,1181.36,3,Electronics,16.2,COD,Bihar,Urban,9,2,1,6,0.2222,16.8,752,101,0.1343,1,3,3,0,3,220.0,3,1,0,3.56,65,1181.36,1,0,0,0
ORD002654,15387,1741,2024-04-20 13:00:00,3422.52,1,Home,24.8,COD,Karnataka,Urban,12,1,0,11,0.0833,3.1,739,37,0.0501,0,6,3,0,6,41.2,7,1,0,4.82,747,3422.52,0,2,0,0
ORD002655,13714,1672,2024-04-20 14:00:00,868.0,1,Footwear,11.4,COD,Karnataka,Urban,13,1,3,9,0.0769,0.8,776,92,0.1186,1,7,6,0,3,110.5,1,1,0,4.21,1097,868.0,0,0,0,0
ORD002656,17404,1512,2024-04-20 15:00:00,1656.08,2,Home,9.8,Wallet,Karnataka,Urban,11,4,1,6,0.3636,104.4,790,50,0.0633,2,9,2,0,3,97.1,2,1,0,3.55,35,0.0,1,0,0,0
ORD002657,10529,1747,2024-04-20 16:00:00,2234.73,2,Home,39.9,Credit Card,Bihar,Urban,10,0,1,9,0.0,30.5,752,204,0.2713,1,2,4,0,4,268.4,7,1,0,4.24,1333,0.0,0,0,0,0
ORD002658,13623,1187,2024-04-20 17:00:00,352.53,1,Home,19.4,COD,Karnataka,Urban,10,0,1,9,0.0,51.4,719,65,0.0904,0,13,3,0,2,38.1,6,1,0,3.37,405,352.53,0,1,0,0
ORD002659,16164,1515,2024-04-20 18:00:00,747.66,1,Footwear,13.1,UPI,West Bengal,Urban,11,1,1,9,0.0909,0.1,731,40,0.0547,1,5,6,0,6,156.2,4,1,0,4.24,659,0.0,0,1,0,0
ORD002660,12958,1643,2024-04-20 19:00:00,2072.79,1,Beauty,6.3,UPI,Bihar,Semi-Urban,6,0,1,5,0.0,40.9,782,94,0.1202,2,5,2,0,2,120.3,4,1,0,4.26,1270,0.0,0,0,0,0
ORD002661,17904,1426,2024-04-20 20:00:00,720.84,3,Home,6.6,UPI,West Bengal,Urban,12,2,0,10,0.1667,68.1,776,125,0.1611,3,4,3,0,2,119.5,1,1,0,2.9,766,0.0,0,1,0,0
ORD002662,12914,1501,2024-04-20 21:00:00,1406.38,3,Beauty,33.4,COD,Bihar,Semi-Urban,7,0,0,7,0.0,6.0,781,165,0.2113,2,11,1,0,5,179.1,6,1,0,4.55,1051,1406.38,0,0,0,0
ORD002663,14889,1729,2024-04-20 22:00:00,695.69,4,Fashion,18.4,Debit Card,Maharashtra,Semi-Urban,9,0,0,9,0.0,8.4,725,52,0.0717,5,11,3,0,2,123.3,4,1,0,4.81,278,0.0,1,0,1,0
ORD002664,13591,1259,2024-04-20 23:00:00,839.38,3,Electronics,11.6,Credit Card,West Bengal,Urban,8,1,0,7,0.125,22.6,705,70,0.0993,2,7,2,0,4,58.7,2,1,0,4.29,524,0.0,0,0,1,0
ORD002665,12147,1512,2024-04-21 00:00:00,780.22,1,Beauty,2.7,UPI,Bihar,Urban,6,1,0,5,0.1667,4.6,765,31,0.0405,2,7,5,0,3,88.9,3,1,0,3.55,225,0.0,2,0,1,0
ORD002666,16895,1070,2024-04-21 01:00:00,1606.8,1,Fashion,16.7,COD,Delhi,Semi-Urban,8,0,1,7,0.0,0.8,764,87,0.1139,2,6,2,0,2,79.6,3,1,0,3.84,1210,1606.8,0,0,1,0
ORD002667,14573,1477,2024-04-21 02:00:00,1237.62,2,Electronics,14.8,COD,Bihar,Urban,10,0,1,9,0.0,37.5,707,129,0.1825,2,7,4,0,2,312.4,3,1,0,4.18,1826,1237.62,0,0,1,0
ORD002668,15718,1177,2024-04-21 03:00:00,1163.65,2,Home,11.7,COD,Maharashtra,Rural,7,0,0,7,0.0,42.3,726,126,0.1736,2,5,5,1,3,95.1,1,1,0,3.97,1008,1163.65,0,0,1,0
ORD002669,13369,1456,2024-04-21 04:00:00,4936.92,1,Home,27.4,Debit Card,Bihar,Semi-Urban,8,1,0,7,0.125,23.2,756,25,0.0331,4,6,2,0,2,231.6,4,1,0,4.43,734,0.0,0,0,1,0
ORD002670,10939,1188,2024-04-21 05:00:00,3114.48,1,Home,6.8,UPI,Maharashtra,Semi-Urban,6,1,0,5,0.1667,15.3,740,189,0.2554,1,6,3,0,2,195.8,3,1,0,4.06,199,0.0,1,0,1,0
ORD002671,10525,1290,2024-04-21 06:00:00,334.04,3,Footwear,12.9,COD,Karnataka,Semi-Urban,9,1,1,7,0.1111,21.9,744,116,0.1559,0,7,3,0,1,261.4,5,1,0,3.93,1387,334.04,0,0,0,1
ORD002672,16477,1519,2024-04-21 07:00:00,840.46,1,Footwear,2.1,COD,West Bengal,Urban,15,4,0,11,0.2667,12.8,785,120,0.1529,4,10,5,0,1,152.3,4,1,1,4.32,1461,840.46,1,0,0,1
ORD002673,10001,1764,2024-04-21 08:00:00,4702.63,1,Footwear,4.2,UPI,Maharashtra,Semi-Urban,6,1,0,5,0.1667,7.5,760,53,0.0697,0,4,3,0,4,212.1,2,1,0,4.47,615,0.0,0,0,0,0
ORD002674,10374,1291,2024-04-21 09:00:00,776.85,2,Footwear,47.1,COD,Delhi,Urban,12,0,0,12,0.0,2.5,773,357,0.4618,1,8,5,0,2,99.6,3,1,0,4.46,1736,776.85,1,0,0,0
ORD002675,12340,1755,2024-04-21 10:00:00,3837.77,2,Fashion,13.3,UPI,West Bengal,Urban,6,0,2,4,0.0,8.2,732,99,0.1352,4,8,4,1,3,252.2,5,1,0,3.66,15,0.0,0,0,0,0
ORD002676,16980,1634,2024-04-21 11:00:00,849.12,1,Fashion,8.5,Credit Card,Bihar,Urban,6,1,0,5,0.1667,20.0,774,50,0.0646,1,7,2,0,3,76.1,2,1,0,3.2,1216,0.0,1,0,0,1
ORD002677,14005,1282,2024-04-21 12:00:00,952.99,2,Home,13.9,Credit Card,Bihar,Semi-Urban,10,0,1,9,0.0,0.6,721,19,0.0264,1,6,2,0,3,168.6,4,1,0,3.71,370,0.0,1,0,0,0
ORD002678,13052,1543,2024-04-21 13:00:00,1841.14,1,Electronics,19.7,Credit Card,Maharashtra,Semi-Urban,10,1,1,8,0.1,47.6,710,66,0.093,3,8,3,0,4,294.1,1,1,0,3.76,1302,0.0,0,0,0,0
ORD002679,14648,1376,2024-04-21 14:00:00,1038.86,1,Footwear,21.1,UPI,Delhi,Urban,7,0,0,7,0.0,17.6,766,80,0.1044,0,3,5,0,3,40.4,4,1,0,3.58,1075,0.0,0,0,0,0
ORD002680,12365,1657,2024-04-21 15:00:00,1475.53,1,Electronics,17.7,Debit Card,Maharashtra,Semi-Urban,6,0,0,6,0.0,21.2,740,90,0.1216,1,11,1,0,3,118.7,5,1,0,3.51,590,0.0,0,0,0,0
ORD002681,11525,1155,2024-04-21 16:00:00,2821.35,2,Fashion,5.1,UPI,Delhi,Urban,7,3,0,4,0.4286,7.2,733,96,0.131,3,7,1,0,2,286.4,4,1,0,4.43,991,0.0,0,0,0,1
ORD002682,15947,1507,2024-04-21 17:00:00,1728.97,4,Footwear,10.3,Credit Card,Maharashtra,Urban,14,1,0,13,0.0714,120.6,783,24,0.0307,1,4,2,0,4,128.0,3,1,0,4.25,853,0.0,1,0,0,0
ORD002683,14476,1412,2024-04-21 18:00:00,1193.83,2,Fashion,28.2,UPI,Karnataka,Rural,6,0,0,6,0.0,14.3,744,74,0.0995,0,5,4,0,1,28.5,1,1,0,4.43,1456,0.0,0,0,0,0
ORD002684,11646,1527,2024-04-21 19:00:00,2993.25,3,Fashion,18.4,Credit Card,Karnataka,Urban,8,3,0,5,0.375,5.7,746,107,0.1434,3,9,3,0,5,332.5,5,1,0,4.27,1192,0.0,0,0,0,0
ORD002685,10013,1354,2024-04-21 20:00:00,1855.69,1,Beauty,1.6,COD,Karnataka,Urban,11,0,3,8,0.0,76.9,763,62,0.0813,3,7,1,0,5,232.2,3,1,0,4.02,1713,1855.69,0,0,0,1
ORD002686,14599,1558,2024-04-21 21:00:00,706.18,1,Fashion,14.1,UPI,Maharashtra,Urban,9,0,0,9,0.0,0.3,709,35,0.0494,1,5,3,0,3,215.2,4,1,0,3.58,1405,0.0,0,1,0,0
ORD002687,12278,1762,2024-04-21 22:00:00,3597.68,1,Home,12.7,COD,West Bengal,Urban,12,0,1,11,0.0,81.6,747,11,0.0147,0,6,2,0,6,381.0,3,1,0,4.18,1251,3597.68,0,0,1,1
ORD002688,16104,1186,2024-04-21 23:00:00,1612.3,1,Fashion,18.4,COD,Bihar,Urban,11,1,0,10,0.0909,9.5,717,27,0.0377,3,10,3,0,1,157.5,2,1,0,4.07,1042,1612.3,0,1,1,1
ORD002689,13155,1030,2024-04-22 00:00:00,964.68,2,Footwear,20.4,COD,West Bengal,Urban,10,2,0,8,0.2,34.0,772,55,0.0712,2,5,2,0,2,95.2,3,0,1,4.73,614,964.68,0,0,1,0
ORD002690,10129,1259,2024-04-22 01:00:00,326.2,2,Home,1.8,COD,Bihar,Urban,10,4,1,5,0.4,9.9,760,62,0.0816,9,12,2,0,4,149.2,5,0,0,3.82,1802,326.2,0,0,1,1
ORD002691,13814,1420,2024-04-22 02:00:00,479.84,4,Fashion,17.0,UPI,Delhi,Urban,6,0,1,5,0.0,23.4,748,88,0.1176,1,3,3,0,1,53.7,3,0,0,3.73,1055,0.0,0,0,1,0
ORD002692,14933,1528,2024-04-22 03:00:00,3041.42,1,Home,4.1,UPI,Karnataka,Semi-Urban,3,0,0,3,0.0,20.9,670,133,0.1985,3,5,4,0,2,173.1,3,0,0,4.78,934,0.0,1,1,1,0
ORD002693,13216,1550,2024-04-22 04:00:00,3114.42,1,Fashion,7.6,COD,Karnataka,Rural,7,1,1,5,0.1429,43.7,734,9,0.0123,4,9,2,1,2,70.3,1,0,0,4.5,1385,3114.42,0,0,1,0
ORD002694,12938,1303,2024-04-22 05:00:00,1154.21,1,Home,27.8,UPI,Bihar,Urban,10,1,0,9,0.1,22.7,708,47,0.0664,4,8,5,0,3,94.5,1,0,0,4.34,1676,0.0,0,0,1,0
ORD002695,13928,1038,2024-04-22 06:00:00,379.12,1,Electronics,18.6,Wallet,Karnataka,Urban,11,0,0,11,0.0,53.8,749,54,0.0721,3,8,2,0,3,108.6,6,0,0,4.23,1837,0.0,1,1,0,0
ORD002696,12040,1488,2024-04-22 07:00:00,571.24,1,Beauty,21.4,UPI,West Bengal,Urban,9,0,1,8,0.0,44.8,765,66,0.0863,5,11,2,0,2,18.9,3,0,0,4.1,1622,0.0,0,0,0,0
ORD002697,10027,1643,2024-04-22 08:00:00,413.95,1,Home,21.6,COD,Maharashtra,Urban,11,0,0,11,0.0,13.9,783,114,0.1456,0,6,4,0,1,70.8,2,0,0,4.19,1213,413.95,0,0,0,0
ORD002698,12113,1541,2024-04-22 09:00:00,405.02,1,Footwear,28.3,UPI,Karnataka,Semi-Urban,9,3,1,5,0.3333,21.1,719,13,0.0181,1,6,2,0,3,415.2,3,0,0,4.7,1358,0.0,0,0,0,1
ORD002699,17330,1669,2024-04-22 10:00:00,3699.98,1,Beauty,10.6,COD,Karnataka,Semi-Urban,8,0,0,8,0.0,43.4,791,193,0.244,1,6,4,0,2,34.0,3,0,0,4.35,1255,3699.98,0,0,0,0
ORD002700,11252,1277,2024-04-22 11:00:00,3774.23,1,Beauty,10.9,COD,Delhi,Urban,12,1,2,9,0.0833,56.9,691,71,0.1027,0,7,2,0,3,71.2,2,0,0,4.14,346,3774.23,0,0,0,1
ORD002701,14356,1202,2024-04-22 12:00:00,559.75,1,Fashion,12.0,UPI,Maharashtra,Urban,10,0,2,8,0.0,2.3,773,61,0.0789,2,6,3,0,4,103.4,1,0,0,4.02,845,0.0,0,0,0,0
ORD002702,12046,1065,2024-04-22 13:00:00,1090.9,1,Home,16.4,Wallet,Bihar,Urban,13,0,1,12,0.0,41.3,774,93,0.1202,2,8,6,0,4,142.0,7,0,0,4.82,632,0.0,1,0,0,0
ORD002703,15568,1107,2024-04-22 14:00:00,507.31,1,Beauty,2.7,UPI,Maharashtra,Semi-Urban,6,2,0,4,0.3333,19.3,756,88,0.1164,3,10,1,0,3,115.7,5,0,0,4.09,916,0.0,0,2,0,0
ORD002704,15543,1267,2024-04-22 15:00:00,1086.65,1,Footwear,4.2,UPI,Maharashtra,Semi-Urban,14,0,3,11,0.0,23.7,768,153,0.1992,3,7,2,0,2,42.1,7,0,0,4.2,1395,0.0,1,1,0,0
ORD002705,14555,1221,2024-04-22 16:00:00,2932.42,1,Footwear,17.4,UPI,Bihar,Urban,5,0,0,5,0.0,12.2,763,43,0.0564,2,6,4,0,5,12.7,4,0,0,4.42,1600,0.0,1,0,0,0
ORD002706,14023,1529,2024-04-22 17:00:00,2094.84,1,Footwear,6.0,COD,Maharashtra,Urban,9,1,2,6,0.1111,1.9,725,15,0.0207,2,14,3,0,2,379.1,1,0,0,4.48,245,2094.84,0,0,0,0
ORD002707,17843,1089,2024-04-22 18:00:00,1781.48,1,Fashion,36.4,Wallet,Delhi,Urban,5,0,0,5,0.0,72.8,723,178,0.2462,1,4,3,0,5,46.4,7,0,0,3.28,1214,0.0,0,0,0,0
ORD002708,14396,1692,2024-04-22 19:00:00,976.03,1,Electronics,18.6,COD,West Bengal,Semi-Urban,8,0,2,6,0.0,68.9,754,138,0.183,0,3,3,0,3,540.2,2,0,0,4.38,221,976.03,0,0,0,1
ORD002709,17062,1254,2024-04-22 20:00:00,2338.3,2,Home,8.8,COD,Maharashtra,Urban,9,0,0,9,0.0,5.5,734,90,0.1226,3,5,5,0,4,255.1,3,0,0,3.83,1989,2338.3,0,0,0,0
ORD002710,13374,1454,2024-04-22 21:00:00,1616.47,2,Beauty,10.1,COD,West Bengal,Urban,9,1,0,8,0.1111,12.2,760,107,0.1408,0,3,1,0,3,160.4,1,0,0,4.76,1360,1616.47,0,1,0,0
ORD002711,16430,1252,2024-04-22 22:00:00,1397.37,2,Home,7.2,COD,Delhi,Urban,10,0,2,8,0.0,22.4,773,250,0.3234,0,6,4,0,3,70.4,1,0,0,3.99,1014,1397.37,0,0,1,1
ORD002712,13466,1256,2024-04-22 23:00:00,1023.27,1,Beauty,16.6,COD,Delhi,Urban,6,1,1,4,0.1667,20.6,756,94,0.1243,2,7,1,0,3,84.9,3,0,0,3.92,190,1023.27,1,1,1,1
ORD002713,13081,1382,2024-04-23 00:00:00,1327.46,1,Fashion,29.6,COD,Maharashtra,Urban,8,3,0,5,0.375,3.3,714,93,0.1303,2,9,1,0,3,87.7,2,0,0,3.8,1530,1327.46,0,0,1,0
ORD002714,13778,1441,2024-04-23 01:00:00,1303.69,2,Home,21.7,Wallet,Karnataka,Semi-Urban,10,1,0,9,0.1,0.3,734,45,0.0613,1,6,1,0,1,9.8,2,0,0,4.54,426,0.0,0,0,1,0
ORD002715,10629,1598,2024-04-23 02:00:00,792.46,1,Fashion,30.5,UPI,Maharashtra,Urban,11,3,0,8,0.2727,97.9,748,157,0.2099,1,8,4,0,2,273.5,3,0,0,3.6,219,0.0,1,1,1,0
ORD002716,10269,1089,2024-04-23 03:00:00,688.87,2,Fashion,12.0,UPI,West Bengal,Rural,11,1,2,8,0.0909,102.7,742,64,0.0863,0,7,4,1,2,177.6,3,0,0,3.71,331,0.0,1,0,1,0
ORD002717,12639,1748,2024-04-23 04:00:00,602.96,1,Home,29.9,UPI,Delhi,Semi-Urban,7,2,1,4,0.2857,20.1,738,54,0.0732,1,6,2,0,2,164.2,5,0,0,3.85,552,0.0,0,0,1,1
ORD002718,11993,1389,2024-04-23 05:00:00,626.58,1,Home,13.9,Debit Card,West Bengal,Urban,15,1,1,13,0.0667,14.6,741,33,0.0445,3,6,6,0,2,30.9,2,0,1,4.38,1316,0.0,0,1,1,1
ORD002719,15724,1581,2024-04-23 06:00:00,979.59,2,Beauty,6.4,Credit Card,West Bengal,Semi-Urban,8,2,0,6,0.25,79.6,780,41,0.0526,4,13,4,0,5,49.3,5,0,0,4.11,1406,0.0,1,0,0,1
ORD002720,15897,1043,2024-04-23 07:00:00,887.48,1,Footwear,10.4,COD,Bihar,Urban,11,1,0,10,0.0909,15.9,750,24,0.032,0,2,1,0,3,63.3,2,0,0,3.88,1041,887.48,0,0,0,0
ORD002721,12891,1711,2024-04-23 08:00:00,755.64,1,Fashion,18.4,COD,Delhi,Urban,11,2,1,8,0.1818,16.0,813,90,0.1107,5,13,3,0,2,53.0,3,0,0,4.3,792,755.64,0,1,0,0
ORD002722,14957,1663,2024-04-23 09:00:00,722.8,1,Electronics,9.0,Wallet,Delhi,Rural,9,2,0,7,0.2222,3.3,762,95,0.1247,2,5,2,0,1,161.2,3,0,0,3.5,1000,0.0,0,0,0,0
ORD002723,13432,1597,2024-04-23 10:00:00,1306.53,1,Beauty,13.1,UPI,West Bengal,Semi-Urban,10,1,1,8,0.1,11.4,757,45,0.0594,0,7,8,0,4,26.8,2,0,1,4.15,1250,0.0,0,0,0,0
ORD002724,11280,1018,2024-04-23 11:00:00,2506.3,1,Beauty,44.1,COD,Delhi,Urban,7,0,0,7,0.0,26.1,790,140,0.1772,1,1,3,0,5,140.9,4,0,0,4.1,1461,2506.3,0,0,0,0
ORD002725,16276,1100,2024-04-23 12:00:00,1089.47,1,Footwear,15.1,COD,Maharashtra,Urban,8,1,0,7,0.125,32.8,763,36,0.0472,0,6,4,0,7,86.6,4,0,0,4.24,109,1089.47,0,1,0,0
ORD002726,17443,1606,2024-04-23 13:00:00,1047.54,2,Footwear,18.1,Wallet,Bihar,Urban,9,0,1,8,0.0,136.1,776,299,0.3853,1,6,3,0,2,59.0,2,0,0,3.82,1185,0.0,1,0,0,0
ORD002727,15895,1765,2024-04-23 14:00:00,625.82,2,Fashion,30.2,Wallet,Maharashtra,Urban,9,0,0,9,0.0,39.1,761,149,0.1958,2,8,2,1,5,184.9,3,0,0,4.93,1137,0.0,0,0,0,0
ORD002728,15802,1356,2024-04-23 15:00:00,959.26,1,Beauty,14.9,COD,Karnataka,Urban,8,0,1,7,0.0,28.6,742,56,0.0755,2,5,2,0,3,215.1,1,0,1,3.44,1049,959.26,0,0,0,0
ORD002729,17115,1541,2024-04-23 16:00:00,2239.93,4,Beauty,22.3,Debit Card,Karnataka,Urban,12,2,1,9,0.1667,5.0,765,174,0.2275,2,7,1,0,5,141.0,3,0,0,4.15,961,0.0,0,0,0,0
ORD002730,16656,1760,2024-04-23 17:00:00,2043.62,1,Electronics,15.5,UPI,West Bengal,Semi-Urban,10,0,0,10,0.0,11.1,742,131,0.1765,3,11,5,0,3,264.6,2,0,0,3.6,1520,0.0,2,0,0,1
ORD002731,12360,1032,2024-04-23 18:00:00,1960.17,1,Fashion,16.2,COD,Karnataka,Semi-Urban,9,0,1,8,0.0,32.4,793,132,0.1665,1,4,4,0,5,79.0,3,0,0,3.96,1392,1960.17,0,1,0,0
ORD002732,10575,1228,2024-04-23 19:00:00,1922.77,2,Fashion,26.4,COD,Maharashtra,Urban,8,2,0,6,0.25,16.2,716,12,0.0168,2,8,3,1,3,260.4,5,0,0,3.82,1764,1922.77,0,0,0,1
ORD002733,17029,1523,2024-04-23 20:00:00,1425.16,2,Footwear,18.2,Debit Card,Karnataka,Urban,16,1,1,14,0.0625,35.9,760,180,0.2368,2,8,2,0,2,196.4,7,0,0,4.11,788,0.0,0,0,0,0
ORD002734,16099,1629,2024-04-23 21:00:00,1395.1,2,Fashion,10.1,UPI,West Bengal,Urban,13,0,0,13,0.0,27.1,750,91,0.1213,0,5,2,0,5,384.5,7,0,0,3.33,1713,0.0,0,0,0,0
ORD002735,11307,1154,2024-04-23 22:00:00,1270.1,1,Electronics,28.7,COD,Delhi,Urban,5,1,0,4,0.2,15.7,762,76,0.0997,1,6,2,0,4,245.4,4,0,0,4.56,1144,1270.1,0,0,1,0
ORD002736,13192,1422,2024-04-23 23:00:00,853.95,1,Fashion,10.5,COD,Bihar,Semi-Urban,9,1,1,7,0.1111,10.2,767,210,0.2738,2,3,5,0,3,67.1,2,0,0,4.51,944,853.95,0,0,1,0
ORD002737,13178,1245,2024-04-24 00:00:00,1153.11,3,Home,14.0,COD,West Bengal,Semi-Urban,8,1,0,7,0.125,4.4,779,75,0.0963,3,7,4,0,4,173.2,2,0,0,4.35,1187,1153.11,0,0,1,0
ORD002738,16052,1404,2024-04-24 01:00:00,1248.08,1,Home,7.5,COD,West Bengal,Urban,11,0,1,10,0.0,14.5,764,49,0.0641,3,9,4,0,3,112.1,1,0,0,4.25,1050,1248.08,0,0,1,0
ORD002739,12734,1758,2024-04-24 02:00:00,1603.43,2,Electronics,12.8,COD,West Bengal,Urban,8,0,0,8,0.0,28.0,715,129,0.1804,3,12,3,0,3,289.8,4,0,0,4.46,966,1603.43,1,0,1,1
ORD002740,16116,1540,2024-04-24 03:00:00,1164.62,1,Footwear,9.7,UPI,Maharashtra,Rural,5,0,1,4,0.0,1.9,745,34,0.0456,3,6,3,0,1,59.8,3,0,0,4.31,1240,0.0,0,0,1,1
ORD002741,17371,1160,2024-04-24 04:00:00,3878.09,2,Beauty,15.8,COD,Delhi,Semi-Urban,10,2,0,8,0.2,9.5,714,75,0.105,3,7,2,0,4,117.2,6,0,0,3.56,475,3878.09,0,0,1,1
ORD002742,12212,1746,2024-04-24 05:00:00,530.66,1,Fashion,14.8,Debit Card,West Bengal,Urban,9,2,0,7,0.2222,3.6,762,88,0.1155,0,1,2,0,3,107.2,6,0,0,4.43,86,0.0,0,0,1,0
ORD002743,12352,1701,2024-04-24 06:00:00,1724.49,1,Footwear,36.5,COD,Delhi,Urban,6,1,0,5,0.1667,8.6,767,48,0.0626,2,6,4,0,3,106.7,3,0,0,4.44,1537,1724.49,0,0,0,1
ORD002744,13568,1116,2024-04-24 07:00:00,1069.83,1,Footwear,40.8,Credit Card,West Bengal,Rural,12,4,1,7,0.3333,41.1,747,59,0.079,0,5,3,0,3,71.1,4,0,0,3.42,1879,0.0,1,0,0,0
ORD002745,11655,1270,2024-04-24 08:00:00,1098.05,2,Fashion,12.8,UPI,Maharashtra,Urban,5,0,0,5,0.0,12.6,748,18,0.0241,1,3,3,1,2,96.3,5,0,0,3.9,659,0.0,0,0,0,0
ORD002746,11579,1769,2024-04-24 09:00:00,673.48,2,Beauty,25.2,COD,West Bengal,Urban,8,0,0,8,0.0,51.4,739,121,0.1637,3,6,2,0,3,40.1,4,0,0,4.13,89,673.48,0,0,0,1
ORD002747,15943,1691,2024-04-24 10:00:00,2021.52,1,Fashion,38.2,COD,Karnataka,Urban,8,1,0,7,0.125,32.9,737,18,0.0244,2,8,3,0,3,82.0,2,0,0,4.37,549,2021.52,0,0,0,1
ORD002748,12203,1486,2024-04-24 11:00:00,1622.47,2,Beauty,12.4,UPI,Maharashtra,Urban,7,0,0,7,0.0,11.4,732,95,0.1298,3,7,3,0,5,47.5,5,0,0,4.18,1657,0.0,0,0,0,0
ORD002749,11390,1171,2024-04-24 12:00:00,1808.37,1,Electronics,24.8,Debit Card,West Bengal,Urban,6,1,0,5,0.1667,4.4,806,65,0.0806,2,7,1,1,2,190.6,2,0,0,4.21,634,0.0,0,0,0,0
ORD002750,11742,1273,2024-04-24 13:00:00,1213.84,1,Beauty,11.4,COD,West Bengal,Semi-Urban,16,1,0,15,0.0625,0.1,747,23,0.0308,3,10,4,0,2,83.2,4,0,0,4.37,903,1213.84,0,0,0,1
ORD002751,11925,1258,2024-04-24 14:00:00,902.4,1,Footwear,16.9,COD,West Bengal,Urban,10,0,0,10,0.0,13.8,748,184,0.246,1,5,2,0,4,90.1,4,0,0,4.46,1835,902.4,0,0,0,0
ORD002752,10619,1134,2024-04-24 15:00:00,1053.7,1,Electronics,25.0,Wallet,Karnataka,Semi-Urban,9,2,1,6,0.2222,17.5,754,44,0.0584,1,4,3,0,2,192.3,3,0,0,3.52,1717,0.0,0,0,0,0
ORD002753,11274,1682,2024-04-24 16:00:00,1422.37,1,Home,11.8,Debit Card,Karnataka,Urban,13,0,0,13,0.0,14.9,744,23,0.0309,2,4,3,0,3,196.2,3,0,0,4.48,1405,0.0,0,0,0,0
ORD002754,10956,1721,2024-04-24 17:00:00,329.2,1,Electronics,5.7,UPI,West Bengal,Urban,14,1,3,10,0.0714,11.4,742,143,0.1927,1,4,4,0,4,149.3,2,0,1,3.66,1351,0.0,0,2,0,0
ORD002755,11939,1747,2024-04-24 18:00:00,1851.52,2,Beauty,1.2,UPI,Karnataka,Semi-Urban,8,2,0,6,0.25,32.5,734,109,0.1485,1,2,2,1,1,322.4,2,0,0,3.75,721,0.0,1,0,0,0
ORD002756,13953,1421,2024-04-24 19:00:00,4701.87,2,Electronics,2.8,COD,West Bengal,Rural,9,0,0,9,0.0,2.5,705,56,0.0794,3,20,3,0,2,33.0,3,0,0,4.2,844,4701.87,0,0,0,1
ORD002757,12381,1420,2024-04-24 20:00:00,1462.94,2,Electronics,29.1,COD,Karnataka,Rural,3,0,0,3,0.0,2.9,742,32,0.0431,2,12,4,0,4,100.8,2,0,0,4.51,1475,1462.94,1,0,0,1
ORD002758,17809,1185,2024-04-24 21:00:00,926.53,1,Home,29.9,COD,Delhi,Urban,8,1,0,7,0.125,19.8,733,152,0.2074,0,3,6,0,4,28.6,3,0,0,4.33,479,926.53,2,0,0,0
ORD002759,10968,1363,2024-04-24 22:00:00,995.51,3,Beauty,14.2,COD,West Bengal,Urban,9,0,2,7,0.0,0.8,725,20,0.0276,0,7,2,0,3,53.7,2,0,0,4.19,334,995.51,0,0,1,1
ORD002760,16654,1606,2024-04-24 23:00:00,1676.6,2,Footwear,23.3,UPI,West Bengal,Semi-Urban,7,0,1,6,0.0,12.7,731,79,0.1081,1,6,2,0,4,87.1,3,0,0,4.29,390,0.0,0,0,1,0
ORD002761,11316,1377,2024-04-25 00:00:00,939.2,1,Electronics,10.9,COD,Bihar,Semi-Urban,7,3,0,4,0.4286,5.5,773,95,0.1229,1,5,3,0,4,48.1,7,0,0,3.45,225,939.2,0,0,1,1
ORD002762,11043,1522,2024-04-25 01:00:00,1846.79,2,Fashion,27.3,COD,Bihar,Semi-Urban,12,2,1,9,0.1667,6.0,747,12,0.0161,3,5,7,0,2,51.3,3,0,0,4.18,1490,1846.79,0,0,1,1
ORD002763,10281,1579,2024-04-25 02:00:00,987.83,1,Footwear,18.7,UPI,Maharashtra,Rural,8,0,0,8,0.0,16.6,759,137,0.1805,0,6,1,0,2,227.3,7,0,0,4.53,1245,0.0,0,0,1,0
ORD002764,12844,1721,2024-04-25 03:00:00,3067.17,1,Electronics,37.5,COD,Delhi,Urban,15,0,2,13,0.0,19.2,725,101,0.1393,1,6,4,0,4,77.0,4,0,0,4.17,757,3067.17,0,0,1,0
ORD002765,17168,1195,2024-04-25 04:00:00,3016.82,1,Footwear,15.3,UPI,Delhi,Semi-Urban,8,2,4,2,0.25,13.3,774,31,0.0401,5,8,3,0,3,64.3,4,0,0,4.47,1976,0.0,0,0,1,0
ORD002766,16262,1097,2024-04-25 05:00:00,899.55,1,Fashion,24.7,COD,Maharashtra,Urban,6,0,2,4,0.0,3.6,752,30,0.0399,3,10,4,0,2,144.0,3,0,0,3.94,1807,899.55,1,0,1,0
ORD002767,11058,1604,2024-04-25 06:00:00,1044.6,3,Footwear,10.0,COD,Bihar,Rural,12,2,2,8,0.1667,15.9,711,170,0.2391,3,13,1,0,2,65.9,1,0,0,3.79,1813,1044.6,1,0,0,0
ORD002768,14293,1021,2024-04-25 07:00:00,1082.01,1,Footwear,3.5,COD,Maharashtra,Semi-Urban,5,3,0,2,0.6,40.2,781,90,0.1152,0,5,3,0,3,159.0,4,0,0,4.02,1488,1082.01,0,0,0,1
ORD002769,12532,1449,2024-04-25 08:00:00,1090.75,1,Fashion,20.2,COD,Bihar,Urban,14,0,1,13,0.0,28.3,717,40,0.0558,4,7,4,0,2,204.8,5,0,0,4.32,300,1090.75,2,0,0,1
ORD002770,13828,1171,2024-04-25 09:00:00,621.13,3,Fashion,27.3,COD,West Bengal,Semi-Urban,8,2,0,6,0.25,18.3,724,4,0.0055,2,9,3,0,1,108.1,5,0,0,3.96,295,621.13,0,0,0,1
ORD002771,15178,1382,2024-04-25 10:00:00,571.15,3,Fashion,5.6,COD,Maharashtra,Semi-Urban,9,1,1,7,0.1111,3.8,762,57,0.0748,1,7,4,0,4,321.1,3,0,0,4.49,1317,571.15,0,0,0,0
ORD002772,16980,1133,2024-04-25 11:00:00,2321.23,2,Home,30.9,COD,Karnataka,Semi-Urban,10,1,1,8,0.1,23.4,751,171,0.2277,1,4,5,0,4,172.3,4,0,0,3.72,304,2321.23,2,0,0,0
ORD002773,15280,1425,2024-04-25 12:00:00,2108.8,1,Fashion,16.6,COD,Bihar,Rural,5,1,1,3,0.2,17.6,744,130,0.1747,0,4,2,0,3,132.5,2,0,0,3.65,1805,2108.8,0,1,0,1
ORD002774,11008,1024,2024-04-25 13:00:00,2087.06,1,Footwear,11.7,COD,West Bengal,Urban,8,0,0,8,0.0,43.6,760,75,0.0987,2,7,1,1,1,176.6,2,0,0,4.7,1689,2087.06,0,1,0,0
ORD002775,16834,1502,2024-04-25 14:00:00,1051.92,2,Fashion,13.2,UPI,Karnataka,Rural,7,2,0,5,0.2857,4.1,748,132,0.1765,3,7,5,0,3,273.2,3,0,0,4.3,312,0.0,1,0,0,0
ORD002776,11229,1184,2024-04-25 15:00:00,3412.52,1,Electronics,22.6,UPI,Karnataka,Urban,5,2,0,3,0.4,12.3,738,153,0.2073,1,4,4,0,2,240.3,1,0,0,4.4,1704,0.0,0,0,0,0
ORD002777,11035,1084,2024-04-25 16:00:00,1081.95,1,Fashion,14.7,COD,Delhi,Urban,12,0,1,11,0.0,2.7,752,36,0.0479,6,8,4,0,3,180.3,3,0,0,4.06,598,1081.95,0,0,0,1
ORD002778,14585,1566,2024-04-25 17:00:00,1840.38,1,Fashion,10.3,COD,Bihar,Urban,6,1,1,4,0.1667,18.6,739,28,0.0379,1,7,2,0,4,56.6,2,0,0,3.69,1273,1840.38,0,0,0,0
ORD002779,10275,1762,2024-04-25 18:00:00,476.67,1,Beauty,18.4,COD,West Bengal,Urban,8,0,3,5,0.0,58.5,742,106,0.1429,1,5,2,0,2,198.6,5,0,0,4.1,1711,476.67,1,0,0,1
ORD002780,12740,1143,2024-04-25 19:00:00,955.43,1,Footwear,25.0,UPI,Bihar,Semi-Urban,5,0,0,5,0.0,72.1,760,31,0.0408,1,7,4,0,2,151.2,3,0,0,4.03,1922,0.0,1,0,0,1
ORD002781,12289,1678,2024-04-25 20:00:00,998.75,1,Footwear,11.8,UPI,West Bengal,Urban,11,0,0,11,0.0,0.8,768,120,0.1562,4,9,2,0,3,290.0,4,0,0,3.93,1100,0.0,0,1,0,1
ORD002782,11239,1411,2024-04-25 21:00:00,1054.38,1,Electronics,34.6,COD,Bihar,Rural,6,1,1,4,0.1667,11.5,754,62,0.0822,2,8,1,0,2,71.8,3,0,0,3.91,270,1054.38,0,0,0,0
ORD002783,15370,1223,2024-04-25 22:00:00,495.07,1,Home,4.0,Debit Card,Karnataka,Urban,12,1,1,10,0.0833,9.8,795,76,0.0956,1,3,5,0,3,390.5,4,0,0,3.97,483,0.0,0,0,1,0
ORD002784,17978,1219,2024-04-25 23:00:00,1672.92,1,Beauty,9.8,Debit Card,Delhi,Urban,10,0,0,10,0.0,25.1,743,149,0.2005,2,8,2,0,4,41.1,5,0,0,3.99,1209,0.0,0,0,1,1
ORD002785,10125,1178,2024-04-26 00:00:00,2032.79,1,Electronics,9.1,COD,Maharashtra,Rural,13,0,0,13,0.0,30.8,746,95,0.1273,3,9,3,1,2,119.9,2,0,0,3.89,1987,2032.79,1,0,1,1
ORD002786,14065,1630,2024-04-26 01:00:00,701.83,2,Electronics,16.4,COD,Bihar,Semi-Urban,9,0,1,8,0.0,5.2,802,78,0.0973,1,7,2,0,3,139.2,5,0,0,3.96,1461,701.83,1,0,1,1
ORD002787,14312,1432,2024-04-26 02:00:00,550.92,2,Footwear,4.3,COD,Karnataka,Semi-Urban,6,1,1,4,0.1667,5.1,764,78,0.1021,0,7,4,0,2,263.4,3,0,0,4.94,1805,550.92,0,0,1,0
ORD002788,17473,1264,2024-04-26 03:00:00,691.34,1,Beauty,27.0,Credit Card,Maharashtra,Urban,9,0,0,9,0.0,8.4,671,67,0.0999,0,2,3,0,3,536.7,3,0,0,4.25,561,0.0,0,1,1,0
ORD002789,13868,1428,2024-04-26 04:00:00,1476.31,1,Footwear,11.3,COD,Maharashtra,Semi-Urban,5,0,0,5,0.0,0.6,737,23,0.0312,0,2,1,0,5,39.2,4,0,0,4.29,1319,1476.31,0,0,1,1
ORD002790,11208,1661,2024-04-26 05:00:00,766.66,1,Home,33.6,COD,Maharashtra,Urban,5,1,0,4,0.2,21.3,742,17,0.0229,3,8,3,0,4,158.4,5,0,0,3.87,263,766.66,0,0,1,0
ORD002791,17206,1415,2024-04-26 06:00:00,1011.88,1,Footwear,6.6,Debit Card,Karnataka,Rural,4,0,0,4,0.0,29.9,747,154,0.2062,3,9,1,0,3,139.7,3,0,0,3.72,1219,0.0,0,1,0,0
ORD002792,15342,1452,2024-04-26 07:00:00,575.89,1,Fashion,8.9,UPI,West Bengal,Semi-Urban,3,0,0,3,0.0,0.1,765,131,0.1712,2,5,2,0,9,96.1,2,0,0,4.52,42,0.0,0,0,0,1
ORD002793,17351,1726,2024-04-26 08:00:00,3595.98,1,Footwear,19.4,UPI,Maharashtra,Semi-Urban,15,4,1,10,0.2667,14.2,762,89,0.1168,1,7,6,0,3,60.3,1,0,0,3.65,1031,0.0,0,0,0,0
ORD002794,16638,1196,2024-04-26 09:00:00,1145.87,2,Fashion,12.6,Credit Card,Delhi,Semi-Urban,8,1,0,7,0.125,15.3,736,166,0.2255,0,3,2,0,2,202.9,2,0,0,4.14,297,0.0,0,0,0,0
ORD002795,16570,1553,2024-04-26 10:00:00,2186.0,2,Electronics,21.9,Credit Card,West Bengal,Semi-Urban,9,0,0,9,0.0,23.6,749,125,0.1669,0,5,6,0,2,61.4,4,0,0,4.11,121,0.0,0,0,0,0
ORD002796,13249,1052,2024-04-26 11:00:00,1474.25,1,Home,16.0,COD,Karnataka,Semi-Urban,13,2,0,11,0.1538,34.9,786,97,0.1234,1,6,1,0,3,143.4,5,0,0,4.0,1669,1474.25,0,0,0,1
ORD002797,10918,1479,2024-04-26 12:00:00,1069.42,1,Fashion,9.3,UPI,Maharashtra,Semi-Urban,4,1,0,3,0.25,50.4,739,70,0.0947,3,9,3,0,1,118.3,5,0,1,4.01,1682,0.0,0,0,0,0
ORD002798,17595,1442,2024-04-26 13:00:00,1036.7,2,Home,34.0,UPI,Karnataka,Urban,11,0,0,11,0.0,4.3,808,150,0.1856,1,6,2,0,6,374.6,2,0,1,4.15,1412,0.0,0,1,0,0
ORD002799,15413,1329,2024-04-26 14:00:00,709.71,1,Footwear,17.3,COD,Karnataka,Urban,13,0,0,13,0.0,12.6,724,141,0.1948,3,10,1,0,4,235.2,2,0,0,3.82,1387,709.71,0,0,0,0
ORD002800,13923,1250,2024-04-26 15:00:00,836.91,2,Footwear,17.9,COD,Maharashtra,Urban,10,2,1,7,0.2,22.8,764,94,0.123,1,8,2,1,2,159.5,2,0,0,4.4,1444,836.91,0,0,0,0
ORD002801,16294,1782,2024-04-26 16:00:00,599.03,1,Electronics,18.7,COD,Karnataka,Semi-Urban,13,1,0,12,0.0769,16.8,777,79,0.1017,4,10,5,0,4,266.4,6,0,0,3.72,1618,599.03,0,0,0,1
ORD002802,16527,1122,2024-04-26 17:00:00,561.09,2,Footwear,15.4,Debit Card,Delhi,Semi-Urban,12,4,1,7,0.3333,27.3,748,131,0.1751,3,9,4,0,1,365.9,4,0,0,4.24,1154,0.0,0,0,0,0
ORD002803,15757,1386,2024-04-26 18:00:00,3834.62,3,Fashion,27.2,Credit Card,Delhi,Semi-Urban,7,0,1,6,0.0,21.0,733,84,0.1146,2,9,3,0,3,74.0,3,0,0,3.32,1630,0.0,0,0,0,0
ORD002804,17980,1338,2024-04-26 19:00:00,1296.4,3,Electronics,22.7,Credit Card,Bihar,Semi-Urban,5,1,1,3,0.2,9.9,728,89,0.1223,0,4,2,0,5,40.3,5,0,0,3.7,1695,0.0,1,0,0,0
ORD002805,14403,1777,2024-04-26 20:00:00,2642.37,1,Home,12.2,Wallet,Maharashtra,Urban,8,4,0,4,0.5,62.5,720,111,0.1542,4,7,1,0,6,152.0,3,0,0,3.76,25,0.0,0,0,0,1
ORD002806,15455,1347,2024-04-26 21:00:00,681.0,1,Electronics,29.0,COD,Maharashtra,Urban,8,0,0,8,0.0,43.2,764,18,0.0236,2,8,4,0,4,23.2,3,0,0,3.37,1579,681.0,1,1,0,0
ORD002807,11969,1028,2024-04-26 22:00:00,517.51,1,Home,8.5,COD,Maharashtra,Urban,10,0,2,8,0.0,32.6,783,12,0.0153,1,4,4,0,3,22.5,2,0,0,4.51,1656,517.51,0,1,1,0
ORD002808,12793,1034,2024-04-26 23:00:00,609.92,3,Beauty,2.4,COD,Bihar,Urban,13,3,3,7,0.2308,12.2,739,20,0.0271,7,15,2,1,3,185.9,2,0,0,3.65,1332,609.92,1,0,1,0
ORD002809,10891,1517,2024-04-27 00:00:00,851.29,1,Fashion,11.5,UPI,Delhi,Urban,8,4,0,4,0.5,1.3,740,110,0.1486,2,8,4,0,2,73.9,3,1,0,4.3,1185,0.0,2,0,1,0
ORD002810,14470,1395,2024-04-27 01:00:00,1120.91,1,Fashion,13.4,Credit Card,Delhi,Urban,6,3,0,3,0.5,92.2,735,52,0.0707,2,4,4,0,3,179.9,6,1,0,4.22,1858,0.0,0,0,1,0
ORD002811,17175,1622,2024-04-27 02:00:00,1001.68,1,Home,15.4,COD,Maharashtra,Semi-Urban,11,0,0,11,0.0,28.3,774,43,0.0556,1,8,2,0,3,226.0,6,1,0,3.55,63,1001.68,1,0,1,1
ORD002812,12033,1293,2024-04-27 03:00:00,689.58,1,Footwear,21.9,COD,Karnataka,Urban,9,1,0,8,0.1111,8.5,810,110,0.1358,2,11,3,0,3,39.4,2,1,0,4.09,1161,689.58,0,0,1,0
ORD002813,11364,1588,2024-04-27 04:00:00,1155.89,1,Footwear,28.1,UPI,West Bengal,Urban,6,1,2,3,0.1667,15.2,769,41,0.0533,2,4,2,0,1,87.8,5,1,0,3.13,1777,0.0,0,0,1,0
ORD002814,10128,1348,2024-04-27 05:00:00,1218.32,1,Beauty,13.3,UPI,West Bengal,Rural,9,0,1,8,0.0,7.1,762,118,0.1549,2,9,2,0,1,193.7,1,1,0,3.85,1158,0.0,0,0,1,0
ORD002815,11014,1146,2024-04-27 06:00:00,1671.31,1,Home,9.5,COD,Maharashtra,Rural,4,0,0,4,0.0,33.8,742,28,0.0377,3,11,2,0,2,38.0,7,1,0,4.16,1422,1671.31,0,0,0,1
ORD002816,11799,1066,2024-04-27 07:00:00,2649.85,1,Beauty,21.3,Wallet,Maharashtra,Semi-Urban,8,1,0,7,0.125,25.9,760,88,0.1158,0,6,2,0,3,122.2,4,1,0,3.62,842,0.0,0,1,0,0
ORD002817,16812,1519,2024-04-27 08:00:00,881.53,3,Home,4.0,COD,Delhi,Urban,6,0,0,6,0.0,18.3,789,154,0.1952,4,15,3,1,6,120.0,5,1,0,3.87,1659,881.53,0,1,0,0
ORD002818,17519,1121,2024-04-27 09:00:00,2273.98,2,Beauty,17.2,COD,Delhi,Semi-Urban,14,1,1,12,0.0714,11.8,740,157,0.2122,1,6,3,0,1,71.7,5,1,0,4.33,1071,2273.98,0,0,0,1
ORD002819,15477,1339,2024-04-27 10:00:00,1140.89,2,Home,7.3,COD,Karnataka,Urban,12,0,0,12,0.0,9.2,706,90,0.1275,4,7,2,0,3,58.9,6,1,0,3.84,1811,1140.89,0,0,0,1
ORD002820,14612,1174,2024-04-27 11:00:00,438.61,1,Fashion,19.1,UPI,Delhi,Urban,3,1,0,2,0.3333,41.9,751,44,0.0586,3,5,2,0,5,153.3,5,1,0,5.0,1386,0.0,0,0,0,1
ORD002821,11518,1690,2024-04-27 12:00:00,3196.98,2,Beauty,28.7,Wallet,West Bengal,Semi-Urban,7,0,0,7,0.0,12.5,706,71,0.1006,2,9,1,0,3,297.9,3,1,0,4.25,1299,0.0,0,0,0,0
ORD002822,14181,1596,2024-04-27 13:00:00,4287.77,1,Beauty,27.5,Debit Card,West Bengal,Urban,9,0,0,9,0.0,16.2,741,16,0.0216,0,3,5,0,1,242.5,3,1,0,3.58,726,0.0,1,2,0,0
ORD002823,11198,1450,2024-04-27 14:00:00,1589.95,1,Home,7.1,UPI,Delhi,Rural,6,2,1,3,0.3333,4.8,734,19,0.0259,2,5,3,0,1,117.3,4,1,0,4.06,1361,0.0,0,0,0,1
ORD002824,13873,1556,2024-04-27 15:00:00,1157.33,1,Electronics,5.7,COD,West Bengal,Semi-Urban,9,0,0,9,0.0,50.1,761,151,0.1984,1,8,1,0,4,285.8,6,1,0,4.58,231,1157.33,1,0,0,1
ORD002825,17360,1135,2024-04-27 16:00:00,931.84,1,Electronics,9.3,UPI,West Bengal,Urban,2,0,0,2,0.0,7.1,759,72,0.0949,2,4,4,0,3,110.7,1,1,0,3.24,1042,0.0,1,0,0,0
ORD002826,16454,1015,2024-04-27 17:00:00,830.17,1,Fashion,32.2,Wallet,West Bengal,Urban,5,0,0,5,0.0,4.7,781,58,0.0743,3,10,1,0,3,219.7,4,1,0,3.96,1289,0.0,1,0,0,0
ORD002827,15238,1332,2024-04-27 18:00:00,2267.47,4,Footwear,8.6,COD,West Bengal,Urban,10,2,0,8,0.2,24.5,754,69,0.0915,0,2,2,0,5,34.0,6,1,0,4.03,912,2267.47,0,0,0,0
ORD002828,17385,1194,2024-04-27 19:00:00,1085.33,1,Footwear,4.9,COD,Bihar,Rural,11,1,0,10,0.0909,3.6,707,40,0.0566,3,6,1,0,3,120.5,2,1,0,4.11,39,1085.33,0,2,0,1
ORD002829,12474,1495,2024-04-27 20:00:00,2993.99,1,Fashion,22.2,UPI,Maharashtra,Urban,12,0,2,10,0.0,95.4,786,72,0.0916,1,2,2,0,2,161.6,4,1,0,4.33,1327,0.0,0,0,0,0
ORD002830,16089,1008,2024-04-27 21:00:00,1119.81,1,Footwear,10.3,COD,Karnataka,Urban,11,0,1,10,0.0,20.5,725,74,0.1021,4,10,3,0,2,187.9,3,1,1,3.79,819,1119.81,0,1,0,0
ORD002831,13485,1333,2024-04-27 22:00:00,856.28,1,Home,2.1,COD,Bihar,Urban,6,1,1,4,0.1667,1.2,788,34,0.0431,5,11,3,0,1,150.5,5,1,0,3.85,1837,856.28,0,0,1,0
ORD002832,16257,1332,2024-04-27 23:00:00,764.5,1,Electronics,13.1,UPI,Karnataka,Urban,14,3,0,11,0.2143,3.8,798,74,0.0927,3,9,2,0,4,108.7,3,1,0,4.27,1000,0.0,0,1,1,0
ORD002833,14049,1326,2024-04-28 00:00:00,701.89,1,Fashion,7.2,Debit Card,Bihar,Rural,13,0,2,11,0.0,67.6,736,38,0.0516,5,5,2,0,1,88.7,3,1,0,4.38,144,0.0,1,1,1,1
ORD002834,17312,1014,2024-04-28 01:00:00,1492.92,2,Home,12.1,Wallet,Bihar,Rural,6,2,2,2,0.3333,19.9,748,138,0.1845,1,5,2,0,3,103.9,1,1,0,3.73,148,0.0,0,1,1,1
ORD002835,17705,1613,2024-04-28 02:00:00,504.37,1,Fashion,9.6,UPI,Karnataka,Urban,12,2,0,10,0.1667,11.0,758,52,0.0686,1,4,2,0,2,295.0,2,1,0,3.72,101,0.0,1,0,1,0
ORD002836,13719,1225,2024-04-28 03:00:00,671.15,1,Electronics,7.3,Debit Card,Maharashtra,Urban,7,1,0,6,0.1429,29.7,749,70,0.0935,4,11,3,0,3,157.5,2,1,0,3.77,879,0.0,1,0,1,0
ORD002837,10302,1424,2024-04-28 04:00:00,2427.68,2,Footwear,3.9,COD,Delhi,Urban,9,0,0,9,0.0,11.6,751,142,0.1891,1,9,6,0,2,361.1,2,1,0,3.51,169,2427.68,2,0,1,0
ORD002838,16887,1789,2024-04-28 05:00:00,618.48,3,Home,9.7,UPI,Bihar,Semi-Urban,7,2,0,5,0.2857,3.9,729,54,0.0741,3,8,1,0,3,80.0,4,1,0,4.17,1597,0.0,0,1,1,1
ORD002839,13952,1407,2024-04-28 06:00:00,1840.19,2,Electronics,11.2,COD,Maharashtra,Urban,12,0,2,10,0.0,34.1,707,20,0.0283,3,11,1,0,3,203.6,5,1,1,3.81,1695,1840.19,0,0,0,1
ORD002840,14683,1112,2024-04-28 07:00:00,318.05,2,Fashion,10.7,UPI,Delhi,Urban,10,0,0,10,0.0,11.3,742,79,0.1065,5,9,3,0,1,132.0,6,1,0,4.16,956,0.0,0,1,0,0
ORD002841,10986,1427,2024-04-28 08:00:00,2617.7,1,Beauty,18.0,Credit Card,Karnataka,Urban,11,1,0,10,0.0909,99.0,755,17,0.0225,3,10,3,0,2,328.7,6,1,0,3.85,1105,0.0,1,0,0,0
ORD002842,11863,1000,2024-04-28 09:00:00,511.76,1,Home,26.5,COD,Bihar,Urban,13,0,0,13,0.0,7.8,765,90,0.1176,3,9,1,0,1,102.4,5,1,0,3.99,362,511.76,1,0,0,1
ORD002843,14440,1265,2024-04-28 10:00:00,648.18,2,Fashion,25.1,Debit Card,Delhi,Semi-Urban,10,4,1,5,0.4,2.0,720,134,0.1861,2,6,4,0,3,136.8,7,1,0,4.04,1972,0.0,1,0,0,0
ORD002844,14909,1490,2024-04-28 11:00:00,1649.46,3,Fashion,10.7,COD,Maharashtra,Urban,8,1,0,7,0.125,21.8,797,235,0.2949,5,9,1,0,4,151.9,4,1,1,3.52,1970,1649.46,0,0,0,1
ORD002845,16083,1207,2024-04-28 12:00:00,1289.8,1,Electronics,33.6,UPI,Delhi,Urban,10,1,2,7,0.1,2.6,718,51,0.071,3,6,4,0,5,47.0,4,1,0,4.04,811,0.0,0,1,0,0
ORD002846,16944,1621,2024-04-28 13:00:00,1876.18,1,Fashion,10.5,COD,Karnataka,Semi-Urban,7,0,0,7,0.0,39.7,725,101,0.1393,3,7,2,0,2,160.7,4,1,0,3.38,341,1876.18,0,1,0,0
ORD002847,13072,1711,2024-04-28 14:00:00,509.3,2,Home,10.8,Credit Card,Delhi,Semi-Urban,15,0,1,14,0.0,11.6,738,123,0.1667,2,6,2,0,4,300.0,2,1,0,4.65,565,0.0,0,0,0,1
ORD002848,17314,1368,2024-04-28 15:00:00,923.27,1,Home,6.2,COD,West Bengal,Urban,14,2,0,12,0.1429,90.8,762,137,0.1798,1,6,2,1,1,356.2,2,1,0,4.19,1778,923.27,1,0,0,1
ORD002849,15406,1305,2024-04-28 16:00:00,757.3,1,Fashion,3.4,COD,Bihar,Urban,8,0,1,7,0.0,57.6,754,111,0.1472,1,6,3,0,3,632.4,5,1,0,4.06,87,757.3,0,0,0,1
ORD002850,16095,1011,2024-04-28 17:00:00,563.34,1,Electronics,8.6,Debit Card,Maharashtra,Semi-Urban,6,0,2,4,0.0,18.1,742,90,0.1213,3,9,3,0,7,185.7,3,1,0,4.65,1884,0.0,0,0,0,0
ORD002851,15773,1344,2024-04-28 18:00:00,1567.97,2,Home,9.6,Credit Card,Maharashtra,Urban,7,0,0,7,0.0,10.9,770,78,0.1013,2,5,3,0,3,366.7,5,1,0,4.64,664,0.0,0,0,0,0
ORD002852,13124,1464,2024-04-28 19:00:00,1931.07,4,Beauty,9.8,Credit Card,Bihar,Semi-Urban,5,0,0,5,0.0,114.2,743,211,0.284,3,10,1,0,2,399.3,3,1,0,4.37,585,0.0,0,0,0,0
ORD002853,11327,1699,2024-04-28 20:00:00,895.95,1,Footwear,21.0,Credit Card,Bihar,Urban,7,0,0,7,0.0,11.1,752,129,0.1715,1,6,4,0,3,132.2,3,1,0,3.86,1913,0.0,0,0,0,0
ORD002854,15188,1665,2024-04-28 21:00:00,2734.29,1,Electronics,40.1,UPI,West Bengal,Urban,12,5,0,7,0.4167,3.1,757,99,0.1308,2,4,3,0,2,44.3,4,1,0,4.18,1484,0.0,0,0,0,0
ORD002855,12408,1493,2024-04-28 22:00:00,684.43,1,Electronics,2.4,Debit Card,West Bengal,Urban,10,1,0,9,0.1,33.4,777,68,0.0875,3,8,1,0,2,198.6,2,1,0,4.53,485,0.0,1,0,1,0
ORD002856,13673,1367,2024-04-28 23:00:00,2694.8,1,Footwear,45.5,Credit Card,Maharashtra,Urban,12,0,0,12,0.0,44.1,754,14,0.0186,1,5,5,0,2,204.6,3,1,0,3.25,352,0.0,1,0,1,0
ORD002857,13291,1419,2024-04-29 00:00:00,1536.62,1,Footwear,25.0,COD,Delhi,Urban,12,0,1,11,0.0,9.8,750,95,0.1267,2,5,1,0,2,78.5,4,0,0,4.25,649,1536.62,1,0,1,1
ORD002858,14033,1790,2024-04-29 01:00:00,526.29,1,Home,6.3,UPI,Bihar,Rural,3,0,0,3,0.0,8.1,754,151,0.2003,5,10,3,0,4,273.4,7,0,0,3.91,776,0.0,0,1,1,0
ORD002859,15105,1170,2024-04-29 02:00:00,3600.81,1,Fashion,10.2,Wallet,West Bengal,Urban,10,0,1,9,0.0,14.0,752,183,0.2434,0,6,5,0,5,113.2,4,0,0,4.51,1108,0.0,0,0,1,0
ORD002860,10703,1133,2024-04-29 03:00:00,839.93,2,Fashion,22.1,Credit Card,West Bengal,Semi-Urban,6,0,0,6,0.0,5.5,794,242,0.3048,2,12,3,0,3,122.9,3,0,0,3.6,663,0.0,0,0,1,0
ORD002861,10574,1426,2024-04-29 04:00:00,2259.89,2,Beauty,3.0,COD,West Bengal,Semi-Urban,5,1,1,3,0.2,55.9,769,104,0.1352,1,9,3,0,3,58.3,6,0,0,4.82,189,2259.89,0,0,1,0
ORD002862,15704,1024,2024-04-29 05:00:00,1196.78,1,Fashion,20.7,UPI,Delhi,Urban,5,2,0,3,0.4,48.0,743,95,0.1279,3,5,1,0,4,245.3,3,0,0,4.22,400,0.0,0,1,1,0
ORD002863,13232,1529,2024-04-29 06:00:00,1372.88,1,Beauty,4.3,Debit Card,Maharashtra,Semi-Urban,7,2,0,5,0.2857,30.6,712,69,0.0969,3,8,4,1,5,290.2,5,0,0,3.84,104,0.0,0,0,0,1
ORD002864,17848,1189,2024-04-29 07:00:00,1883.19,4,Beauty,7.0,COD,Maharashtra,Semi-Urban,11,2,1,8,0.1818,43.7,794,324,0.4081,5,9,3,0,2,133.7,3,0,0,3.85,534,1883.19,1,1,0,1
ORD002865,15208,1140,2024-04-29 08:00:00,1821.67,1,Electronics,33.9,Wallet,West Bengal,Urban,5,0,0,5,0.0,7.2,752,59,0.0785,3,11,3,0,1,39.0,5,0,0,4.09,1020,0.0,0,0,0,0
ORD002866,14783,1554,2024-04-29 09:00:00,893.11,2,Electronics,13.6,COD,Delhi,Urban,12,1,0,11,0.0833,16.3,726,28,0.0386,3,7,3,1,2,180.5,7,0,0,3.7,1667,893.11,0,1,0,1
ORD002867,16924,1795,2024-04-29 10:00:00,1508.69,1,Home,10.3,COD,Delhi,Rural,11,0,1,10,0.0,11.4,750,118,0.1573,1,6,4,0,3,105.2,6,0,0,3.24,1532,1508.69,0,0,0,0
ORD002868,12632,1657,2024-04-29 11:00:00,1442.25,2,Footwear,19.1,COD,Maharashtra,Semi-Urban,10,2,2,6,0.2,43.4,751,79,0.1052,5,10,1,0,3,96.2,2,0,0,3.73,322,1442.25,0,0,0,1
ORD002869,13828,1314,2024-04-29 12:00:00,1246.55,2,Footwear,6.1,COD,Bihar,Semi-Urban,7,0,3,4,0.0,4.0,759,58,0.0764,2,10,3,0,4,37.6,1,0,0,3.92,1907,1246.55,0,0,0,1
ORD002870,16732,1443,2024-04-29 13:00:00,970.69,2,Beauty,4.3,UPI,West Bengal,Semi-Urban,12,0,0,12,0.0,5.2,759,127,0.1673,4,11,1,0,4,403.9,1,0,0,4.32,762,0.0,1,0,0,0
ORD002871,13230,1318,2024-04-29 14:00:00,1245.06,3,Footwear,15.5,UPI,Delhi,Semi-Urban,7,0,0,7,0.0,23.9,752,100,0.133,2,6,1,0,1,129.5,3,0,0,3.88,1833,0.0,0,0,0,0
ORD002872,10488,1440,2024-04-29 15:00:00,3570.73,3,Beauty,29.5,COD,Bihar,Urban,11,0,0,11,0.0,12.2,746,66,0.0885,2,9,2,0,3,231.9,2,0,0,4.33,1495,3570.73,0,0,0,1
ORD002873,17114,1091,2024-04-29 16:00:00,918.72,1,Footwear,24.1,UPI,Karnataka,Rural,9,0,0,9,0.0,4.0,741,162,0.2186,0,3,4,0,1,274.8,5,0,0,4.67,212,0.0,1,0,0,0
ORD002874,11347,1178,2024-04-29 17:00:00,2261.88,1,Home,3.0,COD,West Bengal,Semi-Urban,7,2,0,5,0.2857,2.9,741,82,0.1107,3,6,4,0,2,10.6,3,0,0,4.9,27,2261.88,0,0,0,1
ORD002875,13681,1055,2024-04-29 18:00:00,756.13,1,Electronics,12.7,Credit Card,Karnataka,Semi-Urban,12,1,1,10,0.0833,16.0,774,91,0.1176,2,5,2,0,5,311.1,3,0,0,4.04,866,0.0,0,0,0,1
ORD002876,17548,1154,2024-04-29 19:00:00,646.27,2,Electronics,55.0,Debit Card,Maharashtra,Urban,12,2,2,8,0.1667,33.5,781,104,0.1332,1,7,4,0,3,208.8,1,0,0,3.84,630,0.0,0,0,0,0
ORD002877,13173,1671,2024-04-29 20:00:00,7830.95,2,Beauty,18.6,UPI,Maharashtra,Rural,14,0,0,14,0.0,1.4,721,103,0.1429,1,7,3,0,2,83.2,2,0,0,4.26,489,0.0,0,0,0,0
ORD002878,14589,1110,2024-04-29 21:00:00,1516.28,1,Footwear,28.4,Credit Card,Maharashtra,Semi-Urban,5,0,0,5,0.0,33.8,737,130,0.1764,2,4,4,0,3,209.3,2,0,0,4.09,1277,0.0,0,0,0,0
ORD002879,11667,1136,2024-04-29 22:00:00,1541.5,1,Fashion,8.4,Credit Card,Delhi,Semi-Urban,8,1,0,7,0.125,23.8,757,157,0.2074,2,4,3,0,6,55.0,5,0,0,3.74,615,0.0,0,0,1,1
ORD002880,11637,1231,2024-04-29 23:00:00,1567.34,2,Home,13.4,UPI,Delhi,Urban,3,1,0,2,0.3333,10.0,740,74,0.1,2,7,6,0,5,179.2,5,0,0,3.9,678,0.0,0,0,1,0
ORD002881,14114,1467,2024-04-30 00:00:00,2551.35,1,Footwear,9.1,COD,Bihar,Semi-Urban,2,0,0,2,0.0,0.8,769,141,0.1834,0,2,3,0,5,276.7,3,0,0,4.48,970,2551.35,1,0,1,0
ORD002882,17621,1731,2024-04-30 01:00:00,1400.64,1,Fashion,12.1,COD,Karnataka,Urban,8,1,0,7,0.125,87.4,708,71,0.1003,1,3,8,0,5,33.7,2,0,0,3.9,201,1400.64,0,0,1,0
ORD002883,13553,1480,2024-04-30 02:00:00,1789.57,2,Home,5.0,Debit Card,Maharashtra,Semi-Urban,9,4,0,5,0.4444,11.8,774,58,0.0749,0,4,1,0,1,75.0,3,0,0,4.35,1215,0.0,0,0,1,0
ORD002884,17761,1067,2024-04-30 03:00:00,581.06,1,Home,14.3,COD,Maharashtra,Semi-Urban,15,0,0,15,0.0,67.9,766,83,0.1084,1,7,2,0,5,169.2,3,0,0,3.17,732,581.06,0,0,1,1
ORD002885,16540,1248,2024-04-30 04:00:00,1979.01,1,Electronics,14.4,COD,Delhi,Urban,11,1,1,9,0.0909,18.6,800,40,0.05,1,4,4,0,1,201.8,3,0,0,4.32,1524,1979.01,1,0,1,1
ORD002886,11000,1322,2024-04-30 05:00:00,951.41,1,Beauty,26.1,COD,Delhi,Urban,10,0,1,9,0.0,21.0,746,89,0.1193,5,11,4,0,3,134.7,3,0,0,4.11,202,951.41,0,1,1,0
ORD002887,17446,1517,2024-04-30 06:00:00,1640.97,1,Footwear,11.5,UPI,Delhi,Urban,8,3,0,5,0.375,10.0,726,83,0.1143,0,4,2,0,3,125.1,3,0,0,3.55,1854,0.0,1,0,0,0
ORD002888,10850,1791,2024-04-30 07:00:00,391.87,1,Home,9.3,UPI,West Bengal,Semi-Urban,12,0,1,11,0.0,13.0,742,24,0.0323,2,7,3,0,1,62.2,2,0,1,3.86,1065,0.0,0,0,0,1
ORD002889,11388,1431,2024-04-30 08:00:00,1600.56,1,Footwear,2.2,UPI,Karnataka,Urban,11,1,0,10,0.0909,27.0,772,118,0.1528,5,12,2,0,5,156.4,4,0,0,4.38,108,0.0,0,1,0,0
ORD002890,15450,1486,2024-04-30 09:00:00,285.68,1,Home,18.8,COD,Karnataka,Urban,9,1,1,7,0.1111,15.7,742,36,0.0485,4,10,4,0,6,54.4,4,0,0,4.43,1700,285.68,0,0,0,1
ORD002891,13712,1605,2024-04-30 10:00:00,929.32,1,Electronics,16.9,COD,West Bengal,Semi-Urban,7,1,1,5,0.1429,12.6,758,82,0.1082,4,9,3,0,4,59.6,3,0,0,4.05,497,929.32,0,0,0,1
ORD002892,11367,1428,2024-04-30 11:00:00,394.13,1,Beauty,24.5,COD,Maharashtra,Semi-Urban,8,0,0,8,0.0,0.7,749,85,0.1135,5,7,5,0,3,297.2,7,0,0,3.59,191,394.13,0,0,0,1
ORD002893,10821,1268,2024-04-30 12:00:00,1603.3,1,Fashion,3.9,COD,Bihar,Rural,13,3,1,9,0.2308,11.5,753,96,0.1275,1,4,3,0,2,183.0,2,0,0,4.61,1280,1603.3,2,1,0,1
ORD002894,10454,1708,2024-04-30 13:00:00,1143.17,4,Fashion,21.5,UPI,Bihar,Urban,12,1,0,11,0.0833,5.3,741,35,0.0472,1,4,1,0,6,217.0,6,0,0,3.73,817,0.0,0,0,0,1
ORD002895,11624,1536,2024-04-30 14:00:00,690.58,1,Electronics,11.8,COD,Maharashtra,Semi-Urban,10,1,3,6,0.1,66.8,740,25,0.0338,5,8,2,0,5,61.8,2,0,0,3.49,1801,690.58,1,0,0,0
ORD002896,12772,1147,2024-04-30 15:00:00,2593.19,3,Home,10.6,COD,Bihar,Urban,10,1,1,8,0.1,7.4,736,73,0.0992,2,5,3,0,3,82.2,6,0,0,4.25,148,2593.19,1,0,0,0
ORD002897,13726,1117,2024-04-30 16:00:00,640.34,2,Electronics,8.6,Credit Card,Delhi,Semi-Urban,12,4,1,7,0.3333,1.6,746,118,0.1582,0,7,3,1,1,42.8,3,0,0,4.06,581,0.0,0,0,0,0
ORD002898,17232,1366,2024-04-30 17:00:00,177.91,1,Beauty,10.3,Credit Card,Karnataka,Semi-Urban,5,0,0,5,0.0,4.6,740,104,0.1405,2,9,1,0,4,220.8,4,0,0,4.59,1506,0.0,1,2,0,0
ORD002899,13147,1065,2024-04-30 18:00:00,1492.46,2,Fashion,6.3,COD,Delhi,Semi-Urban,11,2,0,9,0.1818,3.4,746,106,0.1421,1,7,4,0,4,389.0,4,0,0,4.03,230,1492.46,1,1,0,1
ORD002900,14089,1369,2024-04-30 19:00:00,379.95,1,Footwear,16.4,UPI,Bihar,Urban,4,1,0,3,0.25,4.9,736,95,0.1291,2,9,7,0,1,41.4,3,0,0,3.99,733,0.0,0,0,0,0
ORD002901,14806,1174,2024-04-30 20:00:00,652.62,2,Fashion,19.7,COD,Bihar,Rural,9,0,1,8,0.0,6.9,769,65,0.0845,2,4,4,0,3,64.7,4,0,0,3.68,1821,652.62,0,0,0,0
ORD002902,12190,1587,2024-04-30 21:00:00,803.99,1,Beauty,2.2,COD,Karnataka,Rural,11,0,1,10,0.0,76.6,805,60,0.0745,0,4,4,0,4,105.4,2,0,0,4.83,246,803.99,1,0,0,0
ORD002903,10916,1494,2024-04-30 22:00:00,466.66,2,Home,18.3,Debit Card,Delhi,Urban,9,0,0,9,0.0,36.3,719,71,0.0987,3,10,4,0,1,209.9,7,0,0,3.54,1437,0.0,0,0,1,0
ORD002904,13986,1113,2024-04-30 23:00:00,815.47,1,Electronics,13.3,COD,Karnataka,Semi-Urban,10,0,1,9,0.0,6.4,741,99,0.1336,1,4,2,0,2,188.7,3,0,0,3.76,1561,815.47,0,1,1,1
ORD002905,12875,1110,2024-05-01 00:00:00,471.93,2,Fashion,8.2,COD,Bihar,Rural,8,1,1,6,0.125,28.3,723,63,0.0871,1,5,5,0,2,209.5,5,0,0,3.31,574,471.93,2,0,1,1
ORD002906,16748,1760,2024-05-01 01:00:00,1208.86,1,Fashion,14.3,COD,Karnataka,Urban,10,0,1,9,0.0,25.9,800,20,0.025,3,10,3,0,2,20.1,2,0,0,4.15,1847,1208.86,1,1,1,0
ORD002907,15592,1438,2024-05-01 02:00:00,524.66,3,Footwear,10.2,Credit Card,Karnataka,Semi-Urban,9,2,0,7,0.2222,9.9,714,142,0.1989,3,9,6,0,4,137.2,6,0,0,3.57,663,0.0,0,0,1,0
ORD002908,11440,1714,2024-05-01 03:00:00,1116.65,1,Electronics,23.2,Credit Card,Bihar,Semi-Urban,9,0,3,6,0.0,11.6,756,27,0.0357,2,7,3,0,4,289.6,7,0,0,3.87,1772,0.0,1,0,1,0
ORD002909,14400,1146,2024-05-01 04:00:00,2202.18,2,Footwear,7.0,UPI,Karnataka,Semi-Urban,9,2,2,5,0.2222,58.0,754,20,0.0265,4,8,5,0,2,70.0,4,0,0,4.12,890,0.0,0,1,1,0
ORD002910,10735,1034,2024-05-01 05:00:00,1753.6,1,Footwear,12.8,UPI,Delhi,Semi-Urban,11,0,2,9,0.0,16.4,705,65,0.0922,2,11,4,0,2,147.7,5,0,0,3.69,907,0.0,0,0,1,0
ORD002911,13568,1308,2024-05-01 06:00:00,1044.17,1,Home,11.6,COD,Bihar,Urban,4,0,0,4,0.0,71.6,708,143,0.202,0,8,6,0,3,151.5,2,0,0,4.12,551,1044.17,0,0,0,0
ORD002912,16434,1537,2024-05-01 07:00:00,605.93,2,Fashion,49.5,Debit Card,Karnataka,Urban,6,2,1,3,0.3333,5.0,773,74,0.0957,2,7,3,0,6,274.7,3,0,0,4.13,900,0.0,0,0,0,0
ORD002913,16059,1749,2024-05-01 08:00:00,1206.53,3,Electronics,11.9,COD,Maharashtra,Rural,8,1,0,7,0.125,0.9,739,33,0.0447,2,6,7,0,3,91.4,4,0,0,4.82,1294,1206.53,1,0,0,0
ORD002914,16245,1013,2024-05-01 09:00:00,722.39,1,Home,6.5,COD,Delhi,Rural,12,0,0,12,0.0,16.9,721,37,0.0513,2,8,2,0,3,129.5,5,0,0,4.56,1086,722.39,0,0,0,0
ORD002915,16105,1373,2024-05-01 10:00:00,1237.28,3,Home,28.5,Debit Card,Delhi,Semi-Urban,4,1,1,2,0.25,22.3,755,165,0.2185,2,7,3,0,3,86.3,3,0,0,4.24,1001,0.0,0,0,0,1
ORD002916,13338,1556,2024-05-01 11:00:00,391.83,2,Home,16.5,Debit Card,Delhi,Urban,11,5,0,6,0.4545,18.4,760,196,0.2579,1,6,2,0,2,47.0,3,0,0,4.2,1963,0.0,1,0,0,0
ORD002917,17010,1427,2024-05-01 12:00:00,1779.98,2,Beauty,12.3,COD,West Bengal,Semi-Urban,9,1,0,8,0.1111,26.3,760,22,0.0289,2,6,2,0,4,63.6,6,0,0,4.34,375,1779.98,0,0,0,1
ORD002918,13015,1727,2024-05-01 13:00:00,1118.71,1,Beauty,21.4,UPI,Bihar,Urban,6,2,1,3,0.3333,10.9,752,62,0.0824,3,6,2,0,2,136.4,4,0,0,4.12,1542,0.0,0,0,0,0
ORD002919,17789,1232,2024-05-01 14:00:00,4126.19,1,Home,8.1,Debit Card,West Bengal,Semi-Urban,6,1,0,5,0.1667,3.6,705,151,0.2142,5,7,3,0,2,156.9,2,0,0,3.59,566,0.0,0,0,0,0
ORD002920,17117,1704,2024-05-01 15:00:00,2400.99,3,Beauty,15.3,Credit Card,Karnataka,Semi-Urban,12,1,1,10,0.0833,8.2,735,140,0.1905,2,9,6,0,1,380.6,1,0,0,3.77,415,0.0,1,0,0,0
ORD002921,12889,1562,2024-05-01 16:00:00,1540.27,1,Electronics,4.8,Credit Card,Bihar,Urban,13,1,1,11,0.0769,1.9,817,170,0.2081,2,10,5,0,3,86.2,4,0,0,3.67,98,0.0,1,0,0,0
ORD002922,10961,1725,2024-05-01 17:00:00,1018.01,1,Fashion,17.3,COD,Delhi,Urban,14,5,1,8,0.3571,1.8,811,155,0.1911,3,5,6,0,2,119.4,3,0,0,3.82,1066,1018.01,0,0,0,0
ORD002923,12989,1662,2024-05-01 18:00:00,707.85,1,Electronics,14.6,Credit Card,Delhi,Semi-Urban,11,2,0,9,0.1818,11.8,711,282,0.3966,1,9,2,0,2,62.1,4,0,0,4.44,262,0.0,1,0,0,0
ORD002924,13848,1439,2024-05-01 19:00:00,1930.33,1,Fashion,5.7,COD,Delhi,Rural,9,1,1,7,0.1111,56.8,853,13,0.0152,1,8,2,0,2,17.9,3,0,0,4.25,1219,1930.33,1,0,0,0
ORD002925,11026,1501,2024-05-01 20:00:00,955.58,2,Beauty,20.2,COD,Delhi,Urban,13,1,0,12,0.0769,17.0,750,128,0.1707,2,10,2,0,1,310.8,2,0,0,4.03,1062,955.58,0,2,0,0
ORD002926,16228,1274,2024-05-01 21:00:00,2210.6,2,Electronics,14.1,COD,Karnataka,Urban,13,2,0,11,0.1538,4.6,776,103,0.1327,1,7,5,0,2,107.0,3,0,0,3.29,896,2210.6,0,0,0,0
ORD002927,13865,1075,2024-05-01 22:00:00,1394.78,1,Footwear,34.1,COD,Maharashtra,Urban,10,1,1,8,0.1,11.2,745,48,0.0644,3,6,2,1,4,7.7,3,0,0,3.78,253,1394.78,1,0,1,0
ORD002928,16471,1438,2024-05-01 23:00:00,1400.8,1,Home,3.1,UPI,Bihar,Urban,12,0,0,12,0.0,95.1,772,226,0.2927,6,11,1,0,3,99.9,7,0,0,4.38,443,0.0,0,1,1,0
ORD002929,12863,1731,2024-05-02 00:00:00,1566.68,1,Fashion,9.1,COD,Maharashtra,Rural,6,0,1,5,0.0,0.8,742,231,0.3113,2,6,5,0,3,308.3,4,0,0,4.65,661,1566.68,0,1,1,0
ORD002930,15569,1698,2024-05-02 01:00:00,631.58,1,Fashion,25.4,COD,Bihar,Urban,8,3,0,5,0.375,23.0,728,181,0.2486,1,5,3,0,3,248.7,3,0,0,4.32,1506,631.58,0,1,1,1
ORD002931,12501,1288,2024-05-02 02:00:00,593.9,1,Footwear,7.6,COD,Delhi,Semi-Urban,6,0,0,6,0.0,23.6,751,52,0.0692,1,7,2,0,2,491.5,3,0,0,4.05,38,593.9,0,0,1,1
ORD002932,11947,1539,2024-05-02 03:00:00,581.71,3,Footwear,6.6,Wallet,West Bengal,Semi-Urban,9,1,0,8,0.1111,53.3,739,31,0.0419,0,8,2,0,4,60.4,6,0,0,4.42,1946,0.0,1,0,1,0
ORD002933,16772,1691,2024-05-02 04:00:00,2055.96,2,Home,9.9,COD,Karnataka,Urban,6,0,0,6,0.0,13.5,720,31,0.0431,2,6,5,0,3,257.1,5,0,0,4.09,1199,2055.96,1,0,1,0
ORD002934,17388,1252,2024-05-02 05:00:00,621.77,1,Beauty,5.5,COD,Bihar,Semi-Urban,11,2,0,9,0.1818,13.7,772,86,0.1114,4,12,2,1,1,216.2,5,0,0,4.51,692,621.77,0,0,1,0
ORD002935,11177,1125,2024-05-02 06:00:00,670.02,3,Electronics,27.8,UPI,Delhi,Semi-Urban,8,2,0,6,0.25,86.9,712,11,0.0154,1,6,5,0,4,257.3,2,0,0,4.14,1681,0.0,0,0,0,0
ORD002936,14760,1176,2024-05-02 07:00:00,1514.0,1,Electronics,6.7,Credit Card,West Bengal,Semi-Urban,13,1,0,12,0.0769,0.6,749,1,0.0013,3,7,2,0,2,311.4,2,0,0,4.04,38,0.0,0,0,0,0
ORD002937,10011,1036,2024-05-02 08:00:00,942.72,2,Electronics,1.4,UPI,Delhi,Urban,6,1,1,4,0.1667,23.4,742,85,0.1146,2,8,3,0,2,63.8,7,0,0,3.67,1196,0.0,0,0,0,0
ORD002938,15252,1409,2024-05-02 09:00:00,873.16,1,Beauty,6.0,Wallet,Karnataka,Urban,10,1,0,9,0.1,30.2,730,48,0.0658,2,9,5,0,1,158.2,3,0,0,4.03,1942,0.0,1,0,0,0
ORD002939,14399,1610,2024-05-02 10:00:00,828.87,2,Home,26.0,COD,West Bengal,Semi-Urban,12,0,0,12,0.0,2.4,703,41,0.0583,3,12,4,0,3,124.5,5,0,0,4.72,1541,828.87,0,0,0,1
ORD002940,13364,1609,2024-05-02 11:00:00,271.68,1,Electronics,13.3,COD,Bihar,Urban,14,2,0,12,0.1429,31.3,803,16,0.0199,4,9,1,0,6,64.4,5,0,0,3.31,1856,271.68,1,0,0,0
ORD002941,13022,1126,2024-05-02 12:00:00,613.92,1,Fashion,4.4,Credit Card,Bihar,Rural,9,0,2,7,0.0,26.9,750,133,0.1773,0,4,5,0,2,98.4,3,0,0,4.22,1065,0.0,0,0,0,0
ORD002942,13371,1482,2024-05-02 13:00:00,2228.17,1,Fashion,19.3,UPI,Bihar,Urban,10,0,0,10,0.0,0.4,730,70,0.0959,3,4,2,0,3,286.1,2,0,0,3.86,1019,0.0,0,2,0,0
ORD002943,15859,1167,2024-05-02 14:00:00,793.43,1,Fashion,5.9,COD,Bihar,Urban,16,2,0,14,0.125,47.4,703,52,0.074,2,4,5,0,4,91.4,4,0,0,4.57,1133,793.43,0,0,0,1
ORD002944,12830,1591,2024-05-02 15:00:00,350.62,1,Footwear,28.2,COD,West Bengal,Semi-Urban,16,4,1,11,0.25,25.3,733,212,0.2892,4,11,3,0,2,347.5,2,0,0,4.57,602,350.62,0,1,0,1
ORD002945,10042,1293,2024-05-02 16:00:00,598.97,1,Footwear,15.9,Wallet,Karnataka,Urban,11,1,0,10,0.0909,65.3,738,37,0.0501,3,6,3,0,2,196.2,1,0,0,3.43,116,0.0,0,0,0,0
ORD002946,10943,1637,2024-05-02 17:00:00,1360.91,1,Beauty,21.5,Credit Card,West Bengal,Urban,14,6,2,6,0.4286,24.6,739,8,0.0108,1,4,3,0,4,92.2,6,0,0,4.53,1747,0.0,0,1,0,0
ORD002947,12390,1342,2024-05-02 18:00:00,1344.83,2,Electronics,16.2,COD,Bihar,Urban,9,2,0,7,0.2222,13.8,778,99,0.1272,0,6,3,0,2,117.5,3,0,1,4.16,48,1344.83,1,0,0,0
ORD002948,15445,1309,2024-05-02 19:00:00,919.13,1,Footwear,8.4,COD,Karnataka,Urban,7,0,1,6,0.0,23.9,795,64,0.0805,2,4,4,1,1,131.6,4,0,1,3.84,313,919.13,2,0,0,1
ORD002949,17981,1661,2024-05-02 20:00:00,725.22,2,Fashion,17.5,Credit Card,Maharashtra,Urban,7,1,0,6,0.1429,49.8,724,35,0.0483,2,7,1,0,1,199.9,4,0,0,3.14,590,0.0,0,1,0,0
ORD002950,12545,1527,2024-05-02 21:00:00,472.8,1,Footwear,15.2,COD,Maharashtra,Semi-Urban,9,1,2,6,0.1111,13.7,785,67,0.0854,2,7,4,0,2,62.5,1,0,0,4.68,1820,472.8,1,0,0,0
ORD002951,12411,1539,2024-05-02 22:00:00,1367.73,3,Fashion,12.9,COD,West Bengal,Semi-Urban,8,0,0,8,0.0,13.7,721,70,0.0971,0,4,3,0,4,629.5,4,0,0,4.38,1088,1367.73,0,0,1,1
ORD002952,14986,1418,2024-05-02 23:00:00,1812.97,3,Electronics,47.4,COD,Bihar,Urban,12,1,3,8,0.0833,2.7,771,52,0.0674,2,6,3,0,3,228.9,4,0,0,3.96,1696,1812.97,0,0,1,0
ORD002953,16570,1443,2024-05-03 00:00:00,2376.37,1,Beauty,13.7,COD,Maharashtra,Semi-Urban,10,0,1,9,0.0,20.7,752,183,0.2434,2,2,4,0,2,156.1,1,0,0,3.98,530,2376.37,0,1,1,1
ORD002954,11004,1684,2024-05-03 01:00:00,563.21,2,Home,39.2,Credit Card,Maharashtra,Rural,7,1,0,6,0.1429,14.7,725,181,0.2497,1,6,2,0,2,78.0,3,0,0,3.47,1915,0.0,0,0,1,0
ORD002955,10020,1557,2024-05-03 02:00:00,2488.2,1,Home,23.9,Credit Card,Delhi,Semi-Urban,6,0,1,5,0.0,11.9,785,254,0.3236,2,7,6,0,4,94.3,6,0,0,4.56,819,0.0,0,0,1,0
ORD002956,10406,1235,2024-05-03 03:00:00,1060.01,3,Fashion,25.5,COD,Delhi,Semi-Urban,4,0,0,4,0.0,1.0,747,173,0.2316,1,2,5,0,1,224.5,4,0,0,3.69,440,1060.01,0,0,1,0
ORD002957,16762,1438,2024-05-03 04:00:00,1114.26,1,Footwear,12.3,COD,Karnataka,Urban,5,0,0,5,0.0,23.2,700,86,0.1229,1,8,4,0,7,65.6,7,0,0,4.25,1143,1114.26,0,0,1,1
ORD002958,11014,1213,2024-05-03 05:00:00,1874.61,1,Footwear,12.9,Credit Card,Karnataka,Urban,13,4,0,9,0.3077,1.4,749,151,0.2016,0,4,2,1,6,326.9,4,0,0,3.37,625,0.0,0,0,1,1
ORD002959,14431,1084,2024-05-03 06:00:00,792.69,1,Fashion,16.8,COD,Bihar,Urban,7,0,0,7,0.0,2.3,737,51,0.0692,3,9,4,0,2,84.1,2,0,0,3.76,899,792.69,0,0,0,0
ORD002960,11838,1793,2024-05-03 07:00:00,299.38,1,Electronics,8.1,UPI,Maharashtra,Semi-Urban,7,0,1,6,0.0,1.3,702,58,0.0826,2,8,3,0,3,146.3,3,0,0,3.84,779,0.0,0,0,0,0
ORD002961,13188,1743,2024-05-03 08:00:00,1673.91,1,Fashion,31.4,COD,West Bengal,Semi-Urban,8,2,0,6,0.25,8.4,770,233,0.3026,3,8,3,1,3,61.5,3,0,0,4.05,1886,1673.91,0,0,0,1
ORD002962,15243,1084,2024-05-03 09:00:00,1351.73,2,Electronics,16.9,COD,West Bengal,Rural,8,5,1,2,0.625,18.2,719,49,0.0682,2,9,7,0,1,34.3,4,0,0,4.72,763,1351.73,1,0,0,1
ORD002963,16542,1488,2024-05-03 10:00:00,883.45,1,Beauty,10.2,UPI,Delhi,Semi-Urban,13,0,1,12,0.0,22.6,749,121,0.1615,3,6,1,0,3,141.7,2,0,0,4.36,767,0.0,0,0,0,0
ORD002964,16936,1064,2024-05-03 11:00:00,1593.23,1,Beauty,7.2,Credit Card,Karnataka,Urban,6,2,0,4,0.3333,10.6,725,209,0.2883,2,8,5,0,4,43.9,5,0,0,4.1,611,0.0,1,0,0,0
ORD002965,15923,1645,2024-05-03 12:00:00,1801.12,1,Fashion,31.9,Credit Card,Bihar,Semi-Urban,5,1,1,3,0.2,29.7,775,59,0.0761,6,12,7,0,2,105.9,6,0,0,4.09,626,0.0,1,0,0,0
ORD002966,10714,1662,2024-05-03 13:00:00,442.66,1,Beauty,35.3,COD,Delhi,Urban,9,4,0,5,0.4444,38.0,764,92,0.1204,2,6,5,0,2,186.1,3,0,0,4.1,961,442.66,1,0,0,0
ORD002967,14146,1626,2024-05-03 14:00:00,1111.55,1,Footwear,29.5,COD,Delhi,Semi-Urban,8,0,0,8,0.0,23.1,732,55,0.0751,4,10,4,1,2,77.4,3,0,0,3.94,76,1111.55,0,0,0,0
ORD002968,13854,1063,2024-05-03 15:00:00,279.63,2,Electronics,9.3,COD,Bihar,Urban,3,0,0,3,0.0,10.4,695,117,0.1683,2,10,4,0,4,151.4,3,0,0,4.58,662,279.63,1,0,0,0
ORD002969,14419,1342,2024-05-03 16:00:00,1018.19,1,Home,6.0,COD,Bihar,Urban,12,0,1,11,0.0,1.2,749,73,0.0975,0,6,2,0,3,267.2,2,0,0,3.44,535,1018.19,0,0,0,0
ORD002970,14884,1351,2024-05-03 17:00:00,876.87,1,Home,4.3,Credit Card,Maharashtra,Urban,6,0,1,5,0.0,68.9,745,50,0.0671,2,4,4,0,3,472.2,3,0,0,4.2,1339,0.0,0,0,0,1
ORD002971,10140,1157,2024-05-03 18:00:00,1473.13,1,Beauty,9.4,COD,Bihar,Rural,10,1,2,7,0.1,95.8,787,88,0.1118,2,14,1,0,3,213.9,2,0,0,4.71,1500,1473.13,0,0,0,1
ORD002972,14565,1588,2024-05-03 19:00:00,576.03,1,Electronics,6.0,COD,Bihar,Semi-Urban,10,1,2,7,0.1,2.6,706,127,0.1799,1,4,2,0,2,44.1,3,0,0,4.37,1679,576.03,0,0,0,0
ORD002973,14882,1490,2024-05-03 20:00:00,851.59,2,Footwear,3.6,UPI,Delhi,Urban,11,1,1,9,0.0909,13.5,742,58,0.0782,1,4,1,0,3,220.4,2,0,0,2.96,1745,0.0,0,0,0,0
ORD002974,15921,1657,2024-05-03 21:00:00,159.23,1,Home,10.2,COD,Delhi,Urban,10,0,0,10,0.0,6.2,765,72,0.0941,2,8,2,0,6,119.1,4,0,0,3.31,1909,159.23,2,0,0,0
ORD002975,15453,1462,2024-05-03 22:00:00,1532.26,1,Footwear,7.7,Debit Card,West Bengal,Urban,9,0,0,9,0.0,19.7,764,125,0.1636,4,9,3,0,4,108.3,2,0,0,3.98,1364,0.0,0,1,1,0
ORD002976,16012,1224,2024-05-03 23:00:00,1039.98,1,Footwear,18.6,UPI,West Bengal,Urban,11,0,0,11,0.0,16.7,717,40,0.0558,3,8,2,0,4,82.8,2,0,0,4.74,1269,0.0,0,1,1,0
ORD002977,10963,1312,2024-05-04 00:00:00,1155.57,1,Home,12.0,COD,West Bengal,Urban,16,0,2,14,0.0,6.0,740,105,0.1419,1,6,2,0,2,85.7,2,1,0,3.93,1889,1155.57,0,0,1,1
ORD002978,17151,1614,2024-05-04 01:00:00,447.62,1,Home,23.7,COD,Bihar,Semi-Urban,14,0,5,9,0.0,59.9,741,10,0.0135,3,4,4,0,2,199.0,3,1,0,3.91,1796,447.62,1,0,1,0
ORD002979,10372,1465,2024-05-04 02:00:00,1392.47,1,Beauty,11.8,UPI,Maharashtra,Semi-Urban,8,2,0,6,0.25,55.9,741,140,0.1889,3,7,3,1,5,216.7,7,1,0,3.62,40,0.0,0,0,1,1
ORD002980,13635,1087,2024-05-04 03:00:00,2956.17,2,Electronics,8.3,Debit Card,Delhi,Rural,8,1,1,6,0.125,29.8,758,96,0.1266,3,11,3,0,2,54.0,7,1,0,3.8,757,0.0,0,0,1,1
ORD002981,12541,1302,2024-05-04 04:00:00,981.47,1,Fashion,9.8,Credit Card,Karnataka,Urban,6,0,1,5,0.0,31.8,693,79,0.114,1,6,3,1,1,237.0,3,1,0,3.87,924,0.0,2,0,1,0
ORD002982,13610,1679,2024-05-04 05:00:00,1619.79,1,Electronics,5.5,COD,Maharashtra,Rural,11,0,1,10,0.0,10.7,730,55,0.0753,1,12,4,0,2,266.6,4,1,0,3.9,1057,1619.79,0,0,1,0
ORD002983,11692,1434,2024-05-04 06:00:00,650.43,1,Fashion,8.0,COD,Karnataka,Urban,7,0,0,7,0.0,12.2,789,77,0.0976,1,5,3,0,2,171.7,3,1,0,4.43,588,650.43,0,0,0,1
ORD002984,16894,1681,2024-05-04 07:00:00,1047.21,1,Home,19.7,UPI,Bihar,Urban,9,0,1,8,0.0,16.7,757,93,0.1229,1,9,2,0,2,382.0,3,1,1,4.67,718,0.0,0,0,0,0
ORD002985,15275,1134,2024-05-04 08:00:00,437.55,1,Footwear,8.5,COD,Karnataka,Urban,8,1,0,7,0.125,25.5,705,234,0.3319,2,6,3,0,3,115.4,4,1,0,3.56,1559,437.55,0,0,0,1
ORD002986,16434,1049,2024-05-04 09:00:00,1759.66,3,Electronics,8.8,COD,West Bengal,Rural,7,2,0,5,0.2857,14.2,732,116,0.1585,3,7,2,1,3,59.9,3,1,0,3.79,987,1759.66,0,0,0,1
ORD002987,15767,1431,2024-05-04 10:00:00,1207.01,3,Footwear,12.2,Wallet,Delhi,Rural,7,0,0,7,0.0,7.9,756,121,0.1601,4,11,2,0,1,158.4,2,1,0,3.97,1482,0.0,0,0,0,0
ORD002988,17311,1339,2024-05-04 11:00:00,527.65,1,Electronics,10.8,UPI,Maharashtra,Rural,10,2,2,6,0.2,50.8,747,157,0.2102,3,8,2,0,5,247.0,3,1,0,3.99,1696,0.0,0,0,0,0
ORD002989,10105,1346,2024-05-04 12:00:00,677.82,1,Electronics,15.5,UPI,West Bengal,Urban,6,1,0,5,0.1667,8.2,753,146,0.1939,0,7,3,0,4,352.4,2,1,0,3.33,1467,0.0,0,0,0,0
ORD002990,15539,1645,2024-05-04 13:00:00,1137.57,1,Footwear,12.0,COD,Delhi,Semi-Urban,11,0,2,9,0.0,24.5,722,201,0.2784,0,3,2,0,4,132.5,7,1,0,4.66,917,1137.57,0,1,0,1
ORD002991,16813,1346,2024-05-04 14:00:00,1908.97,1,Beauty,30.9,COD,West Bengal,Semi-Urban,12,1,0,11,0.0833,31.0,758,207,0.2731,6,14,1,0,2,70.1,3,1,0,4.22,564,1908.97,1,0,0,0
ORD002992,11681,1648,2024-05-04 15:00:00,2664.35,2,Home,7.8,UPI,Maharashtra,Urban,5,0,0,5,0.0,24.4,764,22,0.0288,1,12,4,0,2,49.1,5,1,0,4.35,1057,0.0,2,0,0,0
ORD002993,14097,1244,2024-05-04 16:00:00,1011.84,2,Beauty,13.6,Credit Card,Bihar,Urban,9,0,0,9,0.0,34.9,752,69,0.0918,4,12,6,0,5,394.9,3,1,0,5.0,463,0.0,0,0,0,1
ORD002994,14016,1108,2024-05-04 17:00:00,483.58,3,Beauty,2.8,Debit Card,Karnataka,Semi-Urban,10,0,2,8,0.0,5.6,781,55,0.0704,1,4,2,0,2,162.5,5,1,0,4.07,642,0.0,0,0,0,0
ORD002995,12636,1798,2024-05-04 18:00:00,1265.32,1,Electronics,8.8,UPI,Bihar,Semi-Urban,4,2,0,2,0.5,12.5,719,20,0.0278,4,14,3,0,2,125.8,7,1,0,3.5,1918,0.0,0,1,0,0
ORD002996,16787,1532,2024-05-04 19:00:00,3200.07,1,Home,20.0,COD,Karnataka,Semi-Urban,9,0,0,9,0.0,20.4,747,59,0.079,3,8,2,0,2,61.4,5,1,0,4.62,1391,3200.07,0,1,0,0
ORD002997,12137,1089,2024-05-04 20:00:00,414.2,2,Electronics,15.0,UPI,Karnataka,Urban,7,0,0,7,0.0,51.2,750,114,0.152,2,5,3,0,3,102.9,3,1,0,3.92,824,0.0,1,0,0,0
ORD002998,13416,1295,2024-05-04 21:00:00,618.47,2,Fashion,9.9,COD,Maharashtra,Urban,9,1,0,8,0.1111,86.0,795,113,0.1421,2,9,3,0,2,68.1,2,1,0,3.38,930,618.47,0,0,0,1
ORD002999,14445,1111,2024-05-04 22:00:00,1582.21,3,Electronics,25.9,UPI,Maharashtra,Semi-Urban,7,0,1,6,0.0,49.1,728,69,0.0948,2,5,2,0,1,77.9,2,1,0,3.37,104,0.0,0,0,1,0
ORD003000,13530,1588,2024-05-04 23:00:00,1202.5,1,Footwear,14.6,Debit Card,Bihar,Semi-Urban,7,0,1,6,0.0,3.3,748,237,0.3168,5,14,1,0,4,113.8,4,1,0,3.6,986,0.0,1,0,1,0
ORD003001,11286,1176,2024-05-05 00:00:00,790.75,1,Electronics,21.0,UPI,Delhi,Urban,11,2,2,7,0.1818,0.7,736,70,0.0951,2,6,3,0,1,192.6,4,1,0,3.97,1931,0.0,1,0,1,1
ORD003002,17518,1342,2024-05-05 01:00:00,1251.46,1,Fashion,22.0,COD,Delhi,Semi-Urban,12,0,2,10,0.0,8.3,733,5,0.0068,1,7,4,1,4,182.2,6,1,0,3.9,63,1251.46,0,0,1,1
ORD003003,13179,1659,2024-05-05 02:00:00,1971.45,1,Electronics,13.9,UPI,Bihar,Urban,13,1,1,11,0.0769,13.1,736,27,0.0367,2,8,7,0,4,137.7,1,1,0,3.51,374,0.0,1,1,1,0
ORD003004,17753,1100,2024-05-05 03:00:00,1033.8,1,Fashion,14.8,UPI,Karnataka,Urban,5,2,0,3,0.4,3.3,773,92,0.119,1,4,2,0,5,146.2,4,1,0,3.79,1333,0.0,0,0,1,0
ORD003005,15158,1757,2024-05-05 04:00:00,980.83,2,Home,8.6,UPI,Maharashtra,Urban,7,0,2,5,0.0,28.4,724,70,0.0967,1,7,2,0,2,161.1,2,1,0,4.44,887,0.0,1,0,1,0
ORD003006,17052,1628,2024-05-05 05:00:00,1561.52,1,Electronics,13.0,Credit Card,Bihar,Semi-Urban,4,0,0,4,0.0,57.7,765,93,0.1216,4,12,2,0,6,131.9,3,1,0,4.46,1108,0.0,0,0,1,0
ORD003007,16302,1603,2024-05-05 06:00:00,932.33,1,Fashion,22.9,COD,Delhi,Urban,15,1,2,12,0.0667,12.7,761,48,0.0631,2,9,3,0,4,64.1,2,1,0,4.6,1410,932.33,1,0,0,0
ORD003008,13654,1400,2024-05-05 07:00:00,2176.59,2,Home,1.9,COD,Karnataka,Rural,9,1,0,8,0.1111,113.0,673,37,0.055,4,6,1,0,4,51.9,3,1,0,3.88,840,2176.59,0,1,0,0
ORD003009,17102,1027,2024-05-05 08:00:00,3699.84,1,Footwear,4.2,Credit Card,Delhi,Semi-Urban,8,5,0,3,0.625,8.6,753,107,0.1421,2,11,4,0,3,186.8,3,1,0,4.48,1719,0.0,0,0,0,1
ORD003010,12359,1536,2024-05-05 09:00:00,641.77,3,Beauty,16.6,UPI,Karnataka,Rural,10,3,1,6,0.3,12.9,763,132,0.173,1,7,1,0,5,95.8,2,1,0,4.61,678,0.0,0,0,0,0
ORD003011,17408,1057,2024-05-05 10:00:00,518.0,1,Fashion,9.5,Wallet,Delhi,Urban,9,3,0,6,0.3333,1.4,811,191,0.2355,3,11,2,0,2,112.7,5,1,0,4.36,1675,0.0,1,1,0,1
ORD003012,10444,1497,2024-05-05 11:00:00,1370.64,1,Footwear,14.3,COD,West Bengal,Semi-Urban,8,1,1,6,0.125,31.0,751,135,0.1798,0,5,2,1,2,116.3,2,1,0,4.11,593,1370.64,1,0,0,0
ORD003013,16441,1296,2024-05-05 12:00:00,507.09,4,Home,16.4,COD,Karnataka,Rural,2,0,0,2,0.0,0.3,762,27,0.0354,1,5,3,0,5,245.3,3,1,0,3.85,1316,507.09,0,0,0,1
ORD003014,15047,1133,2024-05-05 13:00:00,501.93,3,Footwear,29.8,COD,Karnataka,Urban,3,0,0,3,0.0,14.0,752,120,0.1596,1,6,4,0,4,239.2,6,1,0,3.96,13,501.93,1,0,0,1
ORD003015,10035,1330,2024-05-05 14:00:00,320.69,1,Electronics,20.7,Wallet,Karnataka,Urban,8,1,0,7,0.125,6.4,733,88,0.1201,0,1,2,0,3,161.4,2,1,0,3.41,202,0.0,1,0,0,0
ORD003016,15203,1248,2024-05-05 15:00:00,871.88,2,Beauty,34.9,Credit Card,West Bengal,Semi-Urban,5,0,0,5,0.0,24.9,750,102,0.136,1,7,5,0,1,187.3,2,1,0,4.25,187,0.0,0,0,0,1
ORD003017,11475,1549,2024-05-05 16:00:00,1075.14,1,Fashion,14.4,COD,West Bengal,Urban,8,0,0,8,0.0,6.0,722,110,0.1524,3,8,1,0,1,266.8,4,1,0,4.55,1236,1075.14,0,0,0,0
ORD003018,13957,1074,2024-05-05 17:00:00,803.99,1,Home,20.4,COD,Delhi,Urban,6,1,1,4,0.1667,20.5,813,135,0.1661,3,7,5,0,3,111.9,2,1,0,3.76,1744,803.99,0,0,0,0
ORD003019,11798,1653,2024-05-05 18:00:00,2525.51,1,Beauty,8.5,COD,Maharashtra,Rural,10,0,1,9,0.0,2.2,749,46,0.0614,3,5,6,1,3,208.5,5,1,0,3.79,40,2525.51,0,0,0,0
ORD003020,11845,1167,2024-05-05 19:00:00,2415.19,1,Home,22.2,UPI,Delhi,Semi-Urban,12,2,0,10,0.1667,2.0,740,73,0.0986,1,4,1,0,3,199.5,3,1,0,4.27,231,0.0,1,0,0,0
ORD003021,11408,1770,2024-05-05 20:00:00,3488.78,2,Footwear,12.2,COD,Karnataka,Urban,6,0,0,6,0.0,54.3,757,13,0.0172,3,9,5,0,2,104.9,4,1,0,3.73,53,3488.78,0,1,0,0
ORD003022,15291,1502,2024-05-05 21:00:00,1127.68,2,Home,6.4,COD,Karnataka,Urban,12,4,2,6,0.3333,38.4,737,86,0.1167,2,8,5,0,2,89.4,5,1,0,3.62,808,1127.68,0,0,0,0
ORD003023,15495,1354,2024-05-05 22:00:00,2231.19,4,Home,24.6,UPI,Delhi,Urban,9,0,0,9,0.0,85.7,725,90,0.1241,0,5,1,1,4,27.5,4,1,0,3.74,1280,0.0,1,0,1,0
ORD003024,11708,1224,2024-05-05 23:00:00,1319.9,2,Footwear,26.4,Credit Card,Bihar,Urban,5,0,1,4,0.0,6.5,781,31,0.0397,1,5,4,0,1,186.3,3,1,0,4.22,734,0.0,0,1,1,1
ORD003025,15481,1663,2024-05-06 00:00:00,1242.68,1,Footwear,8.2,COD,Maharashtra,Urban,13,1,0,12,0.0769,8.7,754,104,0.1379,2,6,2,0,2,262.2,3,0,0,4.17,1378,1242.68,1,0,1,1
ORD003026,16702,1530,2024-05-06 01:00:00,828.46,2,Beauty,32.9,UPI,West Bengal,Urban,10,0,1,9,0.0,158.5,741,228,0.3077,1,10,1,0,4,61.8,2,0,0,4.31,509,0.0,0,0,1,0
ORD003027,12938,1145,2024-05-06 02:00:00,282.06,4,Fashion,11.9,COD,Maharashtra,Urban,11,0,1,10,0.0,28.5,772,150,0.1943,1,3,1,0,4,180.3,2,0,0,4.22,883,282.06,0,0,1,1
ORD003028,16284,1240,2024-05-06 03:00:00,1607.4,2,Footwear,12.3,COD,Bihar,Rural,9,2,1,6,0.2222,9.0,721,66,0.0915,3,5,3,0,2,416.0,3,0,0,3.65,135,1607.4,0,0,1,1
ORD003029,17030,1343,2024-05-06 04:00:00,2191.81,2,Beauty,16.7,COD,Delhi,Urban,11,0,0,11,0.0,7.5,765,73,0.0954,1,6,3,0,6,98.9,3,0,0,4.39,389,2191.81,0,0,1,0
ORD003030,17285,1748,2024-05-06 05:00:00,439.06,3,Home,10.6,UPI,Delhi,Urban,8,1,0,7,0.125,46.0,729,107,0.1468,3,8,3,0,4,62.1,3,0,0,3.85,1446,0.0,0,0,1,0
ORD003031,11300,1034,2024-05-06 06:00:00,1090.27,1,Home,16.4,COD,Karnataka,Semi-Urban,8,1,0,7,0.125,12.8,757,48,0.0634,2,2,3,0,2,67.1,5,0,0,4.07,1138,1090.27,0,1,0,1
ORD003032,16869,1701,2024-05-06 07:00:00,1988.21,2,Electronics,13.2,COD,Delhi,Urban,10,0,0,10,0.0,1.0,765,83,0.1085,1,9,3,1,3,24.5,3,0,0,4.32,186,1988.21,0,0,0,0
ORD003033,11243,1000,2024-05-06 08:00:00,883.86,3,Footwear,22.5,COD,Bihar,Semi-Urban,12,1,4,7,0.0833,11.2,726,22,0.0303,1,7,5,0,5,53.7,3,0,0,3.54,245,883.86,0,0,0,1
ORD003034,13976,1152,2024-05-06 09:00:00,2243.66,4,Beauty,6.8,Debit Card,Delhi,Semi-Urban,8,2,0,6,0.25,4.9,705,58,0.0823,4,6,3,0,3,96.2,5,0,0,4.47,1970,0.0,0,0,0,0
ORD003035,13097,1428,2024-05-06 10:00:00,1008.11,1,Beauty,44.6,COD,Delhi,Rural,11,3,2,6,0.2727,2.5,752,77,0.1024,1,8,3,0,2,301.5,5,0,0,3.46,1965,1008.11,0,0,0,0
ORD003036,14616,1507,2024-05-06 11:00:00,800.23,1,Fashion,15.7,UPI,Bihar,Urban,6,0,0,6,0.0,54.4,734,66,0.0899,3,7,2,0,2,68.8,3,0,0,3.79,1329,0.0,0,0,0,0
ORD003037,15902,1125,2024-05-06 12:00:00,2321.97,2,Beauty,19.1,COD,West Bengal,Urban,7,0,0,7,0.0,29.7,726,52,0.0716,1,4,2,1,2,268.6,3,0,0,3.99,189,2321.97,0,0,0,0
ORD003038,10009,1490,2024-05-06 13:00:00,626.25,1,Footwear,5.8,Wallet,Maharashtra,Urban,7,1,0,6,0.1429,27.8,740,29,0.0392,2,8,1,0,2,119.2,1,0,0,3.64,595,0.0,0,0,0,0
ORD003039,15079,1481,2024-05-06 14:00:00,709.85,2,Beauty,5.8,Wallet,Delhi,Urban,14,1,0,13,0.0714,22.9,760,185,0.2434,3,9,4,0,3,77.0,1,0,0,3.78,1118,0.0,0,0,0,1
ORD003040,12425,1344,2024-05-06 15:00:00,640.77,1,Electronics,3.8,Credit Card,Maharashtra,Semi-Urban,8,2,2,4,0.25,31.7,746,150,0.2011,4,10,1,0,6,137.9,5,0,0,4.46,723,0.0,1,0,0,0
ORD003041,15752,1737,2024-05-06 16:00:00,552.49,1,Home,14.9,UPI,Maharashtra,Semi-Urban,8,1,1,6,0.125,73.7,770,146,0.1896,1,5,2,1,5,63.1,3,0,0,3.74,1910,0.0,0,1,0,0
ORD003042,11660,1220,2024-05-06 17:00:00,1202.09,1,Home,12.0,UPI,Karnataka,Rural,6,0,0,6,0.0,1.8,729,124,0.1701,2,8,2,0,3,125.7,3,0,0,4.21,1204,0.0,0,0,0,0
ORD003043,16825,1722,2024-05-06 18:00:00,806.13,1,Beauty,35.2,COD,West Bengal,Urban,6,2,0,4,0.3333,0.9,752,20,0.0266,2,5,5,0,2,82.9,5,0,0,4.17,157,806.13,1,0,0,0
ORD003044,12631,1024,2024-05-06 19:00:00,1470.22,1,Beauty,12.4,COD,Maharashtra,Semi-Urban,10,2,0,8,0.2,20.6,777,183,0.2355,3,5,7,0,3,190.1,6,0,0,3.93,1038,1470.22,0,0,0,1
ORD003045,16295,1527,2024-05-06 20:00:00,387.31,1,Beauty,20.1,COD,Karnataka,Urban,2,0,0,2,0.0,13.0,717,25,0.0349,2,6,2,1,3,101.3,4,0,0,3.91,1524,387.31,0,0,0,1
ORD003046,14815,1181,2024-05-06 21:00:00,559.18,1,Beauty,7.7,COD,Bihar,Rural,8,0,0,8,0.0,2.2,741,87,0.1174,1,7,2,0,5,18.2,4,0,0,3.76,1904,559.18,0,0,0,0
ORD003047,11072,1498,2024-05-06 22:00:00,1131.1,1,Electronics,12.9,Wallet,Bihar,Urban,9,1,0,8,0.1111,78.0,719,21,0.0292,4,6,3,0,3,269.2,6,0,0,3.7,1060,0.0,0,0,1,1
ORD003048,13225,1640,2024-05-06 23:00:00,2648.66,1,Footwear,21.0,COD,Bihar,Semi-Urban,7,1,0,6,0.1429,36.3,712,96,0.1348,1,7,3,0,1,89.6,6,0,0,4.38,1468,2648.66,0,0,1,0
ORD003049,14954,1041,2024-05-07 00:00:00,1376.23,1,Electronics,11.1,COD,Bihar,Urban,8,0,0,8,0.0,16.7,798,116,0.1454,1,3,5,0,6,4.6,2,0,1,3.93,1825,1376.23,0,0,1,0
ORD003050,11316,1480,2024-05-07 01:00:00,769.98,1,Electronics,15.0,UPI,Bihar,Urban,6,1,0,5,0.1667,77.6,674,21,0.0312,1,2,2,0,4,63.0,2,0,0,4.58,636,0.0,0,1,1,0
ORD003051,15699,1747,2024-05-07 02:00:00,448.67,2,Electronics,19.3,COD,Karnataka,Semi-Urban,6,1,0,5,0.1667,36.7,710,131,0.1845,2,8,3,0,5,49.0,3,0,0,4.36,1535,448.67,1,0,1,1
ORD003052,14145,1438,2024-05-07 03:00:00,743.44,1,Home,18.3,COD,West Bengal,Rural,10,0,1,9,0.0,2.0,768,127,0.1654,1,4,3,0,4,60.4,4,0,0,3.83,1932,743.44,0,0,1,0
ORD003053,16807,1401,2024-05-07 04:00:00,1069.03,1,Electronics,9.0,COD,West Bengal,Semi-Urban,7,0,1,6,0.0,27.3,779,49,0.0629,1,10,3,0,1,17.8,4,0,0,3.86,1395,1069.03,0,1,1,0
ORD003054,16674,1545,2024-05-07 05:00:00,266.5,2,Beauty,28.9,Credit Card,Karnataka,Urban,6,4,0,2,0.6667,16.0,731,41,0.0561,1,3,2,1,1,228.3,4,0,0,3.97,1853,0.0,0,0,1,0
ORD003055,13683,1344,2024-05-07 06:00:00,529.52,1,Electronics,2.6,Debit Card,Karnataka,Urban,10,1,0,9,0.1,22.4,776,39,0.0503,0,8,4,0,3,111.9,4,0,0,3.88,904,0.0,0,0,0,0
ORD003056,17227,1044,2024-05-07 07:00:00,704.48,4,Beauty,14.7,COD,Delhi,Urban,8,5,0,3,0.625,6.9,740,71,0.0959,1,7,2,1,3,153.3,7,0,0,3.97,177,704.48,0,0,0,1
ORD003057,17334,1645,2024-05-07 08:00:00,939.69,2,Footwear,24.7,Debit Card,Maharashtra,Semi-Urban,7,1,0,6,0.1429,15.7,743,88,0.1184,2,6,1,0,2,43.5,1,0,0,3.76,1923,0.0,0,0,0,0
ORD003058,13273,1020,2024-05-07 09:00:00,1061.46,1,Home,4.2,Credit Card,Bihar,Urban,8,0,1,7,0.0,10.0,758,116,0.153,3,8,4,0,2,137.5,2,0,0,3.77,680,0.0,1,0,0,0
ORD003059,17000,1633,2024-05-07 10:00:00,760.12,1,Footwear,14.3,COD,Maharashtra,Rural,12,1,0,11,0.0833,14.6,759,77,0.1014,5,12,4,0,8,53.9,4,0,0,3.88,838,760.12,0,0,0,0
ORD003060,10145,1069,2024-05-07 11:00:00,1485.53,1,Footwear,9.1,COD,Delhi,Semi-Urban,10,2,0,8,0.2,2.7,775,27,0.0348,2,8,4,1,5,96.2,2,0,0,4.49,1595,1485.53,0,0,0,0
ORD003061,15010,1047,2024-05-07 12:00:00,1181.84,1,Home,20.5,Credit Card,West Bengal,Semi-Urban,10,2,1,7,0.2,3.4,773,69,0.0893,1,4,3,0,1,69.9,3,0,0,4.19,1290,0.0,0,0,0,0
ORD003062,17843,1490,2024-05-07 13:00:00,878.28,1,Beauty,9.8,COD,Bihar,Semi-Urban,10,1,0,9,0.1,15.3,695,57,0.082,2,6,1,0,1,480.3,2,0,0,3.89,895,878.28,0,0,0,0
ORD003063,13040,1550,2024-05-07 14:00:00,1613.67,1,Beauty,9.3,UPI,West Bengal,Semi-Urban,11,0,0,11,0.0,6.9,807,82,0.1016,3,9,6,0,6,171.2,1,0,0,3.35,600,0.0,0,0,0,0
ORD003064,11462,1286,2024-05-07 15:00:00,1536.35,2,Beauty,12.9,UPI,Karnataka,Urban,9,1,0,8,0.1111,7.9,759,37,0.0487,2,8,2,0,7,71.6,2,0,0,3.54,1702,0.0,0,0,0,0
ORD003065,16385,1009,2024-05-07 16:00:00,458.39,1,Home,39.4,COD,Maharashtra,Urban,4,0,2,2,0.0,26.0,758,100,0.1319,3,7,4,0,1,246.9,1,0,0,3.4,795,458.39,0,0,0,1
ORD003066,14676,1541,2024-05-07 17:00:00,1075.76,1,Electronics,13.8,UPI,West Bengal,Urban,10,1,0,9,0.1,0.3,755,13,0.0172,0,3,2,0,2,226.1,2,0,0,4.23,140,0.0,2,0,0,0
ORD003067,16830,1755,2024-05-07 18:00:00,1870.87,2,Fashion,9.3,Credit Card,Delhi,Urban,18,1,0,17,0.0556,15.4,713,34,0.0477,0,5,2,0,2,111.2,1,0,0,4.35,279,0.0,1,1,0,0
ORD003068,11584,1273,2024-05-07 19:00:00,2068.32,1,Electronics,43.3,COD,West Bengal,Urban,17,1,1,15,0.0588,21.3,763,36,0.0472,4,9,3,0,3,121.9,6,0,0,4.07,275,2068.32,0,1,0,0
ORD003069,10482,1599,2024-05-07 20:00:00,1369.97,1,Electronics,12.0,UPI,Bihar,Semi-Urban,7,1,1,5,0.1429,10.6,706,125,0.1771,1,3,1,0,2,63.4,6,0,0,4.19,274,0.0,0,0,0,0
ORD003070,13179,1755,2024-05-07 21:00:00,953.39,1,Footwear,29.0,COD,Bihar,Urban,6,2,1,3,0.3333,18.9,749,208,0.2777,1,7,4,0,1,273.7,2,0,0,3.75,1828,953.39,1,1,0,1
ORD003071,11249,1380,2024-05-07 22:00:00,1412.04,1,Fashion,3.7,Wallet,Maharashtra,Rural,4,0,1,3,0.0,44.1,794,60,0.0756,3,3,1,0,4,180.5,4,0,1,4.0,1663,0.0,1,1,1,0
ORD003072,14768,1328,2024-05-07 23:00:00,1780.53,4,Beauty,14.5,COD,Karnataka,Semi-Urban,8,0,0,8,0.0,14.6,747,58,0.0776,1,9,5,0,3,219.3,5,0,0,3.85,833,1780.53,0,0,1,0
ORD003073,10630,1478,2024-05-08 00:00:00,1175.56,1,Electronics,32.8,Credit Card,Bihar,Rural,11,1,1,9,0.0909,16.6,751,172,0.229,0,6,3,0,3,74.4,4,0,0,3.88,878,0.0,0,0,1,0
ORD003074,16804,1014,2024-05-08 01:00:00,1257.85,1,Home,33.0,UPI,Delhi,Urban,11,0,0,11,0.0,49.0,718,100,0.1393,2,4,3,0,4,278.1,3,0,0,4.12,300,0.0,1,0,1,0
ORD003075,10661,1515,2024-05-08 02:00:00,943.99,1,Electronics,2.0,UPI,Maharashtra,Semi-Urban,12,0,2,10,0.0,15.3,740,59,0.0797,3,5,6,1,1,104.0,6,0,0,3.69,849,0.0,0,0,1,0
ORD003076,13503,1190,2024-05-08 03:00:00,491.73,1,Beauty,5.7,COD,Bihar,Rural,6,0,1,5,0.0,71.8,763,99,0.1298,1,11,2,1,2,276.8,4,0,0,3.61,517,491.73,0,0,1,0
ORD003077,12852,1167,2024-05-08 04:00:00,987.7,1,Electronics,32.7,COD,Delhi,Urban,12,1,0,11,0.0833,57.7,721,32,0.0444,1,5,3,0,2,35.3,1,0,0,4.12,810,987.7,0,0,1,0
ORD003078,17822,1520,2024-05-08 05:00:00,730.5,2,Footwear,28.1,UPI,West Bengal,Rural,6,1,2,3,0.1667,0.9,722,51,0.0706,0,5,4,0,2,94.4,1,0,0,4.13,1718,0.0,0,0,1,0
ORD003079,12466,1620,2024-05-08 06:00:00,731.9,3,Footwear,7.6,UPI,Delhi,Urban,17,3,2,12,0.1765,5.0,774,72,0.093,4,6,4,0,3,208.6,5,0,0,3.09,441,0.0,0,0,0,0
ORD003080,10987,1136,2024-05-08 07:00:00,2592.3,1,Electronics,7.9,Credit Card,Maharashtra,Urban,6,0,1,5,0.0,17.1,790,70,0.0886,1,5,4,0,2,187.3,2,0,0,3.58,1439,0.0,1,0,0,0
ORD003081,17622,1153,2024-05-08 08:00:00,1940.95,1,Footwear,19.9,COD,Bihar,Urban,12,1,0,11,0.0833,3.6,761,31,0.0407,1,5,2,0,1,156.5,4,0,0,4.55,1778,1940.95,0,0,0,1
ORD003082,17327,1387,2024-05-08 09:00:00,396.99,2,Home,20.7,COD,Karnataka,Urban,9,0,0,9,0.0,51.9,751,44,0.0586,1,6,2,0,4,50.7,2,0,0,3.83,167,396.99,0,0,0,0
ORD003083,11546,1208,2024-05-08 10:00:00,571.96,1,Fashion,14.4,COD,Karnataka,Rural,15,3,2,10,0.2,14.7,764,96,0.1257,1,7,4,0,3,60.2,4,0,0,3.41,1680,571.96,1,0,0,0
ORD003084,10649,1271,2024-05-08 11:00:00,881.71,1,Electronics,20.1,COD,Delhi,Urban,11,0,0,11,0.0,4.4,728,26,0.0357,2,2,2,1,4,83.6,2,0,0,3.89,1906,881.71,1,0,0,1
ORD003085,10968,1142,2024-05-08 12:00:00,746.67,1,Home,5.6,UPI,Delhi,Urban,14,0,2,12,0.0,28.4,736,61,0.0829,2,7,3,0,6,51.5,6,0,0,4.01,151,0.0,0,1,0,0
ORD003086,12637,1610,2024-05-08 13:00:00,1326.7,1,Home,18.7,UPI,Delhi,Semi-Urban,8,1,1,6,0.125,30.1,734,161,0.2193,4,9,3,0,1,350.9,3,0,0,3.64,1629,0.0,0,0,0,0
ORD003087,11100,1068,2024-05-08 14:00:00,520.01,1,Home,14.3,Credit Card,Bihar,Semi-Urban,11,0,3,8,0.0,17.9,766,96,0.1253,0,4,2,0,1,88.7,3,0,0,3.61,1025,0.0,0,1,0,0
ORD003088,16652,1246,2024-05-08 15:00:00,1949.09,2,Beauty,14.6,UPI,Karnataka,Urban,7,1,0,6,0.1429,3.9,750,84,0.112,1,7,3,0,2,95.7,1,0,0,4.53,683,0.0,0,0,0,0
ORD003089,10440,1260,2024-05-08 16:00:00,1068.06,2,Electronics,21.6,COD,Karnataka,Semi-Urban,9,3,0,6,0.3333,41.9,770,4,0.0052,1,9,2,0,2,220.4,6,0,0,3.33,1356,1068.06,2,0,0,0
ORD003090,17421,1787,2024-05-08 17:00:00,893.99,1,Electronics,13.9,COD,Maharashtra,Urban,9,1,0,8,0.1111,55.3,760,87,0.1145,0,5,2,0,2,135.4,4,0,0,3.66,1689,893.99,0,0,0,0
ORD003091,15016,1078,2024-05-08 18:00:00,1087.25,1,Electronics,23.6,COD,Maharashtra,Semi-Urban,9,0,0,9,0.0,63.7,745,224,0.3007,0,3,4,0,2,46.1,7,0,0,4.21,923,1087.25,0,0,0,0
ORD003092,10769,1657,2024-05-08 19:00:00,853.63,3,Fashion,14.5,UPI,West Bengal,Rural,6,0,0,6,0.0,6.0,742,133,0.1792,3,8,3,1,1,240.4,3,0,0,4.08,1854,0.0,0,0,0,0
ORD003093,11343,1622,2024-05-08 20:00:00,324.28,1,Home,31.0,Debit Card,Bihar,Urban,5,2,0,3,0.4,22.8,793,176,0.2219,1,6,4,0,4,217.6,3,0,0,4.59,457,0.0,0,0,0,1
ORD003094,15922,1769,2024-05-08 21:00:00,1104.51,3,Electronics,20.3,COD,Delhi,Urban,13,1,0,12,0.0769,30.2,713,177,0.2482,4,8,6,0,6,167.7,5,0,0,4.67,1015,1104.51,0,0,0,0
ORD003095,14358,1604,2024-05-08 22:00:00,904.65,1,Footwear,9.6,UPI,Maharashtra,Semi-Urban,11,2,0,9,0.1818,2.0,805,139,0.1727,3,8,3,0,2,288.4,4,0,0,4.54,1043,0.0,0,0,1,0
ORD003096,17764,1524,2024-05-08 23:00:00,618.52,1,Beauty,10.1,UPI,West Bengal,Urban,12,1,0,11,0.0833,20.5,768,44,0.0573,2,8,2,0,1,20.2,5,0,0,3.92,622,0.0,1,0,1,1
ORD003097,13729,1771,2024-05-09 00:00:00,2118.49,1,Fashion,4.2,COD,West Bengal,Urban,6,1,0,5,0.1667,1.2,739,58,0.0785,2,6,1,0,6,289.0,2,0,0,4.39,1907,2118.49,0,0,1,0
ORD003098,13906,1620,2024-05-09 01:00:00,1638.71,3,Beauty,9.9,COD,Karnataka,Urban,12,1,1,10,0.0833,40.6,755,85,0.1126,1,5,2,1,3,182.1,3,0,0,4.36,933,1638.71,0,0,1,1
ORD003099,11577,1329,2024-05-09 02:00:00,4737.73,1,Home,14.0,UPI,Bihar,Urban,9,1,1,7,0.1111,53.7,756,257,0.3399,1,7,3,0,3,203.4,2,0,0,4.04,660,0.0,1,0,1,0
ORD003100,17541,1188,2024-05-09 03:00:00,1809.67,1,Footwear,29.7,COD,Bihar,Urban,6,1,1,4,0.1667,25.0,708,23,0.0325,1,11,2,0,3,237.7,6,0,1,4.28,513,1809.67,0,0,1,0
ORD003101,16780,1094,2024-05-09 04:00:00,745.41,1,Home,22.8,UPI,Delhi,Urban,10,0,1,9,0.0,65.6,750,37,0.0493,3,7,3,0,1,270.9,5,0,0,4.58,1774,0.0,0,0,1,1
ORD003102,17334,1616,2024-05-09 05:00:00,636.85,3,Electronics,9.3,Credit Card,Bihar,Urban,11,2,1,8,0.1818,7.9,795,26,0.0327,1,9,5,0,4,168.9,2,0,0,4.04,1612,0.0,1,0,1,1
ORD003103,14008,1007,2024-05-09 06:00:00,815.19,3,Beauty,36.7,COD,Delhi,Semi-Urban,8,0,2,6,0.0,30.7,752,58,0.0771,0,2,4,0,1,109.4,2,0,0,4.58,276,815.19,1,0,0,0
ORD003104,17920,1066,2024-05-09 07:00:00,735.11,4,Footwear,1.6,COD,Bihar,Rural,13,1,1,11,0.0769,4.9,770,147,0.1909,0,5,2,0,4,264.4,6,0,0,4.0,1355,735.11,0,0,0,1
ORD003105,16602,1495,2024-05-09 08:00:00,1170.6,4,Beauty,27.8,UPI,Karnataka,Urban,5,0,0,5,0.0,1.7,740,120,0.1622,2,6,4,0,2,91.3,6,0,0,4.52,1531,0.0,0,0,0,0
ORD003106,15094,1190,2024-05-09 09:00:00,435.6,1,Fashion,12.0,UPI,West Bengal,Urban,5,2,0,3,0.4,13.8,745,68,0.0913,0,4,1,0,3,240.1,2,0,0,4.12,657,0.0,1,1,0,0
ORD003107,13351,1365,2024-05-09 10:00:00,1617.07,1,Footwear,3.8,COD,Bihar,Urban,7,0,1,6,0.0,74.9,731,40,0.0547,4,7,2,0,4,227.7,6,0,0,4.21,882,1617.07,0,0,0,0
ORD003108,14795,1767,2024-05-09 11:00:00,1158.31,1,Fashion,12.1,UPI,Bihar,Semi-Urban,9,0,3,6,0.0,43.9,754,57,0.0756,2,7,1,1,5,260.2,2,0,0,4.14,1863,0.0,0,0,0,0
ORD003109,12349,1520,2024-05-09 12:00:00,1509.42,1,Footwear,9.9,Credit Card,Karnataka,Rural,8,1,0,7,0.125,30.2,713,155,0.2174,2,6,6,0,4,318.1,5,0,0,4.42,940,0.0,1,0,0,1
ORD003110,13602,1116,2024-05-09 13:00:00,551.98,2,Electronics,37.0,COD,Maharashtra,Semi-Urban,7,1,1,5,0.1429,27.4,754,85,0.1127,3,5,5,0,3,335.7,3,0,0,3.49,1023,551.98,0,0,0,1
ORD003111,15699,1266,2024-05-09 14:00:00,1271.58,3,Beauty,14.3,COD,Delhi,Urban,10,0,1,9,0.0,7.5,758,103,0.1359,2,6,3,0,2,117.0,4,0,0,4.27,1008,1271.58,1,0,0,0
ORD003112,11241,1610,2024-05-09 15:00:00,2391.09,1,Beauty,6.8,UPI,Maharashtra,Rural,4,0,0,4,0.0,0.8,714,85,0.119,1,6,4,0,3,81.3,7,0,1,3.56,600,0.0,1,1,0,0
ORD003113,11125,1484,2024-05-09 16:00:00,654.38,2,Home,9.3,COD,West Bengal,Semi-Urban,13,3,0,10,0.2308,15.2,778,45,0.0578,3,5,3,0,3,178.6,3,0,0,3.78,579,654.38,1,0,0,1
ORD003114,12601,1508,2024-05-09 17:00:00,643.73,3,Footwear,15.6,Credit Card,Maharashtra,Urban,6,0,1,5,0.0,9.2,769,45,0.0585,2,7,3,0,2,256.5,5,0,0,4.69,54,0.0,0,0,0,0
ORD003115,16431,1297,2024-05-09 18:00:00,1681.05,1,Footwear,14.5,Credit Card,West Bengal,Semi-Urban,15,0,2,13,0.0,11.1,738,203,0.2751,2,8,1,0,3,413.3,4,0,0,4.46,1255,0.0,0,0,0,0
ORD003116,11190,1163,2024-05-09 19:00:00,613.13,1,Fashion,43.7,COD,Delhi,Urban,15,2,0,13,0.1333,1.9,768,33,0.043,5,8,1,0,2,139.7,4,0,0,3.52,16,613.13,0,0,0,0
ORD003117,16764,1375,2024-05-09 20:00:00,953.4,1,Footwear,5.2,COD,Karnataka,Urban,11,0,2,9,0.0,7.6,758,119,0.157,4,5,5,0,2,157.8,5,0,0,4.15,1786,953.4,2,1,0,1
ORD003118,15101,1652,2024-05-09 21:00:00,2658.29,1,Beauty,22.8,Debit Card,West Bengal,Urban,9,0,0,9,0.0,21.6,765,104,0.1359,0,4,2,0,2,65.5,5,0,0,4.46,524,0.0,1,0,0,0
ORD003119,14131,1267,2024-05-09 22:00:00,649.24,1,Footwear,21.2,COD,Delhi,Urban,10,0,1,9,0.0,59.0,689,34,0.0493,0,3,5,1,2,81.8,6,0,0,4.05,1917,649.24,0,0,1,0
ORD003120,14839,1548,2024-05-09 23:00:00,2770.17,1,Home,24.0,UPI,Karnataka,Semi-Urban,10,2,0,8,0.2,42.7,775,6,0.0077,0,4,5,0,4,210.6,5,0,0,4.41,1422,0.0,0,1,1,0
ORD003121,15860,1073,2024-05-10 00:00:00,896.53,1,Home,7.0,COD,Maharashtra,Semi-Urban,11,2,0,9,0.1818,8.8,758,139,0.1834,1,5,5,0,6,166.9,4,0,1,4.75,911,896.53,0,0,1,1
ORD003122,14448,1507,2024-05-10 01:00:00,559.63,4,Beauty,2.5,COD,Maharashtra,Urban,7,0,0,7,0.0,37.0,731,31,0.0424,3,6,3,0,5,49.0,3,0,0,4.39,290,559.63,0,0,1,1
ORD003123,17843,1072,2024-05-10 02:00:00,1575.33,1,Beauty,30.7,COD,West Bengal,Urban,8,2,1,5,0.25,29.1,781,39,0.0499,2,5,2,0,4,144.5,1,0,0,3.93,231,1575.33,0,0,1,1
ORD003124,16018,1307,2024-05-10 03:00:00,1169.87,1,Beauty,21.9,COD,Bihar,Urban,7,0,1,6,0.0,3.9,769,250,0.3251,1,8,1,0,3,143.9,6,0,0,3.7,1517,1169.87,0,0,1,1
ORD003125,10072,1198,2024-05-10 04:00:00,1105.34,4,Footwear,12.7,UPI,Bihar,Semi-Urban,7,1,0,6,0.1429,22.1,740,85,0.1149,1,6,2,0,4,320.8,5,0,0,4.48,1477,0.0,1,0,1,0
ORD003126,16791,1129,2024-05-10 05:00:00,691.43,1,Footwear,9.2,Debit Card,Karnataka,Urban,9,1,0,8,0.1111,39.3,737,21,0.0285,2,4,2,0,5,239.7,5,0,0,4.5,618,0.0,0,0,1,0
ORD003127,15472,1757,2024-05-10 06:00:00,1164.76,1,Electronics,19.5,COD,Maharashtra,Semi-Urban,13,2,0,11,0.1538,3.7,719,48,0.0668,1,5,4,0,1,132.3,4,0,0,3.9,1354,1164.76,0,1,0,0
ORD003128,11914,1571,2024-05-10 07:00:00,317.16,2,Fashion,4.8,COD,Delhi,Rural,10,1,0,9,0.1,1.6,709,104,0.1467,1,3,2,0,3,205.5,3,0,0,4.36,1930,317.16,1,0,0,0
ORD003129,15189,1790,2024-05-10 08:00:00,1250.45,1,Footwear,35.6,COD,Karnataka,Semi-Urban,12,0,4,8,0.0,1.7,709,49,0.0691,1,3,3,0,2,147.1,3,0,0,4.15,1094,1250.45,0,0,0,0
ORD003130,12472,1614,2024-05-10 09:00:00,2388.33,2,Electronics,43.0,COD,West Bengal,Urban,10,0,0,10,0.0,18.4,743,155,0.2086,4,7,2,1,2,132.0,2,0,0,4.11,1719,2388.33,0,1,0,0
ORD003131,13046,1486,2024-05-10 10:00:00,380.22,1,Electronics,24.5,COD,West Bengal,Urban,6,0,1,5,0.0,0.9,738,132,0.1789,1,5,6,0,3,24.9,5,0,0,4.04,17,380.22,0,0,0,1
ORD003132,10707,1150,2024-05-10 11:00:00,859.14,1,Home,20.4,Wallet,Karnataka,Urban,13,0,3,10,0.0,16.2,767,45,0.0587,4,5,2,0,1,35.9,7,0,1,4.78,1746,0.0,0,0,0,0
ORD003133,11804,1668,2024-05-10 12:00:00,648.86,1,Footwear,26.0,UPI,Delhi,Urban,8,0,2,6,0.0,18.8,726,54,0.0744,3,9,1,0,1,128.0,7,0,0,4.11,318,0.0,1,0,0,0
ORD003134,16704,1205,2024-05-10 13:00:00,442.91,1,Electronics,21.2,Credit Card,Maharashtra,Semi-Urban,8,0,2,6,0.0,5.7,715,162,0.2266,4,7,1,0,4,47.5,3,0,1,3.94,421,0.0,0,0,0,0
ORD003135,16971,1178,2024-05-10 14:00:00,319.99,2,Home,9.8,COD,Maharashtra,Urban,13,4,1,8,0.3077,87.6,754,47,0.0623,2,6,5,0,1,48.0,2,0,0,4.85,1181,319.99,0,1,0,0
ORD003136,13713,1196,2024-05-10 15:00:00,539.96,2,Fashion,12.3,UPI,Delhi,Urban,5,2,0,3,0.4,34.2,747,31,0.0415,1,7,5,0,2,52.7,2,0,0,4.46,1870,0.0,0,0,0,0
ORD003137,15051,1734,2024-05-10 16:00:00,948.21,3,Home,16.2,COD,Maharashtra,Urban,13,3,2,8,0.2308,12.6,720,117,0.1625,4,12,2,0,3,95.3,3,0,0,3.51,1852,948.21,0,0,0,0
ORD003138,12564,1088,2024-05-10 17:00:00,2185.24,2,Fashion,13.3,Credit Card,Bihar,Rural,13,0,1,12,0.0,50.5,746,83,0.1113,1,4,4,0,3,122.2,5,0,0,3.09,73,0.0,1,0,0,0
ORD003139,12475,1798,2024-05-10 18:00:00,439.82,1,Beauty,41.9,COD,Bihar,Urban,6,2,0,4,0.3333,14.7,788,98,0.1244,4,6,5,0,5,73.8,2,0,0,4.01,1188,439.82,0,0,0,1
ORD003140,13610,1433,2024-05-10 19:00:00,1308.5,2,Beauty,37.7,Credit Card,Delhi,Semi-Urban,12,0,2,10,0.0,31.8,735,40,0.0544,2,4,6,0,3,329.9,4,0,0,4.05,1248,0.0,1,0,0,0
ORD003141,14255,1787,2024-05-10 20:00:00,1251.11,2,Home,32.2,COD,Bihar,Semi-Urban,12,1,0,11,0.0833,22.8,755,100,0.1325,2,5,3,0,3,160.7,4,0,0,4.5,594,1251.11,0,1,0,0
ORD003142,16292,1747,2024-05-10 21:00:00,2990.45,2,Beauty,17.4,Debit Card,Karnataka,Semi-Urban,7,0,1,6,0.0,15.5,703,56,0.0797,1,3,3,0,1,156.9,2,0,0,3.99,1648,0.0,0,0,0,0
ORD003143,12823,1182,2024-05-10 22:00:00,1544.75,2,Footwear,20.7,COD,Maharashtra,Rural,7,0,2,5,0.0,7.6,759,21,0.0277,2,8,3,0,3,221.2,5,0,0,4.41,287,1544.75,0,0,1,0
ORD003144,17397,1208,2024-05-10 23:00:00,1599.04,1,Home,2.7,UPI,Karnataka,Urban,9,0,0,9,0.0,0.5,708,128,0.1808,3,4,2,0,4,63.3,4,0,0,4.05,1288,0.0,0,0,1,0
ORD003145,11735,1492,2024-05-11 00:00:00,1668.33,1,Electronics,26.6,COD,Delhi,Urban,12,6,0,6,0.5,0.8,760,298,0.3921,0,5,3,0,2,23.4,2,1,0,4.93,1318,1668.33,0,1,1,0
ORD003146,11585,1129,2024-05-11 01:00:00,629.84,2,Footwear,15.2,COD,Bihar,Semi-Urban,7,3,0,4,0.4286,25.8,735,204,0.2776,1,9,5,0,1,193.6,6,1,0,4.12,432,629.84,0,0,1,1
ORD003147,10066,1664,2024-05-11 02:00:00,777.67,1,Home,12.2,COD,Karnataka,Rural,7,1,0,6,0.1429,51.1,766,100,0.1305,3,8,3,0,2,89.4,5,1,0,4.0,1714,777.67,0,0,1,1
ORD003148,13061,1012,2024-05-11 03:00:00,2143.34,1,Fashion,5.5,COD,Karnataka,Urban,5,0,0,5,0.0,44.6,723,21,0.029,4,11,1,0,4,276.8,5,1,0,4.36,515,2143.34,0,0,1,1
ORD003149,17979,1633,2024-05-11 04:00:00,320.38,2,Beauty,12.1,UPI,West Bengal,Urban,11,0,1,10,0.0,19.8,715,145,0.2028,3,7,1,0,4,235.4,5,1,0,3.9,1388,0.0,0,0,1,0
ORD003150,12428,1731,2024-05-11 05:00:00,728.23,1,Beauty,10.4,COD,Karnataka,Urban,14,1,0,13,0.0714,1.0,732,109,0.1489,2,7,3,0,2,174.4,4,1,0,4.06,749,728.23,0,0,1,0
ORD003151,14153,1105,2024-05-11 06:00:00,493.5,1,Beauty,13.5,COD,Bihar,Semi-Urban,13,0,1,12,0.0,1.7,748,91,0.1217,0,4,3,0,2,175.4,3,1,0,5.0,1539,493.5,0,0,0,0
ORD003152,17426,1374,2024-05-11 07:00:00,1262.12,1,Home,16.2,Credit Card,Maharashtra,Rural,12,2,2,8,0.1667,5.0,681,108,0.1586,1,7,3,0,1,317.6,5,1,0,3.88,1474,0.0,0,1,0,0
ORD003153,10341,1581,2024-05-11 08:00:00,851.53,2,Footwear,17.9,COD,Maharashtra,Urban,11,0,3,8,0.0,6.1,730,66,0.0904,1,3,5,0,4,120.6,2,1,0,4.58,1741,851.53,0,1,0,0
ORD003154,15249,1706,2024-05-11 09:00:00,1596.52,1,Fashion,16.5,Wallet,Maharashtra,Urban,6,4,0,2,0.6667,12.0,752,58,0.0771,1,8,4,1,5,210.1,5,1,0,3.84,356,0.0,0,0,0,1
ORD003155,12774,1697,2024-05-11 10:00:00,1027.21,2,Beauty,22.5,Credit Card,Bihar,Urban,8,0,4,4,0.0,5.6,752,105,0.1396,0,8,3,0,2,65.5,3,1,0,4.22,1309,0.0,0,0,0,1
ORD003156,15291,1098,2024-05-11 11:00:00,433.7,1,Footwear,10.5,UPI,Maharashtra,Semi-Urban,8,1,1,6,0.125,9.0,797,85,0.1066,1,8,2,0,4,157.8,2,1,0,4.67,598,0.0,0,0,0,0
ORD003157,12817,1593,2024-05-11 12:00:00,445.89,1,Electronics,10.1,COD,Maharashtra,Rural,9,2,2,5,0.2222,1.6,707,62,0.0877,2,6,5,0,1,183.9,7,1,0,3.94,335,445.89,0,0,0,0
ORD003158,12661,1586,2024-05-11 13:00:00,1092.66,1,Electronics,26.5,COD,Delhi,Semi-Urban,8,0,0,8,0.0,13.2,772,63,0.0816,2,5,2,0,2,95.8,4,1,0,4.45,910,1092.66,2,1,0,0
ORD003159,11232,1191,2024-05-11 14:00:00,690.43,2,Fashion,29.3,UPI,Delhi,Semi-Urban,10,0,0,10,0.0,18.8,750,65,0.0867,3,11,1,0,4,90.8,5,1,0,3.99,649,0.0,1,0,0,0
ORD003160,13874,1324,2024-05-11 15:00:00,796.65,1,Beauty,15.0,COD,West Bengal,Urban,12,1,1,10,0.0833,32.2,694,118,0.17,2,5,3,0,3,432.4,4,1,0,4.69,441,796.65,0,1,0,0
ORD003161,12401,1725,2024-05-11 16:00:00,1925.71,4,Electronics,10.1,UPI,West Bengal,Rural,9,2,3,4,0.2222,1.8,747,98,0.1312,5,13,3,0,4,46.5,3,1,0,4.75,1107,0.0,0,1,0,0
ORD003162,11494,1466,2024-05-11 17:00:00,1729.21,3,Footwear,23.6,Credit Card,Karnataka,Semi-Urban,5,0,1,4,0.0,64.0,718,74,0.1031,3,8,1,0,4,110.3,1,1,0,4.84,1364,0.0,1,0,0,0
ORD003163,15917,1366,2024-05-11 18:00:00,3224.85,2,Footwear,3.3,Wallet,Karnataka,Urban,9,1,1,7,0.1111,14.7,715,49,0.0685,1,4,1,0,3,44.2,3,1,0,4.38,280,0.0,0,0,0,0
ORD003164,14211,1317,2024-05-11 19:00:00,907.05,3,Electronics,8.3,COD,Karnataka,Semi-Urban,10,3,1,6,0.3,13.4,743,201,0.2705,0,4,1,0,2,90.4,4,1,0,3.66,1784,907.05,1,0,0,1
ORD003165,17431,1143,2024-05-11 20:00:00,746.44,1,Beauty,13.4,Wallet,West Bengal,Urban,8,0,0,8,0.0,80.0,758,132,0.1741,3,9,3,0,4,244.0,4,1,0,3.71,457,0.0,0,1,0,0
ORD003166,10661,1383,2024-05-11 21:00:00,1409.39,1,Fashion,5.4,COD,Maharashtra,Semi-Urban,10,0,0,10,0.0,18.6,754,133,0.1764,3,8,3,0,1,50.8,3,1,0,4.13,500,1409.39,0,0,0,1
ORD003167,13883,1215,2024-05-11 22:00:00,783.31,2,Beauty,9.0,Credit Card,Karnataka,Rural,5,0,0,5,0.0,7.6,764,66,0.0864,3,4,3,0,4,217.5,1,1,0,3.82,404,0.0,0,0,1,0
ORD003168,15561,1360,2024-05-11 23:00:00,798.84,2,Home,11.3,COD,Maharashtra,Urban,6,1,0,5,0.1667,0.7,755,111,0.147,2,12,2,0,3,212.6,2,1,0,4.32,160,798.84,0,0,1,1
ORD003169,13619,1323,2024-05-12 00:00:00,971.4,3,Electronics,12.8,COD,Maharashtra,Semi-Urban,9,0,2,7,0.0,52.2,779,102,0.1309,2,4,5,0,1,167.1,3,1,0,4.25,230,971.4,0,0,1,0
ORD003170,16596,1014,2024-05-12 01:00:00,2956.17,2,Home,5.2,COD,West Bengal,Semi-Urban,10,1,0,9,0.1,36.0,746,162,0.2172,2,4,5,0,3,12.7,2,1,0,4.28,514,2956.17,0,0,1,0
ORD003171,11868,1216,2024-05-12 02:00:00,1673.01,4,Electronics,6.1,COD,Delhi,Rural,5,0,0,5,0.0,26.0,778,76,0.0977,2,9,3,0,2,195.6,3,1,0,3.32,736,1673.01,1,0,1,0
ORD003172,17644,1491,2024-05-12 03:00:00,1781.64,1,Fashion,13.5,COD,Delhi,Urban,7,1,0,6,0.1429,14.7,739,42,0.0568,1,7,4,0,1,130.8,7,1,0,4.66,982,1781.64,1,0,1,0
ORD003173,12334,1546,2024-05-12 04:00:00,2877.6,2,Beauty,23.3,Wallet,Bihar,Semi-Urban,12,0,0,12,0.0,39.1,762,177,0.2323,1,11,1,0,2,22.0,4,1,0,4.42,137,0.0,0,0,1,0
ORD003174,13374,1182,2024-05-12 05:00:00,1884.69,2,Beauty,29.2,COD,Delhi,Urban,13,1,0,12,0.0769,7.9,780,135,0.1731,3,12,1,0,4,44.6,2,1,0,4.73,787,1884.69,2,0,1,0
ORD003175,11016,1269,2024-05-12 06:00:00,556.22,2,Electronics,10.6,COD,Karnataka,Urban,5,2,0,3,0.4,6.2,743,80,0.1077,1,4,1,0,4,98.9,4,1,0,3.46,1979,556.22,1,0,0,0
ORD003176,14406,1466,2024-05-12 07:00:00,1867.64,1,Footwear,11.0,COD,West Bengal,Urban,7,2,1,4,0.2857,66.6,736,156,0.212,3,7,3,0,3,175.3,2,1,0,3.63,667,1867.64,0,0,0,0
ORD003177,10207,1611,2024-05-12 08:00:00,2015.36,2,Home,7.9,COD,Maharashtra,Urban,16,0,2,14,0.0,1.8,809,74,0.0915,5,12,2,1,2,186.5,6,1,0,3.96,1711,2015.36,0,0,0,1
ORD003178,12665,1518,2024-05-12 09:00:00,1621.52,3,Beauty,28.3,COD,West Bengal,Rural,2,1,0,1,0.5,59.5,707,222,0.314,3,10,1,0,5,118.4,4,1,0,4.47,1374,1621.52,0,0,0,1
ORD003179,12493,1541,2024-05-12 10:00:00,975.29,1,Beauty,22.5,Debit Card,Bihar,Urban,8,0,0,8,0.0,6.5,768,209,0.2721,2,9,4,0,3,46.1,5,1,0,4.75,793,0.0,0,0,0,0
ORD003180,16813,1466,2024-05-12 11:00:00,1522.03,2,Electronics,13.8,COD,Bihar,Urban,11,2,0,9,0.1818,71.6,780,13,0.0167,1,6,3,0,6,107.1,4,1,0,3.71,1405,1522.03,0,0,0,1
ORD003181,10632,1304,2024-05-12 12:00:00,1083.4,1,Footwear,10.2,UPI,Bihar,Urban,8,2,0,6,0.25,12.1,787,94,0.1194,1,8,4,0,2,21.5,2,1,0,4.37,192,0.0,0,0,0,0
ORD003182,12102,1143,2024-05-12 13:00:00,609.81,4,Home,10.3,COD,Maharashtra,Urban,3,0,0,3,0.0,12.1,754,257,0.3408,3,6,4,0,5,51.5,3,1,0,3.34,323,609.81,0,0,0,0
ORD003183,12959,1110,2024-05-12 14:00:00,707.84,1,Footwear,8.1,Credit Card,Bihar,Urban,8,1,0,7,0.125,1.2,705,52,0.0738,1,8,2,0,2,277.9,6,1,0,4.19,712,0.0,0,0,0,0
ORD003184,13083,1231,2024-05-12 15:00:00,1672.77,1,Footwear,13.2,UPI,Bihar,Rural,9,0,0,9,0.0,43.6,740,83,0.1122,2,10,1,0,2,103.3,2,1,0,4.12,1823,0.0,0,1,0,0
ORD003185,14752,1690,2024-05-12 16:00:00,636.83,1,Electronics,21.7,UPI,Bihar,Semi-Urban,8,0,0,8,0.0,50.3,807,45,0.0558,4,5,3,0,3,113.2,3,1,0,4.1,831,0.0,0,0,0,0
ORD003186,15519,1583,2024-05-12 17:00:00,673.89,2,Footwear,5.2,UPI,Maharashtra,Semi-Urban,10,4,1,5,0.4,31.2,789,102,0.1293,2,8,3,0,4,404.5,6,1,0,3.62,1985,0.0,0,1,0,0
ORD003187,11931,1721,2024-05-12 18:00:00,1723.36,1,Home,20.8,UPI,Bihar,Semi-Urban,7,1,0,6,0.1429,33.4,740,240,0.3243,2,11,5,0,2,95.9,4,1,0,4.29,1302,0.0,0,0,0,0
ORD003188,13719,1731,2024-05-12 19:00:00,1188.29,2,Fashion,18.9,COD,Karnataka,Semi-Urban,6,0,2,4,0.0,9.2,751,229,0.3049,3,8,1,0,4,263.5,6,1,0,4.19,1797,1188.29,0,0,0,1
ORD003189,17123,1591,2024-05-12 20:00:00,1550.47,3,Fashion,7.9,COD,West Bengal,Rural,4,0,1,3,0.0,27.9,702,54,0.0769,2,5,1,0,2,103.6,4,1,0,3.55,987,1550.47,1,0,0,1
ORD003190,12562,1499,2024-05-12 21:00:00,524.58,3,Home,29.8,Credit Card,Bihar,Rural,5,1,1,3,0.2,0.3,778,113,0.1452,2,8,2,0,2,64.3,2,1,0,4.12,436,0.0,0,1,0,0
ORD003191,11679,1594,2024-05-12 22:00:00,1524.86,1,Electronics,31.7,COD,Bihar,Urban,3,0,0,3,0.0,32.5,754,140,0.1857,0,6,5,0,3,126.4,2,1,0,4.19,1666,1524.86,1,0,1,1
ORD003192,17709,1553,2024-05-12 23:00:00,738.03,4,Beauty,27.1,UPI,West Bengal,Rural,11,1,1,9,0.0909,62.4,698,238,0.341,3,5,3,0,3,79.4,4,1,0,3.69,895,0.0,0,0,1,1
ORD003193,10236,1272,2024-05-13 00:00:00,595.78,2,Electronics,37.0,COD,Bihar,Urban,9,0,1,8,0.0,6.8,728,29,0.0398,5,9,4,0,4,111.1,2,0,0,3.93,113,595.78,0,0,1,1
ORD003194,17446,1702,2024-05-13 01:00:00,809.8,1,Home,23.7,Credit Card,Bihar,Urban,10,2,2,6,0.2,1.9,805,100,0.1242,2,9,3,0,1,228.8,5,0,0,4.21,1083,0.0,0,0,1,0
ORD003195,14443,1172,2024-05-13 02:00:00,2483.04,1,Footwear,28.0,COD,Karnataka,Semi-Urban,11,0,1,10,0.0,30.6,728,4,0.0055,5,9,3,0,3,51.9,5,0,0,4.1,1458,2483.04,0,0,1,0
ORD003196,16770,1006,2024-05-13 03:00:00,881.24,1,Fashion,3.2,UPI,Delhi,Urban,9,2,1,6,0.2222,67.9,754,53,0.0703,1,4,3,0,5,18.7,2,0,0,3.79,1126,0.0,1,0,1,0
ORD003197,17271,1154,2024-05-13 04:00:00,4108.59,2,Footwear,14.7,UPI,Maharashtra,Urban,8,1,3,4,0.125,55.3,750,34,0.0453,2,10,2,0,5,150.3,2,0,0,4.35,1927,0.0,2,1,1,0
ORD003198,14725,1521,2024-05-13 05:00:00,318.2,1,Electronics,14.2,UPI,Maharashtra,Semi-Urban,6,0,1,5,0.0,66.3,773,71,0.0918,1,4,3,0,3,452.2,4,0,0,3.89,556,0.0,0,0,1,0
ORD003199,11540,1545,2024-05-13 06:00:00,433.65,1,Home,8.5,UPI,West Bengal,Urban,13,0,3,10,0.0,27.5,720,128,0.1778,4,12,2,0,2,283.1,2,0,0,4.02,1960,0.0,1,0,0,0
ORD003200,16099,1547,2024-05-13 07:00:00,2427.24,2,Fashion,9.1,UPI,Karnataka,Urban,6,0,0,6,0.0,12.6,688,69,0.1003,8,13,1,1,3,123.4,6,0,0,4.13,850,0.0,0,0,0,0
ORD003201,13943,1517,2024-05-13 08:00:00,2822.46,1,Home,34.1,Debit Card,Maharashtra,Rural,17,1,1,15,0.0588,14.3,762,24,0.0315,2,10,1,0,2,197.1,7,0,0,3.69,1165,0.0,0,0,0,1
ORD003202,15367,1214,2024-05-13 09:00:00,653.23,2,Fashion,4.4,COD,West Bengal,Urban,7,1,3,3,0.1429,62.6,753,82,0.1089,2,4,4,0,4,121.3,4,0,0,4.43,1463,653.23,0,0,0,0
ORD003203,10363,1133,2024-05-13 10:00:00,1142.91,2,Fashion,13.5,COD,West Bengal,Urban,11,1,1,9,0.0909,27.6,712,37,0.052,3,8,6,0,2,135.9,3,0,0,4.48,1728,1142.91,1,0,0,1
ORD003204,12368,1284,2024-05-13 11:00:00,1681.29,1,Fashion,5.0,Credit Card,West Bengal,Rural,9,0,0,9,0.0,23.9,759,78,0.1028,4,10,4,0,2,166.1,7,0,1,4.61,1442,0.0,1,1,0,0
ORD003205,17800,1125,2024-05-13 12:00:00,955.63,3,Electronics,5.9,COD,Maharashtra,Rural,14,2,1,11,0.1429,27.1,753,29,0.0385,7,14,3,0,4,122.6,5,0,0,3.26,333,955.63,0,1,0,1
ORD003206,10285,1438,2024-05-13 13:00:00,1199.81,1,Home,18.3,UPI,Delhi,Urban,15,0,0,15,0.0,45.7,753,51,0.0677,1,5,2,0,3,168.0,7,0,0,4.71,270,0.0,0,1,0,0
ORD003207,10148,1685,2024-05-13 14:00:00,1103.85,1,Beauty,11.6,UPI,West Bengal,Urban,9,1,1,7,0.1111,1.4,722,81,0.1122,1,7,3,0,3,120.1,2,0,0,4.77,47,0.0,1,0,0,0
ORD003208,15203,1151,2024-05-13 15:00:00,450.85,2,Beauty,6.6,COD,Bihar,Rural,4,1,1,2,0.25,4.6,729,174,0.2387,2,11,3,0,2,220.4,3,0,0,4.18,1001,450.85,1,0,0,1
ORD003209,14037,1330,2024-05-13 16:00:00,891.77,1,Beauty,5.8,COD,Delhi,Urban,9,2,1,6,0.2222,6.4,763,148,0.194,4,12,2,0,3,102.8,5,0,0,3.71,1461,891.77,0,0,0,0
ORD003210,16549,1537,2024-05-13 17:00:00,1104.8,4,Home,8.9,COD,Delhi,Semi-Urban,10,2,3,5,0.2,6.0,715,166,0.2322,1,7,2,0,1,145.5,5,0,0,4.71,1150,1104.8,0,1,0,1
ORD003211,17121,1382,2024-05-13 18:00:00,1166.63,1,Footwear,22.3,COD,Bihar,Urban,13,0,0,13,0.0,18.6,735,107,0.1456,2,7,3,0,3,175.1,3,0,0,4.92,1407,1166.63,0,0,0,0
ORD003212,14551,1114,2024-05-13 19:00:00,388.27,1,Home,38.6,COD,Maharashtra,Semi-Urban,7,0,0,7,0.0,9.0,775,57,0.0735,1,5,3,0,2,29.9,3,0,0,4.12,1931,388.27,0,0,0,0
ORD003213,11766,1481,2024-05-13 20:00:00,1723.68,3,Fashion,21.1,UPI,Maharashtra,Urban,4,0,1,3,0.0,11.5,722,47,0.0651,3,6,3,0,4,34.9,6,0,0,3.5,1826,0.0,0,0,0,1
ORD003214,14895,1283,2024-05-13 21:00:00,1185.23,1,Footwear,13.8,UPI,Karnataka,Semi-Urban,7,0,2,5,0.0,17.2,736,109,0.1481,1,4,5,1,2,172.2,2,0,0,3.86,86,0.0,0,2,0,0
ORD003215,15280,1074,2024-05-13 22:00:00,582.17,2,Fashion,5.6,COD,Maharashtra,Urban,6,0,2,4,0.0,19.1,721,166,0.2302,4,8,4,0,3,128.5,3,0,0,4.19,415,582.17,0,0,1,1
ORD003216,11012,1165,2024-05-13 23:00:00,3227.42,1,Fashion,7.7,COD,Karnataka,Urban,5,1,0,4,0.2,15.0,782,43,0.055,5,14,3,0,4,143.9,1,0,0,3.65,1249,3227.42,1,1,1,0
ORD003217,12831,1188,2024-05-14 00:00:00,890.74,2,Home,2.7,UPI,West Bengal,Urban,6,0,0,6,0.0,20.6,737,88,0.1194,5,11,1,0,1,59.5,3,0,0,4.07,706,0.0,0,0,1,0
ORD003218,12507,1077,2024-05-14 01:00:00,926.13,1,Beauty,5.8,UPI,Maharashtra,Urban,10,2,0,8,0.2,8.4,732,65,0.0888,0,1,2,0,5,141.3,6,0,0,4.08,1851,0.0,0,0,1,0
ORD003219,17717,1601,2024-05-14 02:00:00,1611.67,1,Footwear,20.6,UPI,Maharashtra,Rural,4,0,0,4,0.0,24.1,731,47,0.0643,1,4,2,0,3,68.3,3,0,0,4.68,1212,0.0,0,0,1,0
ORD003220,11523,1687,2024-05-14 03:00:00,3396.16,1,Electronics,29.0,UPI,Bihar,Rural,12,7,0,5,0.5833,11.5,738,7,0.0095,3,7,5,1,5,147.9,4,0,0,4.1,482,0.0,1,0,1,1
ORD003221,12785,1020,2024-05-14 04:00:00,1650.15,1,Beauty,15.6,COD,West Bengal,Semi-Urban,9,1,1,7,0.1111,80.3,795,105,0.1321,0,6,3,0,5,263.2,3,0,0,3.74,335,1650.15,0,0,1,0
ORD003222,12556,1565,2024-05-14 05:00:00,1800.22,2,Electronics,19.2,COD,Karnataka,Semi-Urban,9,0,0,9,0.0,61.3,759,69,0.0909,2,11,6,0,4,121.5,5,0,0,4.46,34,1800.22,0,0,1,0
ORD003223,13725,1183,2024-05-14 06:00:00,601.26,1,Home,20.5,Debit Card,West Bengal,Urban,8,0,1,7,0.0,37.0,796,151,0.1897,2,4,3,0,4,271.2,1,0,0,3.59,1211,0.0,0,0,0,0
ORD003224,17971,1221,2024-05-14 07:00:00,1155.37,1,Footwear,20.7,COD,Delhi,Urban,11,1,1,9,0.0909,43.9,770,31,0.0403,2,10,2,0,3,35.6,3,0,0,3.93,59,1155.37,0,1,0,0
ORD003225,14576,1327,2024-05-14 08:00:00,796.83,1,Home,18.6,COD,Bihar,Urban,6,0,1,5,0.0,89.7,705,93,0.1319,5,12,3,0,3,141.7,2,0,0,4.51,18,796.83,1,0,0,0
ORD003226,15782,1178,2024-05-14 09:00:00,1673.17,2,Electronics,26.2,Credit Card,Delhi,Semi-Urban,11,2,2,7,0.1818,5.2,796,62,0.0779,1,3,5,1,4,31.8,5,0,0,4.14,187,0.0,0,0,0,0
ORD003227,16257,1787,2024-05-14 10:00:00,1769.02,2,Fashion,8.7,COD,Karnataka,Urban,8,0,3,5,0.0,25.7,716,54,0.0754,2,8,2,0,2,267.4,4,0,0,4.51,1925,1769.02,0,0,0,0
ORD003228,16892,1111,2024-05-14 11:00:00,2921.75,1,Home,7.2,COD,Maharashtra,Rural,6,2,0,4,0.3333,4.1,719,155,0.2156,1,7,2,0,6,244.6,5,0,0,3.78,1582,2921.75,0,0,0,1
ORD003229,11601,1735,2024-05-14 12:00:00,300.36,1,Footwear,18.6,COD,Maharashtra,Semi-Urban,4,1,0,3,0.25,7.1,743,127,0.1709,1,3,4,0,6,48.5,5,0,0,4.15,78,300.36,0,1,0,1
ORD003230,12408,1725,2024-05-14 13:00:00,751.19,1,Home,11.8,Debit Card,Maharashtra,Rural,10,0,3,7,0.0,13.9,706,37,0.0524,4,9,3,0,4,161.8,3,0,0,4.12,846,0.0,1,0,0,0
ORD003231,10340,1058,2024-05-14 14:00:00,2392.63,2,Beauty,5.0,UPI,Karnataka,Urban,12,0,0,12,0.0,3.4,742,56,0.0755,1,6,3,0,3,349.7,5,0,0,4.09,1325,0.0,0,1,0,0
ORD003232,12817,1326,2024-05-14 15:00:00,472.99,1,Home,11.4,COD,Delhi,Semi-Urban,10,0,0,10,0.0,10.5,771,214,0.2776,7,8,2,0,2,68.3,5,0,0,3.86,1409,472.99,0,1,0,0
ORD003233,16106,1620,2024-05-14 16:00:00,1778.26,1,Electronics,7.3,UPI,Karnataka,Urban,10,0,2,8,0.0,22.2,782,55,0.0703,3,11,3,1,1,68.3,6,0,0,4.34,1316,0.0,0,0,0,0
ORD003234,16904,1668,2024-05-14 17:00:00,2165.49,2,Home,22.4,COD,Karnataka,Semi-Urban,9,1,1,7,0.1111,3.2,713,155,0.2174,5,12,1,0,5,111.2,4,0,0,3.94,1957,2165.49,1,0,0,0
ORD003235,17112,1190,2024-05-14 18:00:00,1078.14,3,Footwear,6.3,COD,Delhi,Rural,11,2,0,9,0.1818,24.0,805,15,0.0186,0,6,9,0,6,34.9,2,0,0,4.58,1872,1078.14,0,0,0,1
ORD003236,12496,1199,2024-05-14 19:00:00,467.37,1,Home,6.3,Debit Card,Maharashtra,Urban,12,0,2,10,0.0,11.9,741,41,0.0553,3,8,1,0,1,231.7,2,0,0,4.24,734,0.0,0,0,0,0
ORD003237,15962,1311,2024-05-14 20:00:00,1019.52,2,Home,23.2,UPI,Bihar,Urban,7,2,0,5,0.2857,11.6,732,144,0.1967,0,3,4,0,1,167.5,4,0,0,4.29,382,0.0,0,0,0,0
ORD003238,14930,1707,2024-05-14 21:00:00,2631.24,1,Footwear,8.3,Credit Card,Karnataka,Urban,11,0,1,10,0.0,55.9,760,116,0.1526,0,5,2,0,1,359.5,4,0,0,3.25,1423,0.0,1,1,0,0
ORD003239,15299,1034,2024-05-14 22:00:00,2761.17,3,Home,8.6,Debit Card,Karnataka,Rural,10,1,2,7,0.1,12.4,740,66,0.0892,1,4,5,0,7,275.4,4,0,0,3.91,276,0.0,0,0,1,0
ORD003240,11725,1378,2024-05-14 23:00:00,1242.31,1,Footwear,33.3,Credit Card,Delhi,Urban,9,1,0,8,0.1111,30.6,740,41,0.0554,4,11,2,1,3,212.5,4,0,0,3.65,832,0.0,2,0,1,0
ORD003241,17574,1386,2024-05-15 00:00:00,610.12,1,Electronics,26.3,COD,Bihar,Semi-Urban,4,0,1,3,0.0,62.0,770,54,0.0701,3,9,2,0,5,129.9,3,0,0,3.53,1717,610.12,0,0,1,1
ORD003242,11689,1757,2024-05-15 01:00:00,3112.05,3,Footwear,2.2,COD,Karnataka,Urban,11,0,0,11,0.0,33.7,749,201,0.2684,2,8,4,1,1,297.3,2,0,0,4.5,1073,3112.05,0,0,1,0
ORD003243,13267,1236,2024-05-15 02:00:00,1794.63,1,Electronics,10.8,COD,West Bengal,Rural,10,1,0,9,0.1,27.0,725,138,0.1903,3,8,3,0,2,223.5,4,0,1,4.64,663,1794.63,0,0,1,1
ORD003244,17633,1615,2024-05-15 03:00:00,634.66,1,Electronics,4.5,COD,Bihar,Urban,8,4,0,4,0.5,7.9,776,158,0.2036,2,9,3,0,5,71.0,2,0,0,4.19,1891,634.66,1,0,1,1
ORD003245,14406,1518,2024-05-15 04:00:00,1346.83,1,Footwear,36.8,UPI,Karnataka,Urban,10,0,0,10,0.0,32.5,768,26,0.0339,0,2,2,0,2,166.9,5,0,0,3.78,813,0.0,2,0,1,0
ORD003246,10261,1282,2024-05-15 05:00:00,1310.35,2,Home,8.5,UPI,Bihar,Semi-Urban,10,1,0,9,0.1,5.8,699,74,0.1059,3,8,1,0,5,241.8,4,0,0,3.39,199,0.0,0,0,1,1
ORD003247,11442,1000,2024-05-15 06:00:00,748.39,1,Beauty,35.5,UPI,West Bengal,Semi-Urban,7,1,1,5,0.1429,1.9,764,73,0.0955,5,12,3,0,3,394.5,1,0,0,4.21,1885,0.0,0,0,0,0
ORD003248,10405,1730,2024-05-15 07:00:00,1351.36,3,Footwear,22.6,UPI,West Bengal,Urban,5,2,0,3,0.4,20.1,751,20,0.0266,2,7,3,0,3,264.4,5,0,0,4.06,767,0.0,0,0,0,0
ORD003249,12190,1463,2024-05-15 08:00:00,2129.65,1,Home,24.1,COD,Bihar,Semi-Urban,4,0,0,4,0.0,63.7,731,98,0.1341,0,3,2,0,4,36.6,3,0,0,4.46,190,2129.65,0,0,0,0
ORD003250,14437,1229,2024-05-15 09:00:00,918.05,1,Electronics,22.0,Credit Card,Maharashtra,Urban,11,0,0,11,0.0,8.6,736,65,0.0883,0,4,3,0,3,156.0,3,0,0,3.84,1958,0.0,1,0,0,0
ORD003251,15435,1171,2024-05-15 10:00:00,2264.17,1,Fashion,21.3,Credit Card,Bihar,Rural,12,1,1,10,0.0833,9.3,766,66,0.0862,1,5,3,0,3,104.1,4,0,0,3.72,1102,0.0,0,0,0,0
ORD003252,17268,1086,2024-05-15 11:00:00,382.52,1,Beauty,10.9,UPI,Delhi,Urban,7,2,0,5,0.2857,20.9,754,23,0.0305,2,6,5,0,1,216.3,1,0,0,4.0,1290,0.0,0,0,0,1
ORD003253,10243,1552,2024-05-15 12:00:00,4150.4,2,Home,9.4,COD,Maharashtra,Urban,9,1,0,8,0.1111,4.2,749,98,0.1308,1,5,4,0,4,174.9,4,0,1,4.08,1158,4150.4,0,0,0,0
ORD003254,14585,1122,2024-05-15 13:00:00,1135.03,2,Beauty,13.9,UPI,West Bengal,Urban,8,0,0,8,0.0,28.4,757,102,0.1347,1,5,3,0,5,92.4,2,0,0,4.77,756,0.0,1,0,0,0
ORD003255,14107,1297,2024-05-15 14:00:00,2087.69,1,Fashion,13.8,UPI,Maharashtra,Urban,6,1,2,3,0.1667,16.2,745,67,0.0899,2,7,3,1,2,47.9,7,0,0,4.07,322,0.0,1,0,0,0
ORD003256,17406,1689,2024-05-15 15:00:00,1250.34,1,Fashion,24.7,UPI,West Bengal,Urban,5,0,0,5,0.0,4.7,744,179,0.2406,1,3,2,0,3,77.2,3,0,0,3.45,1044,0.0,0,0,0,1
ORD003257,10560,1574,2024-05-15 16:00:00,669.07,2,Fashion,46.1,COD,West Bengal,Urban,7,0,0,7,0.0,15.8,746,84,0.1126,2,9,3,0,4,279.5,5,0,0,4.38,1112,669.07,2,0,0,0
ORD003258,14137,1483,2024-05-15 17:00:00,1072.96,2,Footwear,8.5,Credit Card,West Bengal,Urban,5,0,0,5,0.0,2.9,765,250,0.3268,4,11,3,0,5,139.1,2,0,0,3.79,923,0.0,0,0,0,0
ORD003259,12725,1164,2024-05-15 18:00:00,348.74,2,Beauty,16.3,COD,Delhi,Urban,7,1,1,5,0.1429,24.6,782,255,0.3261,0,3,3,0,3,172.3,3,0,0,4.43,1086,348.74,0,0,0,1
ORD003260,10593,1698,2024-05-15 19:00:00,1657.44,2,Footwear,14.6,Debit Card,Delhi,Urban,7,1,0,6,0.1429,2.7,765,58,0.0758,6,9,3,0,4,243.6,2,0,0,4.27,626,0.0,0,0,0,0
ORD003261,15548,1382,2024-05-15 20:00:00,1231.83,1,Fashion,37.8,COD,Karnataka,Semi-Urban,10,1,0,9,0.1,35.2,744,105,0.1411,0,1,5,0,3,74.1,3,0,0,3.67,224,1231.83,0,0,0,1
ORD003262,11826,1208,2024-05-15 21:00:00,977.57,3,Home,7.5,COD,Delhi,Semi-Urban,13,2,1,10,0.1538,28.8,721,73,0.1012,0,2,3,0,2,34.1,4,0,0,3.87,1176,977.57,0,0,0,1
ORD003263,13229,1738,2024-05-15 22:00:00,1722.65,1,Fashion,4.6,COD,West Bengal,Urban,7,1,0,6,0.1429,1.6,716,61,0.0852,1,4,2,0,4,60.1,3,0,0,3.29,1657,1722.65,2,0,1,0
ORD003264,13287,1431,2024-05-15 23:00:00,1121.6,1,Footwear,17.6,COD,Bihar,Urban,10,1,0,9,0.1,2.0,784,28,0.0357,2,11,2,0,2,347.7,4,0,0,4.5,17,1121.6,0,0,1,0
ORD003265,14073,1388,2024-05-16 00:00:00,1578.29,2,Fashion,16.1,COD,Maharashtra,Urban,12,1,1,10,0.0833,9.6,716,71,0.0992,2,6,2,0,1,189.6,6,0,0,4.19,137,1578.29,0,1,1,0
ORD003266,15789,1559,2024-05-16 01:00:00,1953.52,3,Fashion,7.4,Credit Card,Bihar,Semi-Urban,9,0,2,7,0.0,3.5,777,91,0.1171,1,6,3,0,3,245.8,2,0,0,4.2,1769,0.0,0,0,1,0
ORD003267,17629,1223,2024-05-16 02:00:00,788.76,2,Footwear,28.7,COD,West Bengal,Rural,7,1,0,6,0.1429,9.9,781,139,0.178,2,4,2,0,4,149.7,4,0,0,4.5,704,788.76,0,0,1,1
ORD003268,10133,1002,2024-05-16 03:00:00,664.31,1,Footwear,16.4,UPI,Bihar,Urban,9,1,0,8,0.1111,5.7,767,81,0.1056,0,8,2,0,3,147.6,5,0,0,3.57,1975,0.0,1,0,1,0
ORD003269,13138,1371,2024-05-16 04:00:00,390.12,1,Home,5.3,COD,Maharashtra,Semi-Urban,9,2,0,7,0.2222,28.3,727,72,0.099,3,11,4,0,3,101.1,2,0,0,4.3,1686,390.12,1,0,1,0
ORD003270,13919,1686,2024-05-16 05:00:00,1180.31,1,Footwear,8.2,COD,Karnataka,Urban,9,1,0,8,0.1111,3.4,762,195,0.2559,1,3,4,0,4,312.1,4,0,0,4.84,1369,1180.31,0,0,1,1
ORD003271,17174,1445,2024-05-16 06:00:00,1438.36,3,Home,11.1,UPI,Karnataka,Urban,9,0,1,8,0.0,0.9,737,117,0.1588,2,10,4,0,2,174.3,4,0,0,4.23,675,0.0,0,0,0,0
ORD003272,15043,1610,2024-05-16 07:00:00,495.63,1,Electronics,14.5,COD,Delhi,Semi-Urban,12,1,0,11,0.0833,6.3,725,91,0.1255,1,6,3,0,4,110.6,3,0,0,4.57,1859,495.63,0,0,0,0
ORD003273,17693,1115,2024-05-16 08:00:00,2571.46,2,Electronics,5.3,COD,Bihar,Urban,11,3,2,6,0.2727,11.7,760,3,0.0039,2,8,4,0,3,165.2,6,0,0,3.9,897,2571.46,1,0,0,1
ORD003274,10072,1269,2024-05-16 09:00:00,669.55,1,Footwear,5.0,COD,Delhi,Semi-Urban,9,1,0,8,0.1111,0.5,766,19,0.0248,2,6,4,0,1,126.9,4,0,0,3.51,844,669.55,0,2,0,1
ORD003275,14494,1446,2024-05-16 10:00:00,310.41,2,Fashion,26.2,UPI,Delhi,Semi-Urban,7,0,0,7,0.0,33.9,731,31,0.0424,2,9,2,0,4,59.9,1,0,0,3.87,1566,0.0,1,2,0,0
ORD003276,15524,1367,2024-05-16 11:00:00,2688.92,3,Beauty,10.8,COD,Bihar,Rural,10,2,0,8,0.2,34.1,679,143,0.2106,2,4,4,0,4,78.9,4,0,0,4.7,1801,2688.92,1,0,0,0
ORD003277,17842,1252,2024-05-16 12:00:00,335.69,1,Fashion,25.0,Credit Card,Bihar,Urban,9,0,1,8,0.0,16.1,770,180,0.2338,4,6,2,0,1,139.6,3,0,0,5.0,1725,0.0,1,0,0,0
ORD003278,16721,1316,2024-05-16 13:00:00,1955.71,1,Footwear,12.4,COD,Maharashtra,Urban,7,0,0,7,0.0,17.1,703,27,0.0384,4,12,3,0,2,151.6,4,0,0,3.57,173,1955.71,0,0,0,1
ORD003279,17002,1414,2024-05-16 14:00:00,1690.32,2,Home,25.1,Wallet,Bihar,Urban,12,1,1,10,0.0833,32.1,758,49,0.0646,1,7,5,0,2,101.9,4,0,0,3.91,1810,0.0,0,3,0,0
ORD003280,14225,1094,2024-05-16 15:00:00,1328.4,1,Fashion,6.3,COD,Bihar,Urban,8,1,0,7,0.125,34.2,756,33,0.0437,3,7,2,0,2,63.1,2,0,0,4.44,1626,1328.4,1,0,0,0
ORD003281,12978,1784,2024-05-16 16:00:00,801.38,2,Electronics,22.1,COD,Delhi,Semi-Urban,8,0,0,8,0.0,26.6,757,45,0.0594,1,7,4,0,2,26.3,5,0,0,4.34,57,801.38,1,0,0,0
ORD003282,17633,1023,2024-05-16 17:00:00,1482.79,2,Footwear,16.1,COD,Karnataka,Semi-Urban,8,0,0,8,0.0,2.6,728,81,0.1113,4,9,2,0,5,275.8,2,0,0,4.17,388,1482.79,0,1,0,1
ORD003283,17373,1627,2024-05-16 18:00:00,2057.18,1,Fashion,19.0,COD,West Bengal,Urban,8,0,0,8,0.0,22.2,728,229,0.3146,3,8,3,0,2,399.8,4,0,0,3.92,338,2057.18,0,0,0,0
ORD003284,15907,1662,2024-05-16 19:00:00,606.99,2,Fashion,2.6,Wallet,Karnataka,Rural,8,1,0,7,0.125,22.1,703,57,0.0811,1,8,5,0,4,112.4,2,0,0,4.06,406,0.0,0,0,0,0
ORD003285,16097,1049,2024-05-16 20:00:00,1970.07,1,Home,11.2,UPI,Bihar,Semi-Urban,12,7,1,4,0.5833,12.4,715,118,0.165,2,7,3,0,2,64.4,3,0,0,4.29,898,0.0,0,0,0,0
ORD003286,17935,1501,2024-05-16 21:00:00,1917.02,3,Home,13.8,COD,West Bengal,Semi-Urban,14,0,0,14,0.0,4.6,789,107,0.1356,3,7,2,0,3,154.7,2,0,0,3.26,1302,1917.02,0,0,0,1
ORD003287,14361,1717,2024-05-16 22:00:00,1307.45,1,Home,27.4,UPI,Bihar,Rural,6,0,0,6,0.0,68.1,662,7,0.0106,5,8,4,0,4,182.1,2,0,0,3.48,1212,0.0,1,0,1,0
ORD003288,15656,1497,2024-05-16 23:00:00,794.1,2,Beauty,7.4,Credit Card,Maharashtra,Urban,9,0,3,6,0.0,38.6,736,91,0.1236,2,7,1,0,2,228.1,2,0,0,3.92,653,0.0,0,0,1,0
ORD003289,11985,1334,2024-05-17 00:00:00,1922.29,1,Footwear,3.2,COD,Bihar,Urban,8,0,1,7,0.0,14.6,750,6,0.008,4,15,1,0,2,128.4,4,0,0,4.0,1073,1922.29,0,1,1,0
ORD003290,10792,1078,2024-05-17 01:00:00,1487.7,1,Footwear,7.6,UPI,West Bengal,Semi-Urban,10,1,0,9,0.1,8.5,754,99,0.1313,3,6,2,0,4,339.2,1,0,0,3.95,95,0.0,1,0,1,0
ORD003291,16396,1581,2024-05-17 02:00:00,596.11,1,Electronics,5.7,COD,Maharashtra,Rural,8,0,1,7,0.0,13.4,736,92,0.125,1,8,2,0,3,213.5,6,0,0,4.3,804,596.11,0,0,1,0
ORD003292,16965,1026,2024-05-17 03:00:00,879.7,2,Electronics,23.0,UPI,West Bengal,Urban,9,0,1,8,0.0,16.3,722,60,0.0831,3,10,5,0,2,102.3,4,0,1,4.79,1357,0.0,0,0,1,0
ORD003293,15408,1270,2024-05-17 04:00:00,1792.62,1,Footwear,39.4,COD,Maharashtra,Urban,7,0,3,4,0.0,37.5,729,151,0.2071,0,3,2,0,2,60.6,4,0,0,4.05,1222,1792.62,0,1,1,0
ORD003294,14259,1561,2024-05-17 05:00:00,1174.68,3,Fashion,33.9,UPI,Delhi,Urban,9,4,1,4,0.4444,1.2,719,71,0.0987,1,9,1,0,3,198.8,4,0,0,4.12,504,0.0,0,0,1,0
ORD003295,10094,1246,2024-05-17 06:00:00,2103.99,1,Footwear,34.5,UPI,West Bengal,Urban,8,1,1,6,0.125,28.9,772,47,0.0609,0,0,6,1,2,98.5,2,0,0,4.71,611,0.0,1,0,0,0
ORD003296,15901,1775,2024-05-17 07:00:00,893.38,2,Beauty,6.0,UPI,Delhi,Rural,13,1,1,11,0.0769,25.2,732,68,0.0929,1,9,1,1,2,264.3,1,0,0,3.62,666,0.0,0,0,0,1
ORD003297,16976,1590,2024-05-17 08:00:00,601.88,2,Electronics,14.1,Debit Card,Delhi,Urban,13,5,0,8,0.3846,27.4,709,62,0.0874,2,4,1,0,4,229.2,1,0,0,4.52,579,0.0,0,0,0,0
ORD003298,11133,1386,2024-05-17 09:00:00,4089.43,1,Electronics,8.8,Debit Card,Bihar,Semi-Urban,9,3,0,6,0.3333,31.2,728,172,0.2363,2,5,1,0,4,347.2,2,0,0,3.98,495,0.0,1,0,0,1
ORD003299,16479,1701,2024-05-17 10:00:00,400.0,1,Electronics,25.5,COD,Karnataka,Rural,10,0,1,9,0.0,78.3,767,17,0.0222,4,8,3,0,3,36.1,1,0,0,3.83,987,400.0,0,0,0,1
ORD003300,14917,1558,2024-05-17 11:00:00,812.48,1,Footwear,6.5,COD,Maharashtra,Semi-Urban,9,1,0,8,0.1111,40.2,732,71,0.097,3,10,5,0,2,59.7,7,0,0,4.65,476,812.48,1,0,0,1
ORD003301,10237,1360,2024-05-17 12:00:00,1297.05,1,Electronics,14.8,COD,West Bengal,Urban,6,1,0,5,0.1667,21.3,724,92,0.1271,1,5,2,0,4,181.9,4,0,1,4.25,1693,1297.05,1,0,0,1
ORD003302,16524,1487,2024-05-17 13:00:00,1981.58,1,Electronics,4.5,COD,Delhi,Semi-Urban,5,0,1,4,0.0,14.2,776,35,0.0451,0,10,2,0,5,25.9,5,0,0,4.06,1107,1981.58,1,0,0,0
ORD003303,17603,1351,2024-05-17 14:00:00,1616.26,2,Footwear,11.7,UPI,Bihar,Rural,8,0,0,8,0.0,47.8,739,121,0.1637,3,6,3,0,2,77.8,5,0,0,3.76,1178,0.0,0,1,0,1
ORD003304,12946,1700,2024-05-17 15:00:00,4388.56,1,Fashion,1.9,COD,West Bengal,Urban,11,1,1,9,0.0909,119.1,722,39,0.054,2,8,3,0,2,98.9,3,0,1,3.57,309,4388.56,0,0,0,1
ORD003305,12530,1255,2024-05-17 16:00:00,1021.92,2,Electronics,2.9,UPI,Bihar,Urban,10,0,1,9,0.0,90.1,744,187,0.2513,2,5,2,0,1,174.5,4,0,0,3.2,489,0.0,0,0,0,0
ORD003306,11960,1221,2024-05-17 17:00:00,649.5,3,Electronics,4.0,COD,West Bengal,Rural,12,0,3,9,0.0,20.0,750,113,0.1507,5,8,4,0,4,358.5,3,0,0,4.15,1590,649.5,0,0,0,1
ORD003307,17045,1752,2024-05-17 18:00:00,961.2,1,Electronics,10.2,COD,Bihar,Semi-Urban,11,1,1,9,0.0909,26.4,782,120,0.1535,3,11,1,0,2,377.1,3,0,0,3.85,1206,961.2,1,0,0,0
ORD003308,11048,1780,2024-05-17 19:00:00,905.07,2,Beauty,29.2,Credit Card,Bihar,Semi-Urban,13,2,0,11,0.1538,43.0,762,120,0.1575,4,12,3,0,5,247.8,4,0,0,3.59,207,0.0,0,0,0,0
ORD003309,15772,1000,2024-05-17 20:00:00,1052.6,1,Footwear,13.6,COD,Karnataka,Rural,8,1,0,7,0.125,13.2,758,17,0.0224,4,11,3,0,3,84.2,3,0,0,4.25,917,1052.6,0,0,0,0
ORD003310,17284,1545,2024-05-17 21:00:00,608.2,3,Electronics,7.8,COD,Delhi,Semi-Urban,11,0,2,9,0.0,30.3,707,31,0.0438,0,4,3,0,5,127.1,4,0,0,3.86,573,608.2,1,0,0,1
ORD003311,12529,1445,2024-05-17 22:00:00,1755.37,1,Beauty,3.1,COD,Maharashtra,Urban,10,2,1,7,0.2,11.8,755,14,0.0185,4,11,3,0,1,82.4,7,0,0,4.04,151,1755.37,1,0,1,1
ORD003312,17559,1078,2024-05-17 23:00:00,1369.91,2,Fashion,6.2,COD,Maharashtra,Urban,5,1,0,4,0.2,24.2,777,188,0.242,0,5,3,0,5,69.9,4,0,0,3.47,1339,1369.91,0,0,1,0
ORD003313,12964,1235,2024-05-18 00:00:00,513.72,4,Fashion,12.2,UPI,West Bengal,Urban,8,0,2,6,0.0,4.0,687,75,0.1092,4,9,3,0,4,81.7,4,1,0,4.02,1311,0.0,0,0,1,0
ORD003314,17137,1333,2024-05-18 01:00:00,1960.23,1,Beauty,1.2,COD,West Bengal,Urban,6,0,0,6,0.0,37.0,757,57,0.0753,2,8,3,0,5,205.2,5,1,0,3.6,956,1960.23,0,0,1,0
ORD003315,10963,1348,2024-05-18 02:00:00,673.92,2,Fashion,12.7,UPI,Karnataka,Urban,6,0,0,6,0.0,2.4,770,92,0.1195,2,5,4,0,3,88.8,4,1,0,3.45,1413,0.0,0,0,1,0
ORD003316,10536,1097,2024-05-18 03:00:00,539.32,1,Home,5.5,UPI,West Bengal,Urban,8,0,3,5,0.0,3.6,744,71,0.0954,2,5,2,0,3,390.2,3,1,0,4.06,567,0.0,0,0,1,1
ORD003317,17246,1081,2024-05-18 04:00:00,1155.63,1,Fashion,16.1,Credit Card,Maharashtra,Rural,11,2,0,9,0.1818,43.8,744,76,0.1022,0,10,2,0,2,92.4,2,1,0,3.87,648,0.0,0,0,1,0
ORD003318,15699,1501,2024-05-18 05:00:00,381.95,2,Home,16.1,COD,Delhi,Urban,7,2,0,5,0.2857,20.4,731,150,0.2052,2,4,2,0,4,34.6,5,1,0,4.16,1585,381.95,1,1,1,0
ORD003319,17340,1476,2024-05-18 06:00:00,1561.97,1,Beauty,6.1,COD,Karnataka,Semi-Urban,9,1,1,7,0.1111,17.5,783,210,0.2682,2,4,2,0,2,165.4,5,1,0,4.27,1404,1561.97,1,0,0,0
ORD003320,16075,1703,2024-05-18 07:00:00,199.68,2,Home,23.7,COD,West Bengal,Semi-Urban,10,1,1,8,0.1,53.2,732,123,0.168,2,6,4,0,3,111.1,7,1,0,4.38,1001,199.68,0,0,0,1
ORD003321,17179,1764,2024-05-18 08:00:00,591.33,1,Fashion,14.6,COD,Karnataka,Semi-Urban,9,0,0,9,0.0,10.1,753,49,0.0651,2,8,4,0,2,172.7,3,1,0,3.25,565,591.33,0,0,0,0
ORD003322,17967,1549,2024-05-18 09:00:00,2821.66,3,Electronics,22.5,UPI,Karnataka,Semi-Urban,10,0,0,10,0.0,10.1,737,158,0.2144,0,4,1,0,1,159.5,4,1,0,4.0,1535,0.0,1,1,0,0
ORD003323,14223,1013,2024-05-18 10:00:00,726.33,1,Home,15.1,COD,Karnataka,Urban,11,0,2,9,0.0,19.0,736,150,0.2038,2,7,3,0,6,378.7,3,1,0,3.38,1180,726.33,0,1,0,0
ORD003324,13679,1391,2024-05-18 11:00:00,806.78,1,Fashion,13.5,COD,West Bengal,Rural,8,0,0,8,0.0,46.3,758,53,0.0699,2,6,2,0,4,61.7,2,1,0,3.98,1241,806.78,0,0,0,1
ORD003325,14187,1346,2024-05-18 12:00:00,2354.77,1,Electronics,2.7,COD,Bihar,Urban,7,0,2,5,0.0,5.8,764,300,0.3927,2,5,1,1,5,28.7,3,1,0,3.95,177,2354.77,0,0,0,1
ORD003326,13724,1309,2024-05-18 13:00:00,681.49,1,Beauty,32.4,UPI,West Bengal,Semi-Urban,13,0,1,12,0.0,8.7,760,113,0.1487,3,5,4,0,6,103.1,3,1,0,4.22,802,0.0,0,0,0,0
ORD003327,10542,1385,2024-05-18 14:00:00,1733.79,1,Beauty,5.3,Credit Card,West Bengal,Rural,9,0,0,9,0.0,32.5,775,122,0.1574,4,11,2,0,5,78.2,3,1,0,3.55,1665,0.0,0,0,0,0
ORD003328,10845,1208,2024-05-18 15:00:00,2218.34,1,Footwear,21.9,COD,West Bengal,Urban,6,1,0,5,0.1667,111.7,735,147,0.2,0,9,2,0,2,91.6,3,1,0,3.96,501,2218.34,0,1,0,0
ORD003329,13603,1356,2024-05-18 16:00:00,1461.35,1,Beauty,12.7,UPI,West Bengal,Rural,15,3,0,12,0.2,29.9,766,116,0.1514,1,10,4,0,2,34.7,3,1,0,4.27,202,0.0,0,1,0,0
ORD003330,15777,1600,2024-05-18 17:00:00,460.84,1,Footwear,18.7,COD,West Bengal,Semi-Urban,7,0,0,7,0.0,20.7,723,72,0.0996,1,3,1,1,3,44.9,2,1,1,3.72,1605,460.84,0,0,0,1
ORD003331,13036,1567,2024-05-18 18:00:00,763.27,1,Beauty,22.3,Wallet,Karnataka,Semi-Urban,10,4,0,6,0.4,52.1,729,29,0.0398,1,5,5,1,4,135.9,3,1,0,4.75,509,0.0,1,0,0,1
ORD003332,15947,1093,2024-05-18 19:00:00,5586.86,1,Beauty,28.1,COD,Karnataka,Urban,13,1,0,12,0.0769,13.1,766,19,0.0248,4,9,2,0,2,120.3,2,1,0,3.75,391,5586.86,1,1,0,0
ORD003333,12494,1092,2024-05-18 20:00:00,817.04,1,Beauty,13.1,COD,West Bengal,Rural,11,1,0,10,0.0909,28.4,763,93,0.1219,0,5,1,0,4,63.5,2,1,0,4.21,86,817.04,0,0,0,1
ORD003334,14485,1339,2024-05-18 21:00:00,6580.05,4,Footwear,18.6,Wallet,Delhi,Urban,8,0,0,8,0.0,6.9,769,68,0.0884,1,5,5,0,4,131.5,1,1,0,4.4,107,0.0,1,0,0,0
ORD003335,12719,1596,2024-05-18 22:00:00,3057.58,1,Footwear,5.8,COD,Delhi,Urban,4,2,1,1,0.5,12.6,743,66,0.0888,2,7,2,0,3,187.2,3,1,0,3.12,759,3057.58,0,0,1,0
ORD003336,11884,1444,2024-05-18 23:00:00,1497.33,1,Home,11.6,Credit Card,Bihar,Semi-Urban,5,1,1,3,0.2,31.7,729,62,0.085,1,6,2,0,1,175.6,5,1,0,4.33,1493,0.0,1,0,1,0
ORD003337,14138,1756,2024-05-19 00:00:00,1310.73,1,Fashion,9.8,COD,Delhi,Semi-Urban,11,1,0,10,0.0909,23.4,751,71,0.0945,3,11,3,0,3,70.6,2,1,0,3.72,1429,1310.73,2,1,1,1
ORD003338,14349,1021,2024-05-19 01:00:00,829.73,3,Fashion,13.0,COD,Maharashtra,Urban,9,0,0,9,0.0,58.6,727,72,0.099,3,8,3,0,3,409.2,5,1,0,4.06,1110,829.73,2,0,1,0
ORD003339,13201,1290,2024-05-19 02:00:00,1039.66,1,Fashion,19.2,COD,Maharashtra,Urban,7,0,1,6,0.0,5.8,753,17,0.0226,3,8,3,0,1,54.7,1,1,0,3.94,124,1039.66,0,1,1,1
ORD003340,15179,1484,2024-05-19 03:00:00,725.43,2,Beauty,29.2,Debit Card,Delhi,Semi-Urban,8,1,0,7,0.125,16.8,770,54,0.0701,2,7,4,0,1,153.5,7,1,1,4.16,1169,0.0,1,0,1,1
ORD003341,12710,1783,2024-05-19 04:00:00,1055.56,1,Fashion,6.2,COD,West Bengal,Urban,7,0,1,6,0.0,1.3,721,107,0.1484,1,6,3,1,4,263.4,4,1,0,4.3,1400,1055.56,0,0,1,0
ORD003342,16610,1305,2024-05-19 05:00:00,484.29,1,Footwear,16.9,COD,Delhi,Urban,10,0,3,7,0.0,87.0,779,278,0.3569,1,9,9,0,6,153.2,3,1,0,4.07,563,484.29,1,0,1,0
ORD003343,16430,1633,2024-05-19 06:00:00,468.97,2,Home,0.9,Wallet,Maharashtra,Urban,9,3,1,5,0.3333,23.2,771,114,0.1479,7,12,2,0,1,109.9,3,1,0,3.96,1985,0.0,0,0,0,0
ORD003344,17154,1127,2024-05-19 07:00:00,2393.73,1,Electronics,15.1,UPI,Delhi,Semi-Urban,9,3,0,6,0.3333,5.0,746,105,0.1408,1,7,5,1,2,128.7,4,1,0,4.65,1500,0.0,0,0,0,1
ORD003345,15636,1624,2024-05-19 08:00:00,416.8,1,Home,13.2,COD,Karnataka,Semi-Urban,5,0,1,4,0.0,47.8,778,113,0.1452,5,11,2,0,5,141.0,5,1,0,4.78,532,416.8,1,0,0,1
ORD003346,17634,1272,2024-05-19 09:00:00,1866.24,2,Fashion,19.5,COD,Bihar,Rural,11,0,1,10,0.0,2.9,763,23,0.0301,1,5,2,0,4,38.4,2,1,0,3.99,1123,1866.24,0,0,0,0
ORD003347,11953,1441,2024-05-19 10:00:00,351.91,2,Fashion,17.5,COD,Karnataka,Urban,7,2,0,5,0.2857,53.9,715,121,0.1692,2,11,6,0,5,185.7,5,1,0,3.81,1444,351.91,0,0,0,1
ORD003348,16921,1502,2024-05-19 11:00:00,1600.04,3,Footwear,36.6,Credit Card,Karnataka,Rural,10,3,0,7,0.3,1.0,717,105,0.1464,2,11,4,0,4,111.3,2,1,0,3.63,722,0.0,0,0,0,1
ORD003349,16488,1129,2024-05-19 12:00:00,968.21,2,Home,11.1,Credit Card,Bihar,Rural,9,1,1,7,0.1111,70.5,791,119,0.1504,1,12,3,0,4,456.1,7,1,0,3.38,908,0.0,0,1,0,0
ORD003350,14737,1131,2024-05-19 13:00:00,2423.07,2,Footwear,6.2,COD,West Bengal,Urban,7,2,1,4,0.2857,8.8,742,91,0.1226,4,10,3,0,1,312.8,4,1,0,4.66,1532,2423.07,0,0,0,1
ORD003351,16525,1596,2024-05-19 14:00:00,898.57,2,Footwear,20.0,COD,Bihar,Urban,5,0,4,1,0.0,11.5,725,160,0.2207,4,6,6,0,2,78.0,7,1,0,4.27,284,898.57,1,0,0,0
ORD003352,13850,1481,2024-05-19 15:00:00,328.41,1,Electronics,20.2,Debit Card,West Bengal,Rural,9,1,5,3,0.1111,24.7,712,88,0.1236,1,6,1,0,5,198.5,4,1,0,4.2,586,0.0,0,0,0,0
ORD003353,10689,1389,2024-05-19 16:00:00,979.63,2,Footwear,9.1,COD,Maharashtra,Urban,9,2,1,6,0.2222,71.2,785,115,0.1465,3,9,1,0,5,214.7,4,1,0,3.98,967,979.63,0,0,0,1
ORD003354,15372,1592,2024-05-19 17:00:00,1206.88,2,Footwear,6.7,UPI,Delhi,Semi-Urban,11,0,0,11,0.0,5.4,781,77,0.0986,1,4,4,0,2,94.6,7,1,0,3.66,1511,0.0,0,0,0,0
ORD003355,11950,1324,2024-05-19 18:00:00,1013.14,1,Electronics,54.2,COD,Maharashtra,Urban,9,0,0,9,0.0,11.1,732,33,0.0451,2,6,7,0,1,379.2,3,1,0,4.43,146,1013.14,1,2,0,0
ORD003356,15175,1068,2024-05-19 19:00:00,1548.54,1,Beauty,6.5,Credit Card,Maharashtra,Semi-Urban,8,0,0,8,0.0,28.3,698,89,0.1275,0,3,4,0,3,36.8,3,1,0,3.86,1751,0.0,0,0,0,0
ORD003357,15582,1659,2024-05-19 20:00:00,781.62,1,Beauty,15.2,COD,Maharashtra,Urban,12,1,1,10,0.0833,1.8,768,18,0.0234,0,8,3,0,2,247.7,3,1,0,4.31,732,781.62,0,0,0,0
ORD003358,10456,1447,2024-05-19 21:00:00,513.86,2,Electronics,12.7,Credit Card,Delhi,Urban,9,0,0,9,0.0,10.4,766,66,0.0862,2,11,4,0,3,251.7,7,1,0,4.35,789,0.0,0,0,0,0
ORD003359,15078,1527,2024-05-19 22:00:00,601.97,1,Footwear,15.6,COD,West Bengal,Rural,12,1,0,11,0.0833,25.0,770,94,0.1221,0,7,3,0,2,566.1,2,1,0,4.18,982,601.97,0,0,1,1
ORD003360,12130,1616,2024-05-19 23:00:00,804.76,4,Fashion,26.0,COD,Bihar,Rural,12,6,2,4,0.5,14.4,770,57,0.074,2,9,2,0,4,60.1,2,1,0,4.02,423,804.76,0,0,1,1
ORD003361,13976,1164,2024-05-20 00:00:00,800.62,1,Home,22.5,UPI,West Bengal,Urban,6,0,0,6,0.0,96.2,709,25,0.0353,0,4,3,0,4,65.7,2,0,0,4.44,989,0.0,0,1,1,0
ORD003362,15218,1487,2024-05-20 01:00:00,4645.59,2,Fashion,11.1,COD,West Bengal,Urban,9,1,0,8,0.1111,93.0,742,169,0.2278,1,8,1,0,2,123.4,5,0,0,4.28,1402,4645.59,0,0,1,0
ORD003363,14244,1712,2024-05-20 02:00:00,2328.69,1,Fashion,7.5,UPI,Karnataka,Semi-Urban,7,0,2,5,0.0,65.5,745,52,0.0698,3,5,3,0,3,308.8,6,0,0,3.95,1977,0.0,0,0,1,0
ORD003364,15448,1708,2024-05-20 03:00:00,1655.78,2,Footwear,10.6,COD,Delhi,Semi-Urban,4,0,2,2,0.0,77.7,758,25,0.033,2,6,1,0,3,108.0,1,0,0,4.03,525,1655.78,0,0,1,1
ORD003365,11179,1425,2024-05-20 04:00:00,1433.12,2,Home,1.8,UPI,West Bengal,Urban,7,1,0,6,0.1429,76.2,748,227,0.3035,5,11,4,0,1,324.9,4,0,0,4.13,536,0.0,0,0,1,1
ORD003366,14285,1696,2024-05-20 05:00:00,1312.73,2,Home,23.9,UPI,West Bengal,Semi-Urban,9,3,1,5,0.3333,46.0,730,108,0.1479,1,8,2,0,2,95.1,5,0,0,4.23,653,0.0,1,0,1,0
ORD003367,13565,1264,2024-05-20 06:00:00,1316.85,2,Beauty,5.1,Debit Card,Maharashtra,Urban,6,0,0,6,0.0,74.5,759,147,0.1937,4,10,1,1,2,99.7,4,0,0,3.94,1813,0.0,0,0,0,0
ORD003368,10882,1611,2024-05-20 07:00:00,1209.51,3,Electronics,12.7,Credit Card,Karnataka,Semi-Urban,9,0,4,5,0.0,0.2,728,83,0.114,2,7,4,0,4,79.8,4,0,0,4.16,1646,0.0,2,0,0,0
ORD003369,16406,1341,2024-05-20 08:00:00,1123.35,1,Footwear,4.7,COD,Bihar,Semi-Urban,10,0,2,8,0.0,38.2,745,113,0.1517,2,8,2,0,3,638.1,3,0,0,4.11,515,1123.35,0,0,0,0
ORD003370,17247,1725,2024-05-20 09:00:00,312.59,1,Home,14.5,COD,Karnataka,Urban,12,0,2,10,0.0,19.2,710,61,0.0859,5,11,5,0,4,447.4,4,0,1,3.94,253,312.59,1,0,0,1
ORD003371,10399,1277,2024-05-20 10:00:00,878.77,2,Footwear,7.9,UPI,Maharashtra,Urban,8,0,0,8,0.0,15.8,793,79,0.0996,1,6,3,0,3,134.8,3,0,0,4.14,1300,0.0,0,1,0,1
ORD003372,16907,1673,2024-05-20 11:00:00,949.39,1,Beauty,28.7,UPI,Maharashtra,Urban,12,0,3,9,0.0,3.4,699,52,0.0744,1,8,6,0,4,222.4,2,0,0,4.55,1689,0.0,0,1,0,1
ORD003373,10608,1438,2024-05-20 12:00:00,699.68,1,Fashion,2.9,COD,Maharashtra,Semi-Urban,4,0,0,4,0.0,11.0,747,71,0.095,2,6,3,0,3,128.2,1,0,0,4.61,355,699.68,2,1,0,0
ORD003374,17427,1156,2024-05-20 13:00:00,785.52,1,Home,10.8,COD,Delhi,Semi-Urban,7,0,1,6,0.0,12.1,736,138,0.1875,1,2,1,0,4,95.7,6,0,0,4.92,85,785.52,0,0,0,0
ORD003375,15891,1421,2024-05-20 14:00:00,1313.5,1,Beauty,34.0,COD,Maharashtra,Urban,11,1,0,10,0.0909,6.1,737,172,0.2334,2,10,4,0,5,75.6,4,0,0,5.0,944,1313.5,0,0,0,1
ORD003376,11638,1250,2024-05-20 15:00:00,1738.11,1,Footwear,33.3,COD,West Bengal,Urban,7,2,0,5,0.2857,72.6,783,80,0.1022,0,3,1,0,4,174.4,2,0,0,4.11,1604,1738.11,0,1,0,0
ORD003377,15671,1608,2024-05-20 16:00:00,1312.31,2,Beauty,18.5,COD,Delhi,Semi-Urban,11,2,2,7,0.1818,23.6,760,34,0.0447,1,5,5,0,4,129.1,1,0,0,4.09,1472,1312.31,0,0,0,1
ORD003378,16928,1529,2024-05-20 17:00:00,1712.08,1,Beauty,4.1,UPI,Maharashtra,Urban,10,0,2,8,0.0,84.8,771,21,0.0272,0,10,2,0,3,68.4,3,0,0,4.01,1148,0.0,0,1,0,0
ORD003379,12148,1326,2024-05-20 18:00:00,1730.33,1,Beauty,9.0,COD,Delhi,Semi-Urban,6,0,0,6,0.0,22.1,756,23,0.0304,2,12,2,0,2,44.3,3,0,0,4.27,276,1730.33,0,0,0,0
ORD003380,11382,1096,2024-05-20 19:00:00,916.15,1,Beauty,37.6,COD,West Bengal,Semi-Urban,3,0,2,1,0.0,18.8,715,45,0.0629,5,10,4,0,2,100.4,3,0,0,4.27,299,916.15,0,0,0,0
ORD003381,11403,1512,2024-05-20 20:00:00,1502.95,3,Beauty,18.9,UPI,Maharashtra,Semi-Urban,6,0,0,6,0.0,12.3,694,41,0.0591,2,4,2,0,1,31.1,5,0,0,4.51,906,0.0,0,1,0,0
ORD003382,10819,1215,2024-05-20 21:00:00,384.59,4,Beauty,20.7,COD,Maharashtra,Semi-Urban,7,1,0,6,0.1429,5.5,732,50,0.0683,0,5,3,0,4,125.1,1,0,0,3.79,885,384.59,0,0,0,0
ORD003383,13292,1131,2024-05-20 22:00:00,870.79,2,Electronics,25.2,COD,West Bengal,Rural,11,3,0,8,0.2727,5.0,757,70,0.0925,3,10,5,0,5,112.1,1,0,0,4.1,1203,870.79,0,1,1,1
ORD003384,10819,1259,2024-05-20 23:00:00,811.5,1,Footwear,11.1,COD,Maharashtra,Rural,7,2,2,3,0.2857,32.5,692,25,0.0361,3,11,1,0,2,269.1,4,0,0,4.22,1646,811.5,0,0,1,0
ORD003385,10419,1124,2024-05-21 00:00:00,2748.46,3,Fashion,23.9,UPI,West Bengal,Urban,12,1,1,10,0.0833,41.8,777,187,0.2407,2,13,5,0,3,138.6,4,0,0,4.64,529,0.0,0,0,1,0
ORD003386,14219,1081,2024-05-21 01:00:00,1342.45,2,Footwear,24.3,COD,Maharashtra,Semi-Urban,8,0,1,7,0.0,0.9,783,78,0.0996,0,6,2,0,1,155.4,2,0,0,3.54,904,1342.45,0,0,1,0
ORD003387,14517,1282,2024-05-21 02:00:00,492.42,2,Home,3.8,COD,Maharashtra,Urban,5,1,0,4,0.2,2.8,728,58,0.0797,3,6,2,0,3,259.7,5,0,0,4.17,1951,492.42,0,0,1,0
ORD003388,13302,1682,2024-05-21 03:00:00,1566.74,2,Home,22.9,Credit Card,Karnataka,Urban,7,2,1,4,0.2857,33.3,742,127,0.1712,0,2,4,0,4,124.7,6,0,0,4.81,1004,0.0,0,0,1,1
ORD003389,17857,1058,2024-05-21 04:00:00,1892.91,1,Footwear,8.5,UPI,Delhi,Semi-Urban,9,2,0,7,0.2222,4.7,749,25,0.0334,2,10,4,1,4,296.9,3,0,0,4.03,600,0.0,0,0,1,1
ORD003390,17230,1543,2024-05-21 05:00:00,1039.19,1,Beauty,7.3,COD,Bihar,Urban,11,1,0,10,0.0909,12.0,730,80,0.1096,3,5,2,0,4,41.8,2,0,0,4.28,1465,1039.19,0,0,1,1
ORD003391,11508,1160,2024-05-21 06:00:00,1659.3,1,Electronics,7.4,COD,Karnataka,Semi-Urban,7,1,1,5,0.1429,39.3,737,52,0.0706,1,5,2,0,3,116.1,2,0,0,4.62,654,1659.3,1,1,0,0
ORD003392,17795,1283,2024-05-21 07:00:00,245.32,1,Fashion,18.1,COD,Karnataka,Urban,6,0,0,6,0.0,51.5,701,53,0.0756,3,12,6,0,2,210.7,3,0,0,3.45,505,245.32,0,0,0,0
ORD003393,17870,1105,2024-05-21 08:00:00,217.11,2,Beauty,24.4,COD,Delhi,Urban,8,1,1,6,0.125,61.5,756,124,0.164,0,2,2,0,3,172.2,5,0,1,4.55,317,217.11,0,0,0,1
ORD003394,15693,1104,2024-05-21 09:00:00,540.66,3,Footwear,7.9,Credit Card,Karnataka,Urban,17,3,1,13,0.1765,10.4,753,159,0.2112,4,8,2,0,5,126.2,3,0,0,3.99,920,0.0,1,0,0,0
ORD003395,10767,1438,2024-05-21 10:00:00,1199.22,2,Footwear,28.6,COD,West Bengal,Semi-Urban,9,2,0,7,0.2222,22.9,743,8,0.0108,2,7,4,0,3,113.0,5,0,0,3.72,1955,1199.22,0,0,0,1
ORD003396,12044,1227,2024-05-21 11:00:00,2749.84,1,Electronics,17.5,UPI,Karnataka,Rural,11,2,0,9,0.1818,16.4,716,105,0.1466,0,3,2,0,3,198.8,5,0,0,4.48,875,0.0,0,0,0,0
ORD003397,16626,1699,2024-05-21 12:00:00,557.88,1,Electronics,28.3,COD,Bihar,Semi-Urban,13,0,2,11,0.0,31.0,742,20,0.027,5,8,2,0,6,231.2,2,0,0,4.84,23,557.88,0,1,0,0
ORD003398,16662,1581,2024-05-21 13:00:00,657.07,1,Footwear,11.2,COD,West Bengal,Semi-Urban,7,3,0,4,0.4286,33.7,803,82,0.1021,2,6,1,0,5,217.2,4,0,0,3.89,1598,657.07,0,0,0,1
ORD003399,16298,1317,2024-05-21 14:00:00,1156.51,1,Beauty,12.2,Debit Card,Delhi,Urban,10,1,0,9,0.1,6.4,758,31,0.0409,2,10,2,0,2,171.2,2,0,0,3.96,1289,0.0,1,0,0,0
ORD003400,12139,1463,2024-05-21 15:00:00,816.16,1,Beauty,15.9,Credit Card,Delhi,Urban,9,1,0,8,0.1111,71.4,747,59,0.079,2,5,6,0,4,59.7,3,0,0,4.86,1554,0.0,0,1,0,1
ORD003401,13029,1598,2024-05-21 16:00:00,788.78,2,Beauty,35.2,Credit Card,Delhi,Urban,7,0,0,7,0.0,16.7,783,86,0.1098,1,4,4,0,4,258.0,4,0,0,4.23,57,0.0,0,0,0,0
ORD003402,11549,1471,2024-05-21 17:00:00,851.6,1,Fashion,3.7,COD,West Bengal,Urban,9,0,0,9,0.0,6.4,745,7,0.0094,3,9,3,0,4,26.1,4,0,0,3.93,838,851.6,0,1,0,0
ORD003403,16598,1055,2024-05-21 18:00:00,2413.6,4,Fashion,13.4,UPI,Delhi,Semi-Urban,4,1,0,3,0.25,8.2,746,107,0.1434,2,6,3,0,4,83.3,4,0,0,4.06,14,0.0,0,0,0,0
ORD003404,11764,1624,2024-05-21 19:00:00,2142.4,1,Beauty,6.2,COD,Delhi,Urban,5,0,0,5,0.0,3.8,795,44,0.0553,2,9,4,1,5,278.9,6,0,0,4.48,964,2142.4,1,0,0,1
ORD003405,16140,1012,2024-05-21 20:00:00,1112.18,2,Footwear,11.3,Debit Card,Bihar,Semi-Urban,11,0,2,9,0.0,4.7,751,40,0.0533,3,7,2,0,3,107.3,2,0,0,3.92,1973,0.0,0,0,0,1
ORD003406,12645,1439,2024-05-21 21:00:00,2959.24,1,Electronics,4.9,COD,Maharashtra,Urban,6,1,0,5,0.1667,48.2,715,141,0.1972,3,7,4,1,2,65.8,6,0,0,4.82,1995,2959.24,0,0,0,1
ORD003407,13716,1017,2024-05-21 22:00:00,1488.34,1,Home,1.9,Debit Card,Maharashtra,Rural,7,0,0,7,0.0,45.6,749,35,0.0467,1,7,6,1,3,286.0,2,0,0,4.05,343,0.0,0,0,1,0
ORD003408,14605,1693,2024-05-21 23:00:00,2191.49,2,Electronics,9.4,UPI,Maharashtra,Urban,6,2,0,4,0.3333,14.4,747,28,0.0375,3,10,2,0,4,84.7,3,0,0,3.94,337,0.0,0,0,1,0
ORD003409,15302,1112,2024-05-22 00:00:00,654.37,2,Electronics,13.3,COD,Delhi,Urban,11,0,0,11,0.0,17.2,713,37,0.0519,1,6,2,0,3,197.8,2,0,0,4.63,1774,654.37,0,0,1,0
ORD003410,14481,1228,2024-05-22 01:00:00,740.85,1,Home,1.2,COD,West Bengal,Rural,7,2,0,5,0.2857,1.7,746,137,0.1836,3,11,2,0,2,175.0,3,0,0,4.67,1848,740.85,1,0,1,0
ORD003411,15693,1170,2024-05-22 02:00:00,736.1,1,Beauty,17.2,UPI,Delhi,Urban,6,0,0,6,0.0,6.9,737,11,0.0149,3,8,2,1,4,192.2,2,0,0,3.69,1036,0.0,0,0,1,0
ORD003412,17898,1294,2024-05-22 03:00:00,1041.03,1,Electronics,31.6,Credit Card,Maharashtra,Semi-Urban,6,0,1,5,0.0,6.8,792,24,0.0303,2,6,2,0,1,92.4,5,0,0,3.57,1759,0.0,0,1,1,0
ORD003413,16548,1188,2024-05-22 04:00:00,1136.77,2,Home,21.4,COD,Bihar,Urban,7,0,1,6,0.0,45.9,752,33,0.0439,2,5,3,0,4,122.7,4,0,0,4.61,1482,1136.77,0,0,1,0
ORD003414,12293,1425,2024-05-22 05:00:00,1332.09,3,Footwear,21.2,COD,Delhi,Semi-Urban,8,0,0,8,0.0,14.3,696,84,0.1207,1,8,3,0,2,68.4,2,0,1,4.05,726,1332.09,0,1,1,1
ORD003415,14837,1078,2024-05-22 06:00:00,3582.67,1,Footwear,5.9,COD,Delhi,Semi-Urban,8,0,0,8,0.0,1.0,764,58,0.0759,2,8,2,0,2,141.9,5,0,0,3.84,1154,3582.67,0,0,0,0
ORD003416,17758,1657,2024-05-22 07:00:00,1690.48,1,Footwear,12.7,COD,Delhi,Semi-Urban,10,0,0,10,0.0,7.8,732,56,0.0765,0,5,3,0,5,262.1,3,0,0,3.73,399,1690.48,1,0,0,0
ORD003417,12708,1181,2024-05-22 08:00:00,805.23,3,Beauty,9.4,UPI,West Bengal,Urban,4,2,1,1,0.5,15.0,704,196,0.2784,1,6,3,0,4,54.3,3,0,0,4.43,291,0.0,0,1,0,1
ORD003418,16793,1498,2024-05-22 09:00:00,1094.48,1,Electronics,4.2,Wallet,Bihar,Semi-Urban,9,6,0,3,0.6667,4.6,771,104,0.1349,0,6,5,0,4,123.9,5,0,0,3.36,1057,0.0,1,0,0,1
ORD003419,17638,1797,2024-05-22 10:00:00,2705.29,2,Electronics,18.2,UPI,Bihar,Urban,7,0,0,7,0.0,1.8,750,68,0.0907,2,3,4,0,4,89.5,3,0,0,4.53,543,0.0,0,0,0,0
ORD003420,17993,1761,2024-05-22 11:00:00,1753.08,1,Fashion,1.5,UPI,Bihar,Urban,13,4,1,8,0.3077,4.4,738,61,0.0827,2,7,2,0,2,732.4,4,0,0,3.88,685,0.0,0,0,0,0
ORD003421,16007,1707,2024-05-22 12:00:00,2684.02,1,Footwear,25.7,COD,Bihar,Urban,8,0,0,8,0.0,6.8,756,118,0.1561,1,3,4,0,3,276.3,4,0,0,3.85,1955,2684.02,0,0,0,0
ORD003422,15542,1070,2024-05-22 13:00:00,820.89,1,Beauty,10.7,UPI,Maharashtra,Rural,11,0,0,11,0.0,16.9,768,121,0.1576,1,9,5,0,2,74.8,2,0,0,4.07,864,0.0,0,0,0,0
ORD003423,10900,1247,2024-05-22 14:00:00,715.52,1,Home,5.6,COD,Delhi,Semi-Urban,5,2,0,3,0.4,36.3,720,87,0.1208,1,6,2,0,4,48.1,4,0,0,3.63,628,715.52,1,0,0,0
ORD003424,16208,1145,2024-05-22 15:00:00,721.82,1,Beauty,7.9,Credit Card,Bihar,Urban,10,2,1,7,0.2,6.7,768,119,0.1549,3,9,4,0,4,202.1,6,0,0,3.85,446,0.0,0,0,0,0
ORD003425,13084,1617,2024-05-22 16:00:00,861.61,2,Electronics,10.2,COD,Karnataka,Semi-Urban,9,2,2,5,0.2222,42.7,766,58,0.0757,2,8,3,0,5,64.1,1,0,0,3.53,173,861.61,1,0,0,1
ORD003426,16356,1774,2024-05-22 17:00:00,579.42,2,Footwear,10.6,COD,Karnataka,Urban,15,1,0,14,0.0667,45.1,781,154,0.1972,1,6,2,0,1,75.7,2,0,0,3.86,1318,579.42,0,0,0,1
ORD003427,12009,1295,2024-05-22 18:00:00,1309.13,2,Fashion,14.5,Wallet,Maharashtra,Rural,13,2,1,10,0.1538,27.6,785,133,0.1694,0,7,3,0,2,47.5,3,0,0,4.21,72,0.0,0,0,0,0
ORD003428,10241,1581,2024-05-22 19:00:00,1322.7,2,Beauty,12.6,Debit Card,Karnataka,Urban,6,0,0,6,0.0,18.5,724,77,0.1064,2,12,2,0,3,144.7,3,0,0,3.88,210,0.0,1,0,0,0
ORD003429,16636,1469,2024-05-22 20:00:00,2448.59,1,Fashion,7.8,COD,Karnataka,Urban,8,0,0,8,0.0,3.7,716,60,0.0838,6,12,3,0,2,56.8,4,0,0,4.32,1238,2448.59,0,0,0,1
ORD003430,17380,1505,2024-05-22 21:00:00,381.4,1,Electronics,10.1,COD,Karnataka,Urban,10,0,0,10,0.0,20.1,711,90,0.1266,0,4,3,0,4,79.9,2,0,0,4.26,508,381.4,0,1,0,0
ORD003431,17860,1192,2024-05-22 22:00:00,622.36,2,Home,15.8,Debit Card,Maharashtra,Semi-Urban,6,0,0,6,0.0,14.2,739,9,0.0122,0,0,1,0,1,125.6,2,0,0,4.26,388,0.0,0,0,1,0
ORD003432,12385,1067,2024-05-22 23:00:00,1778.18,1,Beauty,6.5,Credit Card,Delhi,Urban,10,7,0,3,0.7,4.0,718,61,0.085,0,3,5,0,1,35.8,5,0,0,3.99,1248,0.0,0,2,1,0
ORD003433,16116,1493,2024-05-23 00:00:00,1224.25,1,Electronics,13.7,Debit Card,Maharashtra,Urban,10,2,0,8,0.2,3.0,724,100,0.1381,0,3,3,0,3,257.5,2,0,0,4.17,1257,0.0,0,0,1,0
ORD003434,14268,1051,2024-05-23 01:00:00,1126.51,1,Footwear,6.5,UPI,West Bengal,Semi-Urban,10,0,1,9,0.0,7.6,762,9,0.0118,0,5,3,0,3,59.7,2,0,0,3.97,273,0.0,1,0,1,0
ORD003435,10671,1362,2024-05-23 02:00:00,2340.95,1,Beauty,9.7,COD,West Bengal,Urban,12,0,1,11,0.0,32.7,709,40,0.0564,1,4,3,0,1,276.9,1,0,0,3.4,399,2340.95,0,0,1,0
ORD003436,10163,1796,2024-05-23 03:00:00,598.26,1,Fashion,6.1,COD,Karnataka,Urban,12,1,0,11,0.0833,24.2,757,147,0.1942,5,8,1,0,4,138.9,5,0,0,3.61,1683,598.26,0,0,1,0
ORD003437,10464,1473,2024-05-23 04:00:00,708.23,2,Beauty,0.4,UPI,Karnataka,Semi-Urban,4,0,0,4,0.0,4.2,684,94,0.1374,4,9,1,0,2,282.7,1,0,0,4.08,198,0.0,0,1,1,0
ORD003438,13042,1520,2024-05-23 05:00:00,659.9,3,Electronics,3.9,Debit Card,Delhi,Rural,12,1,0,11,0.0833,14.9,709,41,0.0578,2,4,1,0,2,32.4,4,0,0,3.61,1022,0.0,1,0,1,0
ORD003439,14592,1762,2024-05-23 06:00:00,327.75,3,Electronics,10.7,UPI,Karnataka,Semi-Urban,10,1,1,8,0.1,8.0,734,103,0.1403,2,7,2,0,2,210.6,1,0,0,4.72,1501,0.0,0,1,0,0
ORD003440,14795,1430,2024-05-23 07:00:00,1187.6,3,Fashion,21.5,COD,West Bengal,Urban,11,2,1,8,0.1818,58.1,774,66,0.0853,3,6,3,0,2,196.9,2,0,0,4.08,207,1187.6,1,1,0,0
ORD003441,12442,1297,2024-05-23 08:00:00,801.34,3,Electronics,9.2,UPI,Karnataka,Urban,8,0,1,7,0.0,1.7,746,39,0.0523,1,8,1,0,2,150.4,4,0,0,3.46,722,0.0,0,1,0,0
ORD003442,14798,1434,2024-05-23 09:00:00,706.46,1,Beauty,12.1,UPI,Delhi,Semi-Urban,14,0,2,12,0.0,9.0,713,88,0.1234,0,6,3,0,8,421.0,4,0,0,4.16,1901,0.0,0,0,0,0
ORD003443,16036,1695,2024-05-23 10:00:00,633.93,1,Fashion,8.4,UPI,West Bengal,Urban,11,0,0,11,0.0,6.8,785,79,0.1006,2,8,3,1,3,100.3,2,0,0,4.42,859,0.0,0,0,0,0
ORD003444,12355,1690,2024-05-23 11:00:00,1085.02,2,Electronics,14.6,UPI,Karnataka,Urban,7,1,0,6,0.1429,12.9,771,28,0.0363,6,8,2,0,3,53.7,5,0,0,3.43,1792,0.0,1,1,0,0
ORD003445,15887,1197,2024-05-23 12:00:00,679.17,1,Electronics,11.8,COD,Delhi,Urban,5,0,0,5,0.0,2.5,738,76,0.103,3,5,7,0,4,188.1,7,0,0,4.28,885,679.17,0,0,0,0
ORD003446,14278,1127,2024-05-23 13:00:00,1252.55,1,Beauty,1.0,COD,Delhi,Semi-Urban,8,0,3,5,0.0,6.7,742,34,0.0458,3,8,1,0,5,244.4,6,0,0,4.59,640,1252.55,0,0,0,1
ORD003447,14724,1531,2024-05-23 14:00:00,1444.48,1,Electronics,10.9,UPI,West Bengal,Urban,8,1,1,6,0.125,60.8,757,56,0.074,1,3,2,0,3,157.2,2,0,0,4.02,608,0.0,1,0,0,0
ORD003448,17961,1410,2024-05-23 15:00:00,918.97,1,Beauty,4.6,COD,West Bengal,Rural,12,1,0,11,0.0833,5.3,712,162,0.2275,2,11,1,0,1,123.3,4,0,0,4.18,145,918.97,0,0,0,0
ORD003449,12557,1064,2024-05-23 16:00:00,882.29,1,Footwear,22.4,COD,West Bengal,Urban,15,0,0,15,0.0,8.6,714,90,0.1261,4,7,2,0,4,363.6,2,0,0,4.38,1699,882.29,0,0,0,0
ORD003450,15827,1693,2024-05-23 17:00:00,1225.73,1,Beauty,20.9,COD,Delhi,Semi-Urban,10,3,0,7,0.3,12.6,775,44,0.0568,2,9,2,0,3,187.4,2,0,0,4.26,1693,1225.73,0,2,0,1
ORD003451,10545,1240,2024-05-23 18:00:00,1077.81,1,Home,8.6,Credit Card,West Bengal,Urban,1,1,0,0,1.0,7.4,719,195,0.2712,3,8,1,0,1,68.7,6,0,1,4.22,843,0.0,0,0,0,0
ORD003452,15683,1368,2024-05-23 19:00:00,2435.96,3,Electronics,32.2,COD,West Bengal,Urban,8,2,0,6,0.25,25.2,756,65,0.086,3,8,1,0,5,149.1,5,0,0,4.03,1780,2435.96,0,0,0,1
ORD003453,14719,1535,2024-05-23 20:00:00,1327.38,1,Footwear,9.8,COD,Delhi,Semi-Urban,6,2,0,4,0.3333,89.8,738,204,0.2764,3,9,5,0,3,266.1,5,0,0,4.32,941,1327.38,0,0,0,1
ORD003454,13835,1383,2024-05-23 21:00:00,2116.15,3,Fashion,13.7,COD,Delhi,Semi-Urban,3,0,0,3,0.0,19.0,764,33,0.0432,2,6,3,1,4,62.5,4,0,0,3.95,1067,2116.15,1,0,0,1
ORD003455,10593,1430,2024-05-23 22:00:00,1581.78,1,Home,30.7,COD,West Bengal,Urban,8,0,1,7,0.0,43.5,748,254,0.3396,2,7,1,0,3,122.5,5,0,0,4.13,1697,1581.78,0,0,1,0
ORD003456,14839,1082,2024-05-23 23:00:00,497.18,1,Fashion,7.2,UPI,West Bengal,Urban,7,0,1,6,0.0,2.1,768,40,0.0521,3,6,1,0,5,220.2,5,0,0,3.99,73,0.0,0,0,1,0
ORD003457,17394,1696,2024-05-24 00:00:00,784.5,1,Home,9.3,UPI,West Bengal,Rural,5,0,1,4,0.0,13.5,716,20,0.0279,3,6,5,1,3,104.2,4,0,0,4.52,1314,0.0,0,0,1,0
ORD003458,15864,1610,2024-05-24 01:00:00,1065.44,1,Footwear,7.4,Credit Card,Delhi,Urban,7,1,3,3,0.1429,7.8,739,70,0.0947,4,10,4,0,3,149.0,5,0,0,3.67,1523,0.0,1,0,1,0
ORD003459,13804,1573,2024-05-24 02:00:00,1846.54,2,Footwear,21.9,COD,Bihar,Rural,15,3,0,12,0.2,9.4,771,12,0.0156,1,4,3,0,4,275.9,4,0,0,3.75,435,1846.54,0,0,1,0
ORD003460,11459,1285,2024-05-24 03:00:00,3486.62,2,Footwear,12.4,UPI,Maharashtra,Semi-Urban,4,0,0,4,0.0,47.0,757,71,0.0938,4,5,3,0,1,95.2,4,0,0,3.42,1635,0.0,1,0,1,0
ORD003461,16044,1533,2024-05-24 04:00:00,820.17,2,Home,13.1,Credit Card,Karnataka,Semi-Urban,10,4,0,6,0.4,19.1,765,29,0.0379,1,8,4,0,1,225.8,3,0,0,4.12,1606,0.0,1,0,1,0
ORD003462,13493,1458,2024-05-24 05:00:00,1133.6,3,Beauty,5.1,COD,Maharashtra,Urban,7,0,0,7,0.0,11.4,750,68,0.0907,1,4,2,0,1,131.3,4,0,0,4.42,605,1133.6,0,2,1,0
ORD003463,12601,1211,2024-05-24 06:00:00,1772.15,1,Fashion,20.4,COD,Delhi,Urban,14,1,0,13,0.0714,9.7,730,74,0.1014,2,7,2,0,2,30.8,3,0,0,4.61,1802,1772.15,0,0,0,0
ORD003464,16164,1125,2024-05-24 07:00:00,1059.24,1,Beauty,18.0,UPI,Bihar,Urban,6,1,0,5,0.1667,1.7,781,147,0.1882,1,4,3,0,6,246.0,6,0,0,4.32,297,0.0,1,0,0,0
ORD003465,16697,1412,2024-05-24 08:00:00,2940.86,1,Beauty,14.1,UPI,Delhi,Urban,9,1,0,8,0.1111,55.9,810,63,0.0778,2,11,5,0,3,314.1,6,0,0,4.21,446,0.0,0,0,0,0
ORD003466,12444,1498,2024-05-24 09:00:00,488.49,1,Electronics,32.5,COD,West Bengal,Urban,10,0,2,8,0.0,10.6,773,80,0.1035,1,7,1,0,2,46.5,5,0,0,4.36,906,488.49,0,0,0,0
ORD003467,12672,1424,2024-05-24 10:00:00,1647.17,1,Fashion,10.7,COD,Karnataka,Urban,14,7,0,7,0.5,23.4,779,241,0.3094,4,6,3,0,4,74.9,2,0,0,3.89,540,1647.17,0,0,0,0
ORD003468,14200,1553,2024-05-24 11:00:00,1637.5,1,Home,24.5,COD,Maharashtra,Urban,8,1,0,7,0.125,21.9,719,32,0.0445,0,4,5,0,3,127.4,6,0,0,4.43,1426,1637.5,1,0,0,1
ORD003469,16335,1609,2024-05-24 12:00:00,2189.05,1,Electronics,10.2,UPI,Delhi,Urban,14,1,5,8,0.0714,15.3,793,168,0.2119,2,12,1,0,5,91.8,4,0,0,3.43,1099,0.0,1,0,0,0
ORD003470,10016,1542,2024-05-24 13:00:00,1138.23,1,Electronics,14.8,UPI,Bihar,Urban,8,1,2,5,0.125,40.7,751,20,0.0266,2,5,4,0,2,172.4,3,0,0,4.39,789,0.0,0,0,0,0
ORD003471,13191,1157,2024-05-24 14:00:00,1872.28,1,Footwear,12.9,COD,West Bengal,Semi-Urban,9,0,2,7,0.0,9.3,784,98,0.125,3,6,3,0,1,84.3,1,0,0,3.58,1303,1872.28,0,0,0,0
ORD003472,10392,1111,2024-05-24 15:00:00,944.37,2,Home,26.3,UPI,Bihar,Semi-Urban,8,0,1,7,0.0,18.3,796,182,0.2286,2,10,4,0,3,188.6,5,0,0,3.93,1006,0.0,0,0,0,0
ORD003473,10424,1401,2024-05-24 16:00:00,678.01,2,Beauty,30.3,UPI,Karnataka,Rural,9,3,0,6,0.3333,7.6,773,99,0.1281,1,6,6,0,1,100.0,3,0,0,4.34,1415,0.0,0,1,0,0
ORD003474,16272,1758,2024-05-24 17:00:00,621.22,2,Beauty,15.8,COD,Bihar,Urban,10,0,0,10,0.0,46.2,753,155,0.2058,1,6,1,0,3,303.4,4,0,0,4.07,67,621.22,0,1,0,0
ORD003475,17297,1121,2024-05-24 18:00:00,461.81,2,Beauty,5.2,COD,Bihar,Semi-Urban,9,2,0,7,0.2222,24.2,746,67,0.0898,1,5,4,0,2,262.8,5,0,1,4.17,1612,461.81,2,0,0,1
ORD003476,10571,1272,2024-05-24 19:00:00,841.5,1,Footwear,26.2,COD,West Bengal,Semi-Urban,4,2,0,2,0.5,11.4,761,63,0.0828,1,5,2,0,1,178.8,3,0,0,4.18,294,841.5,0,1,0,1
ORD003477,13631,1293,2024-05-24 20:00:00,1321.99,1,Beauty,4.5,UPI,Bihar,Semi-Urban,7,0,0,7,0.0,0.3,737,54,0.0733,0,4,2,0,3,183.9,4,0,0,3.85,720,0.0,0,0,0,1
ORD003478,16172,1397,2024-05-24 21:00:00,967.89,1,Fashion,18.3,COD,West Bengal,Urban,8,0,1,7,0.0,24.9,731,30,0.041,2,6,4,0,3,123.3,4,0,0,4.49,728,967.89,0,1,0,1
ORD003479,11120,1470,2024-05-24 22:00:00,1234.94,2,Beauty,6.5,UPI,Karnataka,Semi-Urban,9,0,1,8,0.0,31.8,785,157,0.2,4,10,2,0,3,165.1,3,0,0,3.1,1572,0.0,0,0,1,0
ORD003480,17177,1206,2024-05-24 23:00:00,2300.6,2,Beauty,23.9,COD,Delhi,Urban,14,2,0,12,0.1429,23.1,734,136,0.1853,3,6,1,0,2,160.9,3,0,0,3.49,1517,2300.6,0,0,1,0
ORD003481,10241,1109,2024-05-25 00:00:00,803.93,1,Fashion,6.9,Credit Card,West Bengal,Urban,10,1,2,7,0.1,108.0,756,99,0.131,2,7,2,0,2,410.6,3,1,0,3.99,228,0.0,0,0,1,0
ORD003482,13897,1439,2024-05-25 01:00:00,4465.69,1,Footwear,27.1,COD,Delhi,Urban,7,0,0,7,0.0,3.1,733,49,0.0668,3,13,3,0,3,61.4,4,1,0,3.94,1253,4465.69,1,0,1,0
ORD003483,14095,1277,2024-05-25 02:00:00,1725.28,4,Electronics,4.8,Wallet,Maharashtra,Urban,11,0,2,9,0.0,8.7,762,60,0.0787,0,3,2,0,3,271.9,4,1,0,3.88,757,0.0,1,1,1,0
ORD003484,12279,1567,2024-05-25 03:00:00,974.42,1,Home,10.3,COD,Bihar,Semi-Urban,9,1,1,7,0.1111,13.7,745,176,0.2362,3,5,3,0,4,41.8,3,1,0,4.19,245,974.42,0,0,1,0
ORD003485,10788,1568,2024-05-25 04:00:00,961.25,2,Footwear,23.3,COD,Delhi,Semi-Urban,11,0,1,10,0.0,12.4,746,89,0.1193,0,8,2,0,3,199.1,6,1,0,3.85,1290,961.25,0,0,1,0
ORD003486,17451,1481,2024-05-25 05:00:00,598.92,1,Beauty,23.5,COD,Bihar,Semi-Urban,8,1,0,7,0.125,33.9,792,205,0.2588,3,4,1,0,3,208.3,5,1,0,3.85,1388,598.92,0,0,1,0
ORD003487,10714,1113,2024-05-25 06:00:00,1079.84,1,Electronics,8.8,Debit Card,West Bengal,Urban,11,0,2,9,0.0,3.5,740,142,0.1919,4,9,2,0,1,131.1,4,1,0,2.99,1462,0.0,0,0,0,1
ORD003488,14854,1476,2024-05-25 07:00:00,299.78,2,Home,25.1,Credit Card,Bihar,Semi-Urban,8,0,1,7,0.0,1.8,744,214,0.2876,3,6,2,0,5,183.1,3,1,0,3.63,13,0.0,0,0,0,0
ORD003489,12849,1709,2024-05-25 08:00:00,2329.62,2,Home,21.0,COD,Karnataka,Urban,12,3,1,8,0.25,0.8,792,140,0.1768,3,9,1,0,1,106.4,4,1,0,4.17,1769,2329.62,0,0,0,0
ORD003490,10775,1320,2024-05-25 09:00:00,202.36,2,Home,29.4,UPI,Delhi,Urban,12,3,0,9,0.25,29.2,717,41,0.0572,0,4,2,0,3,183.5,3,1,0,3.76,1092,0.0,0,0,0,0
ORD003491,14026,1178,2024-05-25 10:00:00,1124.45,1,Fashion,9.4,UPI,Bihar,Semi-Urban,12,1,0,11,0.0833,39.2,768,32,0.0417,1,3,5,0,2,222.6,6,1,0,4.47,203,0.0,0,0,0,0
ORD003492,16869,1218,2024-05-25 11:00:00,552.03,1,Fashion,3.5,COD,Delhi,Semi-Urban,10,3,0,7,0.3,16.2,760,164,0.2158,2,11,3,0,2,65.4,3,1,0,4.14,1508,552.03,0,0,0,0
ORD003493,12247,1788,2024-05-25 12:00:00,720.03,2,Electronics,8.3,COD,Delhi,Semi-Urban,13,0,3,10,0.0,11.9,708,23,0.0325,2,6,4,0,1,386.3,3,1,0,3.51,878,720.03,1,0,0,1
ORD003494,17088,1527,2024-05-25 13:00:00,777.99,1,Beauty,6.6,COD,Karnataka,Urban,10,1,2,7,0.1,4.9,752,75,0.0997,3,7,6,0,4,44.9,4,1,0,4.16,1885,777.99,0,0,0,0
ORD003495,10078,1491,2024-05-25 14:00:00,3482.05,1,Electronics,11.5,Credit Card,West Bengal,Rural,7,1,0,6,0.1429,16.2,697,105,0.1506,1,6,1,0,3,26.0,3,1,0,4.29,368,0.0,0,0,0,1
ORD003496,17099,1060,2024-05-25 15:00:00,565.69,3,Beauty,13.5,COD,Bihar,Rural,8,0,0,8,0.0,2.8,736,7,0.0095,1,7,1,0,5,451.3,2,1,0,4.71,613,565.69,0,0,0,1
ORD003497,13926,1053,2024-05-25 16:00:00,1898.0,1,Footwear,9.0,COD,Maharashtra,Urban,8,3,1,4,0.375,3.0,790,130,0.1646,6,11,3,0,3,352.1,1,1,0,4.39,486,1898.0,0,0,0,0
ORD003498,10855,1679,2024-05-25 17:00:00,2200.06,1,Home,12.6,COD,Delhi,Rural,9,0,0,9,0.0,14.6,732,58,0.0792,2,10,5,0,2,111.8,1,1,1,4.27,276,2200.06,1,0,0,0
ORD003499,17340,1537,2024-05-25 18:00:00,269.6,2,Home,10.1,Debit Card,West Bengal,Urban,12,2,2,8,0.1667,0.5,736,21,0.0285,3,8,4,0,4,150.0,3,1,0,4.95,615,0.0,0,0,0,0
ORD003500,16610,1064,2024-05-25 19:00:00,758.08,4,Fashion,9.0,COD,Maharashtra,Urban,6,2,1,3,0.3333,31.5,780,120,0.1538,0,5,1,0,4,241.2,6,1,0,4.2,1264,758.08,0,0,0,0
ORD003501,16724,1611,2024-05-25 20:00:00,2672.25,1,Footwear,35.7,COD,Delhi,Rural,3,1,0,2,0.3333,64.9,745,21,0.0282,4,11,5,0,2,89.5,4,1,0,3.62,910,2672.25,1,0,0,0
ORD003502,15535,1585,2024-05-25 21:00:00,498.27,1,Footwear,12.7,UPI,Maharashtra,Urban,12,3,1,8,0.25,9.9,740,38,0.0514,1,6,1,0,3,300.6,4,1,0,4.09,1895,0.0,0,1,0,0
ORD003503,17083,1703,2024-05-25 22:00:00,2250.63,2,Beauty,25.4,UPI,Bihar,Urban,9,0,3,6,0.0,25.9,705,48,0.0681,3,10,5,0,1,143.7,3,1,0,4.5,1533,0.0,0,1,1,0
ORD003504,16592,1170,2024-05-25 23:00:00,1084.94,2,Footwear,17.6,UPI,Bihar,Urban,4,0,0,4,0.0,61.2,794,61,0.0768,2,3,2,0,3,45.8,2,1,0,3.69,989,0.0,1,0,1,0
ORD003505,16230,1272,2024-05-26 00:00:00,1057.16,2,Fashion,6.4,UPI,Delhi,Urban,6,0,1,5,0.0,6.5,779,168,0.2157,0,8,3,0,1,10.3,4,1,1,4.31,86,0.0,0,0,1,0
ORD003506,12148,1698,2024-05-26 01:00:00,1143.32,1,Beauty,12.4,COD,Delhi,Urban,11,0,1,10,0.0,19.6,793,49,0.0618,3,4,3,0,2,177.7,2,1,0,3.69,1357,1143.32,1,0,1,0
ORD003507,11031,1534,2024-05-26 02:00:00,1346.88,1,Electronics,15.3,COD,Bihar,Semi-Urban,10,1,1,8,0.1,21.8,761,69,0.0907,2,6,1,0,3,400.1,3,1,0,5.0,1575,1346.88,0,0,1,0
ORD003508,14940,1390,2024-05-26 03:00:00,618.08,2,Beauty,12.2,UPI,West Bengal,Urban,14,2,0,12,0.1429,44.0,771,31,0.0402,1,10,1,0,3,74.9,2,1,0,4.15,510,0.0,0,0,1,0
ORD003509,13271,1692,2024-05-26 04:00:00,938.0,3,Electronics,6.4,Debit Card,Maharashtra,Urban,10,0,1,9,0.0,23.5,734,11,0.015,2,9,2,0,3,111.8,4,1,0,4.8,1273,0.0,1,0,1,0
ORD003510,13576,1326,2024-05-26 05:00:00,1369.72,3,Beauty,7.1,COD,Delhi,Urban,9,4,1,4,0.4444,38.4,682,39,0.0572,3,18,3,0,4,81.1,3,1,0,4.45,1485,1369.72,0,0,1,0
ORD003511,14182,1107,2024-05-26 06:00:00,1219.42,1,Home,26.2,COD,Delhi,Semi-Urban,7,0,0,7,0.0,8.1,719,78,0.1085,1,8,3,0,3,274.0,4,1,0,3.85,441,1219.42,0,0,0,1
ORD003512,16186,1161,2024-05-26 07:00:00,1352.26,1,Electronics,14.4,COD,Karnataka,Semi-Urban,8,1,0,7,0.125,29.9,771,31,0.0402,2,6,4,0,6,10.9,5,1,0,4.53,1807,1352.26,0,0,0,0
ORD003513,13456,1451,2024-05-26 08:00:00,712.51,1,Fashion,12.9,Credit Card,Maharashtra,Semi-Urban,6,0,2,4,0.0,17.6,782,148,0.1893,2,9,5,0,1,120.8,4,1,0,4.11,860,0.0,1,1,0,0
ORD003514,17788,1205,2024-05-26 09:00:00,1602.6,4,Electronics,16.9,COD,Bihar,Urban,13,2,1,10,0.1538,20.4,736,87,0.1182,3,10,8,0,3,63.9,4,1,0,4.4,400,1602.6,0,1,0,0
ORD003515,13506,1589,2024-05-26 10:00:00,1183.09,2,Electronics,21.7,UPI,Delhi,Urban,9,1,1,7,0.1111,29.9,759,98,0.1291,0,3,4,0,2,213.7,5,1,0,4.79,1083,0.0,1,0,0,0
ORD003516,10407,1015,2024-05-26 11:00:00,424.78,1,Beauty,9.3,COD,Delhi,Semi-Urban,10,0,0,10,0.0,42.3,763,87,0.114,0,6,3,0,3,76.1,1,1,0,3.85,518,424.78,2,0,0,0
ORD003517,17650,1326,2024-05-26 12:00:00,797.26,1,Home,26.7,COD,Bihar,Urban,10,2,1,7,0.2,6.5,759,51,0.0672,3,11,2,0,2,44.9,3,1,0,3.82,189,797.26,0,0,0,0
ORD003518,12711,1607,2024-05-26 13:00:00,640.79,1,Beauty,38.9,Debit Card,Maharashtra,Semi-Urban,8,0,1,7,0.0,7.2,776,173,0.2229,0,5,1,0,6,281.6,5,1,0,3.7,1157,0.0,0,1,0,0
ORD003519,13088,1658,2024-05-26 14:00:00,635.86,1,Beauty,19.1,Credit Card,West Bengal,Urban,7,1,0,6,0.1429,172.3,747,116,0.1553,3,10,4,0,2,183.5,4,1,0,4.31,1929,0.0,0,0,0,0
ORD003520,11668,1001,2024-05-26 15:00:00,823.95,2,Home,2.1,UPI,Bihar,Urban,11,5,1,5,0.4545,1.5,791,164,0.2073,2,7,2,0,3,127.0,3,1,0,3.51,1328,0.0,0,0,0,0
ORD003521,10147,1009,2024-05-26 16:00:00,1584.59,2,Beauty,32.3,COD,West Bengal,Urban,8,2,0,6,0.25,2.9,713,87,0.122,2,8,4,0,3,170.9,7,1,0,4.02,680,1584.59,0,1,0,0
ORD003522,16420,1433,2024-05-26 17:00:00,752.89,1,Home,25.6,COD,Delhi,Urban,13,0,1,12,0.0,18.0,772,175,0.2267,3,10,4,0,2,223.8,4,1,0,3.52,320,752.89,0,0,0,0
ORD003523,14327,1124,2024-05-26 18:00:00,1255.18,1,Fashion,1.1,COD,West Bengal,Urban,7,0,0,7,0.0,19.8,794,104,0.131,2,11,3,0,4,229.5,2,1,0,4.08,1337,1255.18,0,0,0,0
ORD003524,13897,1080,2024-05-26 19:00:00,1137.62,3,Home,11.0,UPI,West Bengal,Urban,5,0,0,5,0.0,31.4,766,126,0.1645,6,13,2,0,2,162.9,3,1,0,3.9,1821,0.0,0,0,0,0
ORD003525,11950,1484,2024-05-26 20:00:00,687.16,1,Footwear,17.0,UPI,Bihar,Rural,10,0,0,10,0.0,61.3,734,70,0.0954,4,14,2,0,5,289.1,4,1,0,3.6,1687,0.0,0,0,0,0
ORD003526,10365,1651,2024-05-26 21:00:00,891.68,1,Home,18.5,COD,Delhi,Rural,6,0,0,6,0.0,62.3,797,19,0.0238,2,8,2,0,6,10.7,3,1,0,3.89,1322,891.68,0,0,0,1
ORD003527,17395,1149,2024-05-26 22:00:00,1842.56,3,Home,15.3,COD,Maharashtra,Semi-Urban,9,1,0,8,0.1111,25.4,720,132,0.1833,6,13,5,0,4,133.3,4,1,0,4.18,1153,1842.56,1,0,1,1
ORD003528,11674,1799,2024-05-26 23:00:00,1199.77,2,Footwear,1.6,UPI,Karnataka,Rural,9,2,2,5,0.2222,35.2,712,67,0.0941,1,3,1,0,2,121.6,3,1,0,4.11,1288,0.0,2,0,1,0
ORD003529,14531,1339,2024-05-27 00:00:00,1524.31,2,Home,4.1,Debit Card,West Bengal,Semi-Urban,3,0,1,2,0.0,26.5,749,50,0.0668,3,8,5,0,3,154.6,4,0,0,4.0,43,0.0,0,0,1,0
ORD003530,14494,1128,2024-05-27 01:00:00,2353.12,1,Electronics,9.2,COD,Delhi,Urban,7,0,1,6,0.0,4.5,801,185,0.231,1,7,2,0,3,339.0,3,0,0,4.58,1261,2353.12,0,2,1,0
ORD003531,15330,1437,2024-05-27 02:00:00,1423.63,1,Beauty,3.7,COD,Karnataka,Semi-Urban,10,5,1,4,0.5,72.3,739,190,0.2571,3,8,4,0,4,97.7,6,0,0,3.68,479,1423.63,1,1,1,1
ORD003532,15510,1750,2024-05-27 03:00:00,346.4,1,Beauty,5.3,UPI,Maharashtra,Urban,10,2,1,7,0.2,46.5,762,201,0.2638,1,6,3,0,3,21.7,5,0,0,3.25,1378,0.0,0,0,1,1
ORD003533,12546,1500,2024-05-27 04:00:00,1289.95,1,Fashion,12.0,COD,Karnataka,Semi-Urban,9,1,0,8,0.1111,2.6,740,71,0.0959,3,9,5,0,2,121.2,6,0,0,4.09,949,1289.95,1,0,1,0
ORD003534,16683,1057,2024-05-27 05:00:00,756.83,2,Fashion,10.0,Credit Card,Maharashtra,Urban,5,0,0,5,0.0,105.7,767,74,0.0965,4,10,3,0,1,202.1,4,0,0,3.73,956,0.0,0,0,1,0
ORD003535,10562,1197,2024-05-27 06:00:00,3249.26,1,Footwear,5.1,Credit Card,Karnataka,Semi-Urban,8,0,0,8,0.0,46.4,754,53,0.0703,1,4,2,0,5,245.8,4,0,0,3.86,1925,0.0,1,0,0,0
ORD003536,13562,1210,2024-05-27 07:00:00,1393.48,2,Electronics,16.6,UPI,Maharashtra,Semi-Urban,9,3,1,5,0.3333,56.2,756,106,0.1402,1,7,2,0,2,77.9,4,0,0,3.72,567,0.0,1,0,0,0
ORD003537,12489,1044,2024-05-27 08:00:00,766.27,1,Fashion,26.3,UPI,West Bengal,Urban,8,1,0,7,0.125,18.4,718,93,0.1295,2,8,2,0,2,142.6,5,0,1,3.85,473,0.0,0,2,0,0
ORD003538,15380,1096,2024-05-27 09:00:00,1540.57,1,Beauty,19.6,Wallet,Karnataka,Rural,8,0,0,8,0.0,59.0,763,49,0.0642,3,10,5,0,2,243.2,4,0,0,4.2,1128,0.0,1,0,0,0
ORD003539,10772,1278,2024-05-27 10:00:00,1158.03,4,Fashion,19.9,UPI,Maharashtra,Rural,8,1,1,6,0.125,10.2,758,25,0.033,2,8,3,0,4,134.4,7,0,0,4.5,536,0.0,0,0,0,0
ORD003540,16493,1534,2024-05-27 11:00:00,391.2,1,Fashion,30.7,UPI,Delhi,Rural,7,0,3,4,0.0,4.3,737,99,0.1343,1,6,5,0,4,130.7,2,0,0,3.86,247,0.0,0,0,0,0
ORD003541,12037,1409,2024-05-27 12:00:00,1840.58,1,Home,1.6,Credit Card,Bihar,Semi-Urban,7,1,1,5,0.1429,1.1,722,28,0.0388,3,6,5,0,3,257.3,2,0,0,4.43,619,0.0,0,0,0,0
ORD003542,13423,1460,2024-05-27 13:00:00,859.78,1,Fashion,15.0,UPI,Karnataka,Semi-Urban,8,1,0,7,0.125,7.6,763,303,0.3971,2,7,3,0,3,58.4,1,0,0,4.19,696,0.0,0,0,0,0
ORD003543,12567,1390,2024-05-27 14:00:00,2571.82,1,Footwear,5.5,COD,Karnataka,Urban,11,0,2,9,0.0,51.2,760,59,0.0776,4,11,2,0,2,167.5,2,0,0,4.02,1809,2571.82,0,0,0,0
ORD003544,15439,1043,2024-05-27 15:00:00,1017.74,1,Beauty,11.0,COD,Karnataka,Urban,10,2,0,8,0.2,25.9,715,29,0.0406,2,8,5,0,2,162.1,5,0,0,4.26,395,1017.74,0,1,0,1
ORD003545,16281,1026,2024-05-27 16:00:00,2600.8,1,Footwear,16.6,COD,Karnataka,Urban,5,0,0,5,0.0,10.7,778,63,0.081,1,11,4,0,4,94.0,2,0,0,4.05,655,2600.8,0,0,0,0
ORD003546,11573,1793,2024-05-27 17:00:00,1415.08,2,Footwear,20.9,COD,Bihar,Urban,11,1,0,10,0.0909,6.4,738,74,0.1003,1,3,4,0,2,79.7,3,0,0,4.06,1933,1415.08,0,0,0,0
ORD003547,13694,1096,2024-05-27 18:00:00,1967.41,2,Electronics,28.1,Credit Card,Karnataka,Urban,11,1,0,10,0.0909,7.4,750,7,0.0093,1,6,3,0,4,116.7,2,0,0,3.72,1617,0.0,0,0,0,0
ORD003548,15087,1547,2024-05-27 19:00:00,816.4,1,Home,16.4,COD,West Bengal,Semi-Urban,6,0,0,6,0.0,28.1,703,41,0.0583,2,4,4,0,2,61.5,2,0,0,3.58,1824,816.4,0,0,0,1
ORD003549,16511,1620,2024-05-27 20:00:00,1355.33,1,Footwear,25.1,UPI,West Bengal,Urban,7,0,0,7,0.0,4.4,769,88,0.1144,0,8,4,0,5,139.6,2,0,0,3.98,664,0.0,1,0,0,0
ORD003550,13291,1566,2024-05-27 21:00:00,389.26,2,Electronics,7.2,COD,Delhi,Urban,7,2,1,4,0.2857,3.6,757,30,0.0396,2,8,5,0,5,153.1,6,0,0,3.07,1810,389.26,0,0,0,0
ORD003551,17504,1703,2024-05-27 22:00:00,1016.15,1,Beauty,2.0,Debit Card,Bihar,Semi-Urban,6,1,0,5,0.1667,25.2,773,148,0.1915,2,8,4,0,1,174.4,3,0,0,3.38,881,0.0,0,0,1,0
ORD003552,11246,1218,2024-05-27 23:00:00,450.02,2,Beauty,27.7,COD,Delhi,Urban,9,2,0,7,0.2222,52.9,728,7,0.0096,1,6,2,0,3,18.7,3,0,0,4.6,212,450.02,0,0,1,0
ORD003553,13719,1184,2024-05-28 00:00:00,552.37,2,Electronics,8.9,UPI,West Bengal,Urban,8,1,0,7,0.125,37.6,740,68,0.0919,4,5,3,1,2,137.6,4,0,0,3.74,252,0.0,0,0,1,0
ORD003554,13839,1068,2024-05-28 01:00:00,642.6,1,Footwear,19.6,UPI,Karnataka,Urban,5,0,2,3,0.0,2.2,785,202,0.2573,1,5,2,1,1,34.0,3,0,0,4.08,218,0.0,0,2,1,0
ORD003555,10359,1129,2024-05-28 02:00:00,1629.87,2,Footwear,4.3,COD,Karnataka,Urban,5,0,2,3,0.0,38.1,764,79,0.1034,2,4,2,0,3,139.0,2,0,0,4.39,424,1629.87,0,0,1,1
ORD003556,15016,1566,2024-05-28 03:00:00,1003.84,3,Home,15.4,Credit Card,Maharashtra,Rural,12,3,0,9,0.25,58.3,754,243,0.3223,0,4,3,0,1,307.0,5,0,0,4.08,482,0.0,0,1,1,1
ORD003557,12376,1608,2024-05-28 04:00:00,1117.51,2,Home,15.1,COD,Bihar,Semi-Urban,8,3,1,4,0.375,29.7,800,83,0.1038,1,3,3,1,2,47.7,6,0,0,3.35,1756,1117.51,0,0,1,1
ORD003558,13009,1598,2024-05-28 05:00:00,987.57,1,Beauty,14.3,COD,Maharashtra,Urban,10,0,2,8,0.0,36.5,730,102,0.1397,1,6,5,1,2,281.4,3,0,0,3.57,928,987.57,0,0,1,1
ORD003559,16606,1630,2024-05-28 06:00:00,2097.35,1,Home,22.5,UPI,Bihar,Urban,5,1,1,3,0.2,52.7,761,96,0.1261,1,4,2,0,1,345.9,5,0,0,4.3,1234,0.0,0,1,0,1
ORD003560,12993,1719,2024-05-28 07:00:00,1099.3,3,Electronics,25.8,COD,Bihar,Urban,9,1,0,8,0.1111,18.8,728,4,0.0055,0,3,1,0,3,255.8,3,0,0,3.9,1743,1099.3,0,0,0,1
ORD003561,10962,1333,2024-05-28 08:00:00,1273.22,1,Beauty,13.5,UPI,Karnataka,Semi-Urban,13,0,2,11,0.0,19.5,760,64,0.0842,0,8,3,0,2,181.4,5,0,0,4.01,1306,0.0,1,1,0,0
ORD003562,13632,1153,2024-05-28 09:00:00,778.87,2,Footwear,18.8,COD,Karnataka,Rural,11,3,1,7,0.2727,23.2,776,100,0.1289,1,4,1,0,4,258.4,4,0,0,3.75,1954,778.87,0,0,0,0
ORD003563,11827,1546,2024-05-28 10:00:00,2185.6,1,Beauty,12.6,COD,Delhi,Urban,7,2,0,5,0.2857,5.8,765,136,0.1778,0,3,3,0,1,159.6,3,0,0,4.99,375,2185.6,1,2,0,0
ORD003564,17549,1078,2024-05-28 11:00:00,2286.17,1,Fashion,8.3,UPI,West Bengal,Semi-Urban,11,0,7,4,0.0,14.1,724,49,0.0677,1,3,3,0,3,400.5,4,0,0,3.93,1844,0.0,0,0,0,0
ORD003565,16979,1578,2024-05-28 12:00:00,1072.63,2,Beauty,4.7,COD,West Bengal,Urban,7,1,2,4,0.1429,18.9,706,67,0.0949,3,6,1,0,4,318.6,6,0,0,4.48,165,1072.63,0,0,0,0
ORD003566,11613,1412,2024-05-28 13:00:00,772.34,2,Home,23.7,COD,Karnataka,Semi-Urban,8,0,0,8,0.0,1.1,721,36,0.0499,1,2,3,0,2,117.6,1,0,0,4.77,1874,772.34,0,0,0,0
ORD003567,11640,1545,2024-05-28 14:00:00,415.89,2,Electronics,23.4,COD,West Bengal,Urban,3,1,0,2,0.3333,16.3,771,78,0.1012,5,10,5,0,2,80.3,3,0,0,4.0,1221,415.89,2,1,0,1
ORD003568,12216,1608,2024-05-28 15:00:00,651.22,3,Footwear,8.7,UPI,Bihar,Urban,10,0,0,10,0.0,25.2,755,116,0.1536,1,9,1,0,1,173.2,3,0,1,4.2,745,0.0,0,0,0,0
ORD003569,14312,1168,2024-05-28 16:00:00,298.79,1,Footwear,10.3,COD,West Bengal,Urban,5,1,0,4,0.2,34.7,705,14,0.0199,2,6,2,0,2,100.8,2,0,0,3.84,930,298.79,1,0,0,0
ORD003570,10377,1680,2024-05-28 17:00:00,634.99,1,Home,22.6,Debit Card,Delhi,Urban,8,1,1,6,0.125,1.2,756,142,0.1878,2,6,4,0,4,471.2,2,0,0,3.17,1815,0.0,0,0,0,0
ORD003571,14214,1662,2024-05-28 18:00:00,1358.56,3,Home,15.3,UPI,West Bengal,Semi-Urban,3,0,0,3,0.0,19.8,789,21,0.0266,2,6,4,0,1,105.0,2,0,0,3.97,1625,0.0,0,0,0,1
ORD003572,14285,1582,2024-05-28 19:00:00,1063.97,1,Home,20.8,COD,West Bengal,Rural,5,1,1,3,0.2,35.8,758,21,0.0277,3,8,2,0,2,264.5,6,0,0,4.1,486,1063.97,0,0,0,0
ORD003573,16910,1514,2024-05-28 20:00:00,4420.29,2,Fashion,12.7,UPI,Delhi,Urban,4,1,0,3,0.25,5.1,742,228,0.3073,4,6,1,0,4,94.1,6,0,0,4.4,1539,0.0,0,0,0,0
ORD003574,10369,1313,2024-05-28 21:00:00,877.75,1,Electronics,20.9,UPI,Delhi,Urban,13,3,1,9,0.2308,10.4,745,83,0.1114,3,9,5,0,3,122.2,4,0,1,4.27,776,0.0,1,0,0,0
ORD003575,15897,1031,2024-05-28 22:00:00,837.58,1,Fashion,26.7,UPI,Karnataka,Urban,13,3,4,6,0.2308,2.1,726,144,0.1983,1,4,4,0,3,248.5,4,0,0,3.56,1741,0.0,0,0,1,0
ORD003576,12196,1286,2024-05-28 23:00:00,2074.89,1,Home,6.4,Debit Card,Delhi,Urban,14,0,0,14,0.0,12.7,740,97,0.1311,1,5,4,0,4,49.9,5,0,0,4.57,94,0.0,0,0,1,0
ORD003577,13747,1593,2024-05-29 00:00:00,345.1,1,Electronics,15.5,Wallet,Karnataka,Semi-Urban,8,3,1,4,0.375,7.6,784,250,0.3189,0,6,4,0,5,125.6,4,0,0,3.42,1227,0.0,1,0,1,0
ORD003578,10651,1042,2024-05-29 01:00:00,450.76,3,Home,20.8,UPI,Bihar,Urban,17,3,1,13,0.1765,11.0,795,43,0.0541,0,5,3,0,3,77.1,3,0,1,3.75,1818,0.0,1,0,1,0
ORD003579,15978,1616,2024-05-29 02:00:00,1633.21,2,Electronics,20.4,UPI,Maharashtra,Semi-Urban,9,3,4,2,0.3333,5.0,711,184,0.2588,2,7,2,0,2,98.1,3,0,0,4.66,1526,0.0,0,0,1,0
ORD003580,15607,1000,2024-05-29 03:00:00,975.3,2,Footwear,26.7,COD,West Bengal,Semi-Urban,9,0,0,9,0.0,8.0,708,142,0.2006,1,9,2,0,4,183.4,3,0,0,4.68,1042,975.3,0,0,1,0
ORD003581,10769,1572,2024-05-29 04:00:00,988.81,1,Fashion,28.8,COD,Delhi,Urban,10,2,0,8,0.2,12.6,702,31,0.0442,3,8,3,0,3,83.3,2,0,0,4.52,959,988.81,0,0,1,0
ORD003582,12421,1269,2024-05-29 05:00:00,624.97,1,Home,30.4,COD,West Bengal,Semi-Urban,8,0,1,7,0.0,0.4,775,43,0.0555,4,8,4,0,5,88.3,5,0,0,4.14,1846,624.97,1,0,1,0
ORD003583,10780,1179,2024-05-29 06:00:00,1266.31,1,Home,3.2,COD,Bihar,Rural,7,0,1,6,0.0,9.7,756,182,0.2407,2,8,6,0,5,591.1,3,0,0,4.4,798,1266.31,1,0,0,0
ORD003584,11716,1735,2024-05-29 07:00:00,675.32,1,Beauty,37.4,COD,Maharashtra,Urban,9,0,1,8,0.0,4.2,732,97,0.1325,3,5,4,0,2,26.8,2,0,0,4.33,1112,675.32,0,1,0,0
ORD003585,16303,1517,2024-05-29 08:00:00,1145.56,1,Footwear,13.7,Wallet,Delhi,Semi-Urban,14,3,0,11,0.2143,68.2,687,33,0.048,0,4,1,0,1,170.1,5,0,0,3.95,754,0.0,0,0,0,0
ORD003586,16494,1102,2024-05-29 09:00:00,547.25,1,Home,11.6,UPI,Karnataka,Semi-Urban,6,0,1,5,0.0,11.5,730,137,0.1877,0,9,4,0,3,50.5,4,0,0,3.72,1466,0.0,0,0,0,1
ORD003587,13983,1009,2024-05-29 10:00:00,982.95,1,Fashion,5.2,COD,Karnataka,Semi-Urban,9,1,0,8,0.1111,12.5,757,80,0.1057,3,8,3,0,2,336.0,1,0,0,4.05,347,982.95,1,0,0,0
ORD003588,11311,1582,2024-05-29 11:00:00,3695.69,1,Footwear,16.9,COD,Delhi,Urban,8,0,0,8,0.0,54.6,742,57,0.0768,1,6,2,0,3,82.1,5,0,0,3.96,1677,3695.69,0,0,0,0
ORD003589,13359,1089,2024-05-29 12:00:00,849.83,1,Home,14.0,UPI,Delhi,Semi-Urban,7,0,0,7,0.0,42.0,774,101,0.1305,3,7,3,0,2,131.9,5,0,0,4.2,867,0.0,1,0,0,1
ORD003590,17035,1225,2024-05-29 13:00:00,1013.28,1,Fashion,27.3,COD,Bihar,Urban,7,2,0,5,0.2857,1.8,730,35,0.0479,3,6,2,0,3,158.1,4,0,0,4.37,1474,1013.28,0,0,0,1
ORD003591,15345,1669,2024-05-29 14:00:00,971.16,1,Beauty,23.7,COD,Maharashtra,Urban,7,1,1,5,0.1429,1.5,726,77,0.1061,1,2,3,0,4,152.6,3,0,0,3.88,411,971.16,0,0,0,1
ORD003592,10522,1739,2024-05-29 15:00:00,1217.7,1,Beauty,21.6,COD,Delhi,Semi-Urban,8,2,0,6,0.25,46.9,772,45,0.0583,2,13,3,0,2,190.6,4,0,0,3.95,1609,1217.7,0,0,0,0
ORD003593,10521,1125,2024-05-29 16:00:00,1452.28,3,Fashion,1.5,COD,Karnataka,Rural,16,0,0,16,0.0,3.1,757,80,0.1057,3,6,1,0,7,43.5,6,0,0,4.59,966,1452.28,0,0,0,0
ORD003594,14878,1208,2024-05-29 17:00:00,1279.65,1,Footwear,9.6,UPI,Maharashtra,Semi-Urban,5,2,1,2,0.4,15.3,738,288,0.3902,1,4,4,0,2,154.2,2,0,0,4.55,1339,0.0,0,0,0,1
ORD003595,12320,1096,2024-05-29 18:00:00,1296.72,3,Fashion,31.0,COD,Delhi,Rural,5,0,1,4,0.0,4.0,767,9,0.0117,3,9,4,0,4,382.2,2,0,0,4.46,1872,1296.72,0,0,0,1
ORD003596,10935,1073,2024-05-29 19:00:00,983.88,1,Fashion,14.6,COD,Maharashtra,Urban,10,1,1,8,0.1,14.4,780,86,0.1103,2,5,4,0,6,349.9,4,0,0,4.19,1905,983.88,0,0,0,0
ORD003597,17569,1626,2024-05-29 20:00:00,1164.65,3,Beauty,10.1,COD,Bihar,Urban,9,0,0,9,0.0,5.8,722,147,0.2036,3,10,1,0,2,179.4,6,0,0,4.53,476,1164.65,0,1,0,0
ORD003598,12230,1190,2024-05-29 21:00:00,964.52,1,Beauty,20.0,COD,Delhi,Urban,5,1,0,4,0.2,25.3,781,67,0.0858,2,6,4,0,1,136.5,1,0,0,4.28,465,964.52,0,0,0,1
ORD003599,14040,1681,2024-05-29 22:00:00,369.66,2,Beauty,9.4,Credit Card,Delhi,Urban,8,0,0,8,0.0,2.2,692,74,0.1069,2,4,3,0,2,249.9,6,0,0,4.07,1771,0.0,1,0,1,0
ORD003600,15784,1715,2024-05-29 23:00:00,5315.43,1,Home,27.5,UPI,Maharashtra,Semi-Urban,10,1,1,8,0.1,27.9,750,56,0.0747,2,8,1,0,3,70.8,3,0,0,3.54,723,0.0,0,0,1,0
ORD003601,14583,1055,2024-05-30 00:00:00,1697.49,2,Home,13.0,UPI,Delhi,Urban,9,2,2,5,0.2222,18.7,732,15,0.0205,4,9,4,0,2,285.8,6,0,0,4.46,370,0.0,0,0,1,1
ORD003602,15946,1719,2024-05-30 01:00:00,609.36,1,Electronics,20.8,UPI,Maharashtra,Urban,12,2,0,10,0.1667,23.3,734,159,0.2166,3,10,3,0,3,398.4,2,0,0,3.77,1684,0.0,1,0,1,0
ORD003603,14941,1552,2024-05-30 02:00:00,1258.95,1,Home,15.3,COD,Maharashtra,Semi-Urban,13,0,0,13,0.0,10.8,773,77,0.0996,2,6,1,0,4,350.6,1,0,0,3.63,1907,1258.95,0,1,1,1
ORD003604,16267,1031,2024-05-30 03:00:00,488.98,2,Footwear,12.4,COD,Delhi,Urban,10,2,1,7,0.2,67.7,769,85,0.1105,1,4,3,0,6,93.1,3,0,0,3.45,994,488.98,1,0,1,0
ORD003605,17128,1526,2024-05-30 04:00:00,815.24,1,Footwear,30.2,Credit Card,Karnataka,Urban,14,0,4,10,0.0,2.7,760,108,0.1421,0,8,3,1,5,125.9,4,0,0,4.27,652,0.0,0,1,1,0
ORD003606,13697,1573,2024-05-30 05:00:00,450.7,3,Beauty,13.6,Credit Card,Bihar,Rural,9,1,0,8,0.1111,56.4,779,57,0.0732,2,4,2,0,5,28.2,2,0,0,4.0,957,0.0,0,0,1,0
ORD003607,12837,1666,2024-05-30 06:00:00,1063.47,1,Fashion,27.5,COD,Maharashtra,Semi-Urban,9,1,0,8,0.1111,19.9,721,137,0.19,2,7,4,0,3,186.5,4,0,0,3.91,1021,1063.47,1,0,0,0
ORD003608,14083,1283,2024-05-30 07:00:00,424.62,1,Beauty,7.7,Debit Card,Karnataka,Semi-Urban,12,3,1,8,0.25,46.9,762,159,0.2087,0,6,3,0,3,157.1,4,0,0,4.42,49,0.0,0,0,0,0
ORD003609,12461,1720,2024-05-30 08:00:00,1384.44,2,Fashion,20.0,Debit Card,Maharashtra,Semi-Urban,9,0,0,9,0.0,40.7,776,128,0.1649,3,7,6,1,2,101.1,4,0,1,3.82,1738,0.0,1,0,0,0
ORD003610,16099,1493,2024-05-30 09:00:00,1651.32,1,Beauty,12.8,Credit Card,Karnataka,Urban,5,0,0,5,0.0,7.0,735,248,0.3374,2,8,3,0,3,100.0,2,0,0,4.0,541,0.0,0,1,0,0
ORD003611,15844,1186,2024-05-30 10:00:00,667.68,1,Beauty,23.3,COD,Delhi,Urban,9,1,0,8,0.1111,6.1,749,18,0.024,3,7,2,0,2,154.0,4,0,0,4.18,1298,667.68,0,0,0,0
ORD003612,13243,1497,2024-05-30 11:00:00,1207.78,2,Footwear,15.6,Credit Card,Bihar,Urban,10,2,0,8,0.2,17.1,716,204,0.2849,1,4,4,0,2,189.1,6,0,0,4.22,1598,0.0,0,1,0,0
ORD003613,13359,1441,2024-05-30 12:00:00,646.79,2,Fashion,5.0,UPI,Karnataka,Semi-Urban,11,0,2,9,0.0,31.0,740,58,0.0784,3,8,3,0,2,159.5,3,0,0,4.17,649,0.0,0,0,0,0
ORD003614,17602,1129,2024-05-30 13:00:00,1490.76,3,Electronics,27.8,COD,West Bengal,Urban,8,1,0,7,0.125,10.4,741,76,0.1026,2,8,4,0,2,56.1,1,0,0,4.24,1986,1490.76,0,0,0,1
ORD003615,10685,1638,2024-05-30 14:00:00,725.48,1,Electronics,10.8,Credit Card,Maharashtra,Semi-Urban,10,1,0,9,0.1,55.8,758,108,0.1425,2,5,2,0,3,149.2,2,0,0,5.0,1593,0.0,1,0,0,1
ORD003616,12160,1291,2024-05-30 15:00:00,1760.55,1,Beauty,12.9,COD,Karnataka,Urban,11,0,0,11,0.0,10.4,791,127,0.1606,1,5,2,1,2,629.1,5,0,1,4.19,1984,1760.55,0,0,0,1
ORD003617,17031,1113,2024-05-30 16:00:00,369.83,1,Beauty,12.1,COD,Bihar,Semi-Urban,7,1,0,6,0.1429,1.1,760,16,0.0211,2,8,3,0,1,95.9,4,0,0,3.68,1553,369.83,0,0,0,0
ORD003618,13988,1198,2024-05-30 17:00:00,600.05,1,Footwear,19.9,Credit Card,Bihar,Urban,11,1,1,9,0.0909,33.5,733,45,0.0614,0,5,3,0,3,61.2,2,0,0,3.73,1893,0.0,0,0,0,0
ORD003619,14066,1012,2024-05-30 18:00:00,563.81,2,Fashion,34.5,Credit Card,Bihar,Semi-Urban,6,0,0,6,0.0,4.5,771,164,0.2127,2,5,4,0,5,85.0,3,0,0,4.05,438,0.0,0,0,0,0
ORD003620,16265,1270,2024-05-30 19:00:00,1238.94,1,Beauty,4.7,Credit Card,Karnataka,Semi-Urban,8,1,0,7,0.125,62.3,782,122,0.156,3,4,6,0,2,169.5,3,0,0,3.61,711,0.0,0,0,0,0
ORD003621,11567,1600,2024-05-30 20:00:00,1530.05,1,Electronics,23.7,Credit Card,Karnataka,Semi-Urban,6,0,0,6,0.0,26.7,762,64,0.084,2,4,3,0,4,309.8,5,0,0,4.72,268,0.0,0,0,0,0
ORD003622,15341,1214,2024-05-30 21:00:00,1297.74,1,Fashion,20.3,UPI,Delhi,Semi-Urban,14,0,1,13,0.0,9.0,727,171,0.2352,1,2,3,0,1,90.5,6,0,0,3.76,521,0.0,0,0,0,0
ORD003623,17798,1443,2024-05-30 22:00:00,808.04,2,Beauty,7.4,UPI,West Bengal,Urban,10,1,3,6,0.1,14.1,693,88,0.127,0,7,2,0,1,286.0,3,0,0,4.08,199,0.0,0,0,1,0
ORD003624,10038,1789,2024-05-30 23:00:00,204.99,3,Fashion,4.5,Debit Card,Karnataka,Semi-Urban,7,0,0,7,0.0,13.5,735,89,0.1211,2,7,4,0,5,125.2,3,0,0,3.8,1926,0.0,0,0,1,0
ORD003625,12544,1511,2024-05-31 00:00:00,1122.4,2,Footwear,21.0,COD,Delhi,Urban,9,0,1,8,0.0,19.9,744,147,0.1976,0,5,3,1,1,90.0,6,0,0,3.33,865,1122.4,0,0,1,0
ORD003626,14875,1446,2024-05-31 01:00:00,1759.58,1,Electronics,8.1,Credit Card,Maharashtra,Urban,8,2,0,6,0.25,6.3,717,213,0.2971,3,9,2,0,5,279.2,6,0,0,3.77,762,0.0,0,0,1,1
ORD003627,11256,1714,2024-05-31 02:00:00,5476.96,2,Fashion,19.4,UPI,West Bengal,Semi-Urban,16,4,5,7,0.25,2.9,709,11,0.0155,3,8,2,0,4,166.7,6,0,0,4.54,1907,0.0,0,0,1,0
ORD003628,12990,1073,2024-05-31 03:00:00,850.11,2,Electronics,12.6,Wallet,Bihar,Rural,10,0,3,7,0.0,23.3,789,19,0.0241,3,9,3,0,1,81.1,4,0,0,4.28,1033,0.0,0,0,1,0
ORD003629,17697,1536,2024-05-31 04:00:00,735.69,1,Beauty,7.4,UPI,West Bengal,Urban,8,0,0,8,0.0,21.9,775,100,0.129,4,11,2,0,3,23.3,4,0,0,4.34,1690,0.0,1,0,1,0
ORD003630,12196,1100,2024-05-31 05:00:00,1328.96,1,Home,8.4,COD,Maharashtra,Semi-Urban,4,0,0,4,0.0,11.6,731,73,0.0999,3,6,2,0,7,176.1,2,0,0,4.47,1284,1328.96,0,0,1,0
ORD003631,13468,1175,2024-05-31 06:00:00,940.4,1,Fashion,19.9,Credit Card,Karnataka,Semi-Urban,7,1,0,6,0.1429,52.3,770,56,0.0727,0,6,2,0,3,201.9,4,0,0,4.38,1245,0.0,0,1,0,1
ORD003632,17165,1426,2024-05-31 07:00:00,2357.19,1,Electronics,9.1,UPI,Karnataka,Rural,7,2,0,5,0.2857,36.2,760,139,0.1829,3,6,3,0,4,64.6,3,0,0,4.11,350,0.0,0,0,0,0
ORD003633,12708,1116,2024-05-31 08:00:00,675.25,2,Fashion,10.9,COD,Delhi,Semi-Urban,20,1,3,16,0.05,6.0,775,91,0.1174,2,7,1,0,2,267.1,2,0,0,4.8,909,675.25,0,0,0,0
ORD003634,17805,1165,2024-05-31 09:00:00,944.53,1,Beauty,16.8,COD,Karnataka,Semi-Urban,7,0,0,7,0.0,19.7,783,61,0.0779,0,6,1,0,3,111.5,2,0,0,4.17,1210,944.53,0,0,0,0
ORD003635,16023,1040,2024-05-31 10:00:00,1855.16,1,Beauty,34.1,UPI,Karnataka,Urban,6,2,0,4,0.3333,2.9,750,43,0.0573,3,10,5,0,6,41.4,2,0,0,4.51,1720,0.0,0,0,0,1
ORD003636,10301,1428,2024-05-31 11:00:00,1319.51,3,Electronics,10.9,COD,West Bengal,Urban,7,0,0,7,0.0,8.5,751,76,0.1012,4,8,3,0,1,387.5,4,0,0,4.14,1083,1319.51,0,0,0,0
ORD003637,17527,1343,2024-05-31 12:00:00,2201.13,2,Footwear,27.7,Credit Card,Maharashtra,Urban,6,4,0,2,0.6667,61.6,787,66,0.0839,3,9,3,0,6,143.7,4,0,0,3.49,1437,0.0,0,1,0,1
ORD003638,16381,1423,2024-05-31 13:00:00,843.92,2,Fashion,31.2,COD,Bihar,Rural,6,1,0,5,0.1667,55.8,736,22,0.0299,4,9,4,0,2,163.8,1,0,0,3.75,371,843.92,0,0,0,0
ORD003639,10646,1365,2024-05-31 14:00:00,2340.15,1,Fashion,12.0,UPI,Bihar,Urban,9,5,2,2,0.5556,8.1,758,166,0.219,1,5,2,0,3,32.4,4,0,0,4.12,97,0.0,0,0,0,0
ORD003640,14758,1119,2024-05-31 15:00:00,404.11,1,Beauty,19.2,COD,Delhi,Urban,13,1,1,11,0.0769,8.4,757,186,0.2457,0,8,3,0,1,235.0,5,0,0,3.72,927,404.11,0,0,0,0
ORD003641,16379,1608,2024-05-31 16:00:00,413.94,1,Fashion,1.6,COD,Maharashtra,Rural,5,0,1,4,0.0,77.3,753,53,0.0704,3,7,3,0,3,335.2,2,0,0,4.5,1987,413.94,0,0,0,0
ORD003642,11759,1656,2024-05-31 17:00:00,2362.38,1,Electronics,19.8,COD,West Bengal,Semi-Urban,10,0,0,10,0.0,18.5,707,69,0.0976,2,9,4,0,2,41.9,3,0,1,4.01,701,2362.38,1,0,0,1
ORD003643,16346,1727,2024-05-31 18:00:00,1101.48,1,Home,4.7,COD,Bihar,Semi-Urban,8,3,0,5,0.375,71.5,786,176,0.2239,1,5,3,0,3,120.3,4,0,0,3.19,1604,1101.48,0,0,0,0
ORD003644,14351,1228,2024-05-31 19:00:00,1905.48,1,Beauty,17.5,UPI,Delhi,Urban,11,3,0,8,0.2727,12.2,733,214,0.292,1,8,2,1,2,89.5,4,0,0,4.53,1822,0.0,0,0,0,0
ORD003645,10597,1129,2024-05-31 20:00:00,1164.08,1,Home,19.5,UPI,Karnataka,Urban,7,0,1,6,0.0,25.8,711,204,0.2869,3,8,3,0,3,37.1,5,0,0,4.27,43,0.0,0,0,0,0
ORD003646,10661,1351,2024-05-31 21:00:00,1092.01,1,Fashion,4.9,Credit Card,Karnataka,Urban,11,2,0,9,0.1818,40.4,745,44,0.0591,1,5,3,0,2,74.1,4,0,0,3.16,605,0.0,0,1,0,1
ORD003647,14330,1317,2024-05-31 22:00:00,494.32,1,Footwear,32.1,UPI,West Bengal,Semi-Urban,5,1,0,4,0.2,7.8,730,62,0.0849,4,6,1,0,3,245.5,4,0,0,3.91,1007,0.0,0,1,1,0
ORD003648,11368,1648,2024-05-31 23:00:00,1079.11,2,Electronics,7.8,UPI,Bihar,Urban,5,0,0,5,0.0,29.6,724,47,0.0649,3,10,1,0,6,37.2,1,0,0,4.38,1527,0.0,0,0,1,0
ORD003649,12581,1336,2024-06-01 00:00:00,2482.36,2,Fashion,44.9,COD,Karnataka,Urban,9,1,0,8,0.1111,0.8,706,32,0.0453,5,12,2,0,5,74.1,5,1,0,4.01,1607,2482.36,1,0,1,1
ORD003650,17003,1272,2024-06-01 01:00:00,1134.56,1,Electronics,3.8,COD,Delhi,Semi-Urban,7,0,0,7,0.0,1.9,768,204,0.2656,2,9,4,0,4,321.2,6,1,0,4.2,1155,1134.56,0,0,1,1
ORD003651,13868,1116,2024-06-01 02:00:00,1651.18,1,Fashion,8.3,COD,Delhi,Urban,11,1,1,9,0.0909,7.5,782,84,0.1074,0,2,2,0,3,567.1,2,1,0,4.12,994,1651.18,0,0,1,1
ORD003652,17948,1367,2024-06-01 03:00:00,1623.96,1,Fashion,12.0,COD,Bihar,Semi-Urban,10,4,0,6,0.4,13.3,726,144,0.1983,1,11,1,0,1,63.2,7,1,0,3.96,1258,1623.96,0,0,1,0
ORD003653,13537,1093,2024-06-01 04:00:00,597.27,1,Fashion,19.7,COD,West Bengal,Semi-Urban,11,3,0,8,0.2727,11.7,714,46,0.0644,4,11,1,0,4,126.2,1,1,0,3.96,1969,597.27,0,0,1,0
ORD003654,14865,1167,2024-06-01 05:00:00,1834.04,1,Beauty,18.3,COD,Delhi,Semi-Urban,8,1,1,6,0.125,16.3,735,90,0.1224,2,7,2,0,3,434.1,7,1,0,4.31,73,1834.04,1,0,1,0
ORD003655,16684,1714,2024-06-01 06:00:00,908.47,3,Home,13.6,Credit Card,Maharashtra,Rural,6,0,0,6,0.0,39.5,707,53,0.075,1,5,2,0,4,133.7,3,1,0,4.42,662,0.0,0,2,0,1
ORD003656,14308,1340,2024-06-01 07:00:00,938.43,4,Footwear,20.8,UPI,Delhi,Urban,7,0,0,7,0.0,36.7,742,16,0.0216,1,7,2,0,2,233.4,4,1,0,3.6,75,0.0,0,0,0,0
ORD003657,14558,1660,2024-06-01 08:00:00,3860.75,2,Home,24.3,Wallet,West Bengal,Urban,8,1,1,6,0.125,19.9,758,66,0.0871,2,11,5,0,5,387.9,3,1,0,4.42,627,0.0,0,0,0,0
ORD003658,16579,1694,2024-06-01 09:00:00,1569.3,3,Home,19.9,Debit Card,Delhi,Urban,9,0,0,9,0.0,3.8,738,20,0.0271,2,10,2,0,3,176.2,3,1,0,4.28,312,0.0,0,0,0,0
ORD003659,10282,1151,2024-06-01 10:00:00,747.62,2,Electronics,9.9,Wallet,Karnataka,Urban,11,3,1,7,0.2727,26.0,768,15,0.0195,0,4,4,0,2,212.0,3,1,0,4.36,1462,0.0,0,0,0,0
ORD003660,17729,1585,2024-06-01 11:00:00,1139.93,1,Beauty,21.7,COD,West Bengal,Rural,8,0,0,8,0.0,54.0,740,52,0.0703,3,9,1,0,4,180.5,7,1,0,4.34,1035,1139.93,1,0,0,0
ORD003661,13678,1273,2024-06-01 12:00:00,1120.99,4,Beauty,20.4,COD,Karnataka,Rural,10,2,0,8,0.2,15.9,735,165,0.2245,0,2,3,0,2,84.3,2,1,0,3.91,1143,1120.99,0,0,0,1
ORD003662,11486,1553,2024-06-01 13:00:00,3015.91,1,Fashion,6.0,COD,Karnataka,Rural,7,0,1,6,0.0,4.7,734,71,0.0967,2,9,6,0,3,183.8,3,1,0,3.89,1380,3015.91,2,0,0,0
ORD003663,14082,1495,2024-06-01 14:00:00,1122.91,2,Home,9.2,Wallet,Bihar,Urban,9,3,0,6,0.3333,8.0,731,53,0.0725,2,7,2,1,5,321.5,2,1,0,4.34,1270,0.0,0,0,0,1
ORD003664,15526,1723,2024-06-01 15:00:00,4124.91,1,Footwear,22.3,COD,West Bengal,Semi-Urban,16,1,0,15,0.0625,24.7,743,193,0.2598,2,8,3,0,2,118.2,3,1,0,4.19,1475,4124.91,0,0,0,0
ORD003665,14183,1100,2024-06-01 16:00:00,503.69,1,Electronics,32.7,COD,Karnataka,Semi-Urban,7,0,0,7,0.0,26.3,762,75,0.0984,2,7,2,0,2,333.9,5,1,0,3.93,349,503.69,0,0,0,0
ORD003666,15163,1556,2024-06-01 17:00:00,1075.55,2,Beauty,4.5,COD,Bihar,Urban,9,2,1,6,0.2222,3.2,735,105,0.1429,2,9,1,0,4,84.0,3,1,0,3.94,1046,1075.55,2,0,0,0
ORD003667,10460,1081,2024-06-01 18:00:00,693.87,1,Fashion,12.0,COD,Bihar,Urban,7,1,1,5,0.1429,30.8,725,60,0.0828,4,9,9,0,4,96.9,3,1,0,4.17,171,693.87,1,0,0,1
ORD003668,12325,1528,2024-06-01 19:00:00,814.93,1,Footwear,11.7,UPI,Karnataka,Urban,8,3,0,5,0.375,86.8,769,137,0.1782,4,8,1,0,3,84.2,2,1,0,4.09,166,0.0,0,0,0,0
ORD003669,13754,1072,2024-06-01 20:00:00,825.61,1,Home,8.0,UPI,Karnataka,Urban,7,0,0,7,0.0,7.2,754,38,0.0504,0,5,2,0,3,193.0,4,1,0,3.81,1505,0.0,0,1,0,0
ORD003670,12468,1013,2024-06-01 21:00:00,715.67,1,Footwear,16.0,UPI,Maharashtra,Urban,10,0,0,10,0.0,0.3,743,165,0.2221,2,8,4,0,3,83.8,5,1,1,4.6,1636,0.0,0,0,0,0
ORD003671,11724,1432,2024-06-01 22:00:00,3096.73,4,Beauty,24.4,UPI,West Bengal,Rural,11,1,0,10,0.0909,16.7,730,16,0.0219,1,10,3,0,2,68.7,3,1,0,3.9,534,0.0,1,0,1,0
ORD003672,11376,1156,2024-06-01 23:00:00,2574.82,2,Electronics,20.4,COD,Bihar,Semi-Urban,13,1,1,11,0.0769,92.9,761,129,0.1695,1,3,4,0,3,684.2,4,1,0,3.46,1982,2574.82,1,0,1,0
ORD003673,12743,1734,2024-06-02 00:00:00,1396.31,1,Home,3.6,COD,West Bengal,Semi-Urban,10,1,1,8,0.1,1.1,757,10,0.0132,4,12,4,0,2,279.9,6,1,0,3.9,917,1396.31,0,0,1,0
ORD003674,10514,1131,2024-06-02 01:00:00,825.0,1,Electronics,9.2,UPI,Bihar,Urban,5,0,4,1,0.0,19.0,700,162,0.2314,1,5,5,0,4,278.1,5,1,0,3.83,731,0.0,2,0,1,0
ORD003675,10702,1337,2024-06-02 02:00:00,727.82,2,Footwear,24.5,COD,Delhi,Semi-Urban,10,0,1,9,0.0,10.1,728,66,0.0907,2,5,3,0,2,38.7,2,1,0,3.82,1137,727.82,0,0,1,0
ORD003676,11653,1403,2024-06-02 03:00:00,1711.43,1,Footwear,21.0,COD,Delhi,Semi-Urban,7,0,0,7,0.0,15.9,743,109,0.1467,0,5,2,0,3,110.6,2,1,0,4.38,348,1711.43,0,0,1,0
ORD003677,12066,1375,2024-06-02 04:00:00,1313.03,1,Fashion,11.7,Debit Card,Bihar,Urban,7,0,1,6,0.0,53.2,750,147,0.196,3,5,2,0,5,108.5,1,1,0,4.7,1756,0.0,0,0,1,0
ORD003678,10022,1558,2024-06-02 05:00:00,1005.36,1,Home,24.5,UPI,Maharashtra,Semi-Urban,5,0,0,5,0.0,15.2,755,141,0.1868,6,9,5,0,2,198.2,2,1,0,3.68,448,0.0,0,0,1,0
ORD003679,12460,1106,2024-06-02 06:00:00,1517.34,3,Footwear,11.7,COD,Delhi,Rural,8,2,1,5,0.25,32.8,774,116,0.1499,2,8,2,0,4,144.2,3,1,0,4.29,1753,1517.34,0,0,0,1
ORD003680,15149,1619,2024-06-02 07:00:00,1871.77,1,Beauty,21.8,Credit Card,West Bengal,Semi-Urban,9,1,0,8,0.1111,38.9,726,43,0.0592,1,5,3,0,2,144.4,7,1,0,4.01,215,0.0,0,1,0,0
ORD003681,15926,1264,2024-06-02 08:00:00,999.82,1,Beauty,2.6,COD,Karnataka,Urban,10,2,4,4,0.2,27.4,769,92,0.1196,0,7,2,0,1,111.0,2,1,0,4.33,246,999.82,0,1,0,1
ORD003682,16251,1204,2024-06-02 09:00:00,683.76,1,Electronics,19.5,UPI,West Bengal,Urban,13,1,5,7,0.0769,3.9,745,128,0.1718,2,14,3,0,3,123.2,3,1,0,3.63,1747,0.0,0,1,0,1
ORD003683,17534,1078,2024-06-02 10:00:00,496.37,1,Beauty,35.2,UPI,West Bengal,Urban,4,0,0,4,0.0,79.1,742,123,0.1658,3,11,5,0,4,191.3,2,1,0,4.09,673,0.0,0,1,0,0
ORD003684,11304,1154,2024-06-02 11:00:00,1274.59,1,Footwear,4.7,UPI,West Bengal,Rural,6,0,2,4,0.0,5.1,798,251,0.3145,1,4,4,0,3,32.2,2,1,0,4.49,371,0.0,0,0,0,1
ORD003685,17295,1782,2024-06-02 12:00:00,4025.27,1,Beauty,6.1,COD,Bihar,Semi-Urban,9,0,0,9,0.0,23.1,770,137,0.1779,3,7,3,1,3,54.9,3,1,0,3.88,245,4025.27,0,0,0,0
ORD003686,13300,1246,2024-06-02 13:00:00,563.18,1,Home,7.3,Credit Card,Bihar,Urban,14,4,0,10,0.2857,3.7,761,52,0.0683,4,9,4,0,3,169.1,3,1,0,4.45,1487,0.0,0,0,0,0
ORD003687,15230,1530,2024-06-02 14:00:00,2121.08,1,Electronics,9.9,COD,West Bengal,Semi-Urban,10,1,3,6,0.1,0.5,744,58,0.078,1,6,6,0,4,207.8,5,1,0,4.26,1132,2121.08,0,0,0,1
ORD003688,16279,1537,2024-06-02 15:00:00,731.18,1,Home,17.0,COD,Karnataka,Urban,2,0,0,2,0.0,1.0,722,64,0.0886,2,12,2,0,3,103.7,5,1,0,4.04,1959,731.18,0,0,0,0
ORD003689,10361,1728,2024-06-02 16:00:00,825.16,2,Footwear,10.0,COD,Maharashtra,Semi-Urban,8,0,1,7,0.0,12.2,755,135,0.1788,1,7,3,0,1,183.5,5,1,0,3.64,1759,825.16,1,0,0,0
ORD003690,17353,1153,2024-06-02 17:00:00,1898.76,3,Footwear,10.2,COD,Maharashtra,Semi-Urban,6,0,0,6,0.0,14.3,745,147,0.1973,4,12,4,0,2,75.6,3,1,0,4.33,1776,1898.76,0,0,0,0
ORD003691,13727,1153,2024-06-02 18:00:00,940.91,1,Beauty,11.2,COD,Delhi,Semi-Urban,8,0,0,8,0.0,21.6,744,145,0.1949,4,9,6,0,2,36.6,3,1,0,3.67,1498,940.91,0,0,0,0
ORD003692,17751,1685,2024-06-02 19:00:00,1272.78,1,Fashion,24.9,COD,Delhi,Urban,8,2,1,5,0.25,10.6,736,85,0.1155,2,3,5,0,1,191.1,4,1,0,3.94,772,1272.78,0,0,0,1
ORD003693,16272,1091,2024-06-02 20:00:00,1258.22,1,Fashion,4.4,COD,Karnataka,Urban,5,1,0,4,0.2,13.3,772,10,0.013,1,5,5,0,2,111.2,3,1,0,3.97,564,1258.22,0,0,0,0
ORD003694,15995,1432,2024-06-02 21:00:00,731.89,2,Footwear,20.6,Credit Card,West Bengal,Urban,7,0,2,5,0.0,58.0,728,85,0.1168,1,13,4,0,4,100.9,4,1,0,4.11,37,0.0,0,0,0,0
ORD003695,11284,1337,2024-06-02 22:00:00,1876.3,2,Footwear,21.9,COD,Bihar,Semi-Urban,8,0,1,7,0.0,10.6,739,93,0.1258,1,6,3,0,2,220.7,5,1,0,3.87,1392,1876.3,0,0,1,1
ORD003696,10514,1479,2024-06-02 23:00:00,1056.85,1,Electronics,17.7,COD,Delhi,Semi-Urban,7,1,1,5,0.1429,9.5,734,22,0.03,3,8,6,0,2,132.1,1,1,0,4.33,472,1056.85,0,1,1,1
ORD003697,10448,1692,2024-06-03 00:00:00,476.7,2,Footwear,15.6,Credit Card,West Bengal,Semi-Urban,10,0,0,10,0.0,31.8,749,22,0.0294,0,1,3,0,3,33.9,1,0,0,4.62,623,0.0,0,0,1,0
ORD003698,16019,1130,2024-06-03 01:00:00,641.95,2,Footwear,12.5,COD,Maharashtra,Urban,8,4,1,3,0.5,95.7,727,106,0.1458,2,8,6,0,2,116.5,3,0,0,4.3,264,641.95,0,0,1,1
ORD003699,17271,1449,2024-06-03 02:00:00,169.02,3,Electronics,11.9,COD,Karnataka,Semi-Urban,7,0,3,4,0.0,0.6,748,121,0.1618,0,6,3,0,2,93.2,3,0,0,4.12,1113,169.02,0,0,1,0
ORD003700,15602,1786,2024-06-03 03:00:00,1131.38,1,Home,2.6,COD,Bihar,Urban,10,2,1,7,0.2,1.8,771,73,0.0947,0,1,4,0,5,29.1,3,0,0,3.86,1740,1131.38,1,0,1,0
ORD003701,15343,1272,2024-06-03 04:00:00,2398.12,1,Home,28.4,COD,Bihar,Urban,8,5,0,3,0.625,36.4,738,47,0.0637,2,6,5,0,3,45.0,2,0,0,4.42,1678,2398.12,0,0,1,1
ORD003702,11855,1587,2024-06-03 05:00:00,585.06,1,Electronics,15.6,Credit Card,Delhi,Urban,10,1,1,8,0.1,1.5,734,118,0.1608,3,5,1,0,2,221.7,4,0,0,4.24,1893,0.0,0,0,1,0
ORD003703,14969,1176,2024-06-03 06:00:00,1558.26,3,Electronics,17.6,COD,West Bengal,Urban,8,2,0,6,0.25,34.4,745,56,0.0752,3,7,2,1,2,171.1,4,0,0,4.1,1422,1558.26,0,0,0,1
ORD003704,13562,1695,2024-06-03 07:00:00,1419.9,2,Home,26.5,COD,Bihar,Urban,10,0,0,10,0.0,11.8,759,0,0.0,2,14,4,0,2,220.0,1,0,0,4.41,1325,1419.9,1,0,0,1
ORD003705,12520,1642,2024-06-03 08:00:00,698.46,1,Home,5.8,COD,Maharashtra,Urban,8,0,1,7,0.0,17.8,770,169,0.2195,2,12,4,0,3,42.9,5,0,0,4.24,1211,698.46,1,2,0,1
ORD003706,13081,1048,2024-06-03 09:00:00,2757.06,1,Home,34.1,COD,Maharashtra,Semi-Urban,6,0,1,5,0.0,0.7,726,96,0.1322,2,3,2,0,4,582.5,4,0,0,4.61,174,2757.06,1,0,0,0
ORD003707,11428,1566,2024-06-03 10:00:00,931.13,1,Home,2.1,COD,Karnataka,Urban,7,2,1,4,0.2857,9.0,751,176,0.2344,3,8,2,0,3,34.0,3,0,0,3.89,990,931.13,1,0,0,1
ORD003708,13967,1665,2024-06-03 11:00:00,3663.45,1,Beauty,21.9,COD,Karnataka,Urban,10,1,1,8,0.1,45.4,717,184,0.2566,3,5,3,0,3,53.6,6,0,1,4.1,42,3663.45,0,0,0,1
ORD003709,16445,1354,2024-06-03 12:00:00,411.0,1,Electronics,18.2,UPI,Maharashtra,Urban,10,2,2,6,0.2,76.8,733,70,0.0955,0,9,3,0,3,51.1,7,0,0,4.07,782,0.0,0,0,0,0
ORD003710,16374,1711,2024-06-03 13:00:00,933.11,1,Fashion,0.3,UPI,Maharashtra,Urban,9,0,1,8,0.0,20.0,779,41,0.0526,4,11,2,0,4,31.7,2,0,0,3.83,1501,0.0,1,0,0,0
ORD003711,15850,1307,2024-06-03 14:00:00,1002.1,1,Beauty,13.1,Credit Card,West Bengal,Semi-Urban,9,2,0,7,0.2222,104.5,737,48,0.0651,3,9,2,0,6,34.5,6,0,0,4.34,1282,0.0,1,0,0,0
ORD003712,10922,1629,2024-06-03 15:00:00,1070.23,2,Fashion,23.8,Credit Card,Bihar,Rural,6,0,1,5,0.0,2.6,725,70,0.0966,1,9,6,0,5,87.7,2,0,0,4.62,1794,0.0,0,0,0,0
ORD003713,13137,1774,2024-06-03 16:00:00,1685.47,1,Fashion,9.8,UPI,West Bengal,Urban,16,5,1,10,0.3125,51.0,786,48,0.0611,3,8,2,0,5,235.6,3,0,0,3.73,381,0.0,0,0,0,1
ORD003714,17080,1045,2024-06-03 17:00:00,8424.31,1,Footwear,17.2,COD,Karnataka,Rural,13,3,0,10,0.2308,35.1,755,50,0.0662,2,7,3,0,3,93.9,4,0,0,5.0,1350,8424.31,0,0,0,1
ORD003715,12159,1301,2024-06-03 18:00:00,1440.92,1,Electronics,18.2,COD,Karnataka,Urban,14,3,3,8,0.2143,3.0,769,49,0.0637,1,6,3,0,4,95.1,2,0,0,4.25,1759,1440.92,1,0,0,0
ORD003716,15132,1407,2024-06-03 19:00:00,1112.7,2,Beauty,10.6,COD,Karnataka,Urban,10,0,2,8,0.0,29.9,767,82,0.1069,2,10,7,1,3,228.8,2,0,0,4.09,83,1112.7,0,0,0,1
ORD003717,15512,1188,2024-06-03 20:00:00,568.09,1,Electronics,22.7,COD,Bihar,Semi-Urban,10,0,0,10,0.0,26.1,757,106,0.14,2,8,5,0,3,140.5,6,0,0,4.51,709,568.09,1,0,0,0
ORD003718,12547,1128,2024-06-03 21:00:00,352.81,3,Home,4.5,Wallet,Delhi,Semi-Urban,12,0,0,12,0.0,73.4,731,151,0.2066,2,7,3,0,4,186.7,5,0,0,4.97,843,0.0,1,1,0,1
ORD003719,12979,1560,2024-06-03 22:00:00,2213.12,1,Electronics,21.2,Credit Card,Karnataka,Urban,16,4,1,11,0.25,6.5,674,27,0.0401,0,6,3,0,3,231.6,4,0,0,4.07,982,0.0,0,0,1,1
ORD003720,16741,1536,2024-06-03 23:00:00,789.92,3,Fashion,24.0,COD,Karnataka,Urban,10,4,0,6,0.4,10.0,760,98,0.1289,2,5,2,0,4,47.8,7,0,0,4.04,1252,789.92,0,1,1,1
ORD003721,12281,1265,2024-06-04 00:00:00,5231.72,3,Home,9.0,COD,West Bengal,Semi-Urban,11,2,0,9,0.1818,5.3,779,22,0.0282,1,6,1,0,1,79.4,5,0,0,4.08,1143,5231.72,0,0,1,0
ORD003722,12649,1117,2024-06-04 01:00:00,1846.28,1,Electronics,15.8,UPI,West Bengal,Rural,7,0,0,7,0.0,67.0,765,93,0.1216,3,5,4,0,1,237.4,3,0,0,4.62,705,0.0,1,0,1,0
ORD003723,10313,1463,2024-06-04 02:00:00,1346.06,3,Electronics,25.4,COD,Delhi,Rural,7,0,0,7,0.0,49.2,711,94,0.1322,2,5,1,0,1,118.1,5,0,0,3.8,1474,1346.06,0,0,1,1
ORD003724,12613,1143,2024-06-04 03:00:00,1389.19,1,Fashion,22.7,COD,Delhi,Semi-Urban,17,1,0,16,0.0588,8.1,760,33,0.0434,3,10,5,0,3,137.6,4,0,0,3.86,1647,1389.19,0,1,1,0
ORD003725,13083,1441,2024-06-04 04:00:00,1397.42,1,Home,6.7,COD,Delhi,Semi-Urban,9,0,3,6,0.0,49.2,699,114,0.1631,1,5,2,0,1,193.0,4,0,0,4.67,1109,1397.42,0,0,1,1
ORD003726,12256,1199,2024-06-04 05:00:00,722.89,1,Fashion,12.7,COD,Delhi,Semi-Urban,9,1,0,8,0.1111,81.0,734,25,0.0341,3,9,3,0,3,237.1,5,0,0,3.91,431,722.89,0,0,1,1
ORD003727,16093,1156,2024-06-04 06:00:00,383.41,1,Electronics,25.5,Debit Card,West Bengal,Semi-Urban,9,1,1,7,0.1111,3.4,757,47,0.0621,2,7,2,0,1,30.2,7,0,0,3.85,273,0.0,0,0,0,0
ORD003728,11037,1486,2024-06-04 07:00:00,788.07,2,Beauty,8.5,COD,Karnataka,Rural,10,3,0,7,0.3,76.1,701,36,0.0514,1,4,3,1,1,359.1,2,0,0,3.37,1360,788.07,2,0,0,1
ORD003729,15752,1133,2024-06-04 08:00:00,1084.62,2,Beauty,14.5,UPI,West Bengal,Semi-Urban,2,0,0,2,0.0,54.4,767,51,0.0665,4,7,4,0,1,473.0,4,0,0,3.88,1941,0.0,2,1,0,0
ORD003730,13489,1147,2024-06-04 09:00:00,743.46,1,Footwear,7.4,UPI,Maharashtra,Semi-Urban,9,3,0,6,0.3333,58.1,765,100,0.1307,3,13,2,0,4,149.1,3,0,0,4.37,473,0.0,0,0,0,0
ORD003731,17604,1335,2024-06-04 10:00:00,506.92,1,Beauty,14.6,UPI,Maharashtra,Urban,10,0,1,9,0.0,1.5,732,133,0.1817,0,9,2,0,2,270.0,4,0,0,3.93,938,0.0,0,0,0,0
ORD003732,17544,1070,2024-06-04 11:00:00,700.0,1,Home,30.6,COD,Karnataka,Semi-Urban,7,1,0,6,0.1429,69.9,726,95,0.1309,1,7,3,0,2,211.8,1,0,0,3.73,658,700.0,1,0,0,1
ORD003733,17187,1232,2024-06-04 12:00:00,2041.5,2,Footwear,7.3,UPI,Delhi,Rural,11,1,0,10,0.0909,130.9,721,54,0.0749,4,9,2,0,3,94.3,3,0,0,3.85,1836,0.0,1,0,0,0
ORD003734,12634,1333,2024-06-04 13:00:00,1718.0,1,Home,27.0,Credit Card,Karnataka,Urban,8,0,1,7,0.0,31.2,743,85,0.1144,0,2,5,0,5,19.6,2,0,0,4.31,1382,0.0,0,0,0,0
ORD003735,13983,1665,2024-06-04 14:00:00,1215.42,3,Beauty,5.2,COD,Maharashtra,Urban,9,0,0,9,0.0,45.3,777,108,0.139,1,4,3,0,2,31.4,2,0,0,3.56,1097,1215.42,1,1,0,0
ORD003736,11778,1089,2024-06-04 15:00:00,1559.72,1,Beauty,6.4,COD,Karnataka,Urban,8,1,0,7,0.125,16.7,748,116,0.1551,1,4,4,0,4,66.7,1,0,0,4.21,1878,1559.72,0,0,0,0
ORD003737,17902,1333,2024-06-04 16:00:00,556.04,1,Electronics,16.1,Wallet,Delhi,Rural,10,3,0,7,0.3,2.6,783,152,0.1941,2,15,3,0,2,238.2,7,0,0,4.6,1602,0.0,2,0,0,0
ORD003738,15110,1198,2024-06-04 17:00:00,680.44,3,Home,8.8,COD,West Bengal,Semi-Urban,6,1,0,5,0.1667,16.0,750,122,0.1627,0,4,4,0,2,155.6,5,0,0,4.31,1083,680.44,0,1,0,0
ORD003739,15189,1160,2024-06-04 18:00:00,1321.61,1,Fashion,15.5,UPI,Delhi,Urban,7,0,1,6,0.0,57.5,699,81,0.1159,2,2,2,0,1,204.8,6,0,0,3.72,1418,0.0,0,0,0,0
ORD003740,13895,1537,2024-06-04 19:00:00,600.22,1,Electronics,15.3,UPI,West Bengal,Urban,11,0,1,10,0.0,14.7,739,89,0.1204,2,15,3,0,3,119.5,4,0,0,4.64,75,0.0,1,1,0,0
ORD003741,17378,1120,2024-06-04 20:00:00,1170.33,1,Home,1.9,COD,Maharashtra,Semi-Urban,6,0,1,5,0.0,10.3,731,139,0.1902,5,11,3,0,2,184.9,3,0,0,4.45,1422,1170.33,1,1,0,1
ORD003742,11124,1300,2024-06-04 21:00:00,514.13,1,Footwear,14.8,UPI,Bihar,Semi-Urban,7,1,0,6,0.1429,25.2,751,178,0.237,1,7,2,0,4,39.0,2,0,0,3.58,1906,0.0,1,0,0,1
ORD003743,10697,1723,2024-06-04 22:00:00,407.58,4,Home,15.6,COD,Karnataka,Urban,7,1,0,6,0.1429,86.7,718,60,0.0836,5,8,3,0,3,276.6,2,0,0,4.57,1302,407.58,0,1,1,0
ORD003744,12179,1574,2024-06-04 23:00:00,1705.56,1,Footwear,24.3,COD,Bihar,Rural,12,3,0,9,0.25,21.0,733,101,0.1378,5,8,3,0,2,126.1,7,0,0,3.49,1873,1705.56,0,0,1,1
ORD003745,17790,1435,2024-06-05 00:00:00,2030.89,1,Footwear,4.6,UPI,Delhi,Semi-Urban,5,2,0,3,0.4,19.0,768,34,0.0443,3,12,2,0,3,243.8,6,0,0,4.08,314,0.0,0,1,1,0
ORD003746,11404,1067,2024-06-05 01:00:00,751.08,1,Beauty,4.9,Credit Card,West Bengal,Semi-Urban,9,0,2,7,0.0,15.8,764,56,0.0733,1,5,3,0,4,466.9,3,0,0,3.62,1623,0.0,1,1,1,0
ORD003747,15251,1764,2024-06-05 02:00:00,440.42,1,Fashion,8.7,UPI,Delhi,Rural,6,0,1,5,0.0,13.4,738,45,0.061,1,5,3,1,5,56.2,3,0,1,4.22,1094,0.0,0,0,1,0
ORD003748,11043,1458,2024-06-05 03:00:00,291.48,2,Home,5.3,Credit Card,Delhi,Urban,11,3,0,8,0.2727,13.6,718,24,0.0334,3,11,1,0,2,178.7,4,0,0,4.56,364,0.0,0,0,1,0
ORD003749,11929,1513,2024-06-05 04:00:00,3311.64,3,Fashion,14.1,COD,Maharashtra,Semi-Urban,10,3,1,6,0.3,88.3,737,184,0.2497,0,8,1,0,4,179.3,3,0,0,4.35,802,3311.64,0,0,1,1
ORD003750,16679,1397,2024-06-05 05:00:00,1172.43,3,Footwear,21.4,UPI,Delhi,Semi-Urban,11,0,1,10,0.0,8.2,723,107,0.148,0,5,6,0,6,37.8,2,0,0,4.68,1487,0.0,0,1,1,1
ORD003751,11013,1619,2024-06-05 06:00:00,761.43,1,Beauty,32.0,COD,Karnataka,Rural,11,3,0,8,0.2727,16.2,746,24,0.0322,3,13,2,0,1,152.5,6,0,0,4.51,1370,761.43,0,0,0,1
ORD003752,10226,1285,2024-06-05 07:00:00,881.52,1,Fashion,9.1,COD,Maharashtra,Urban,9,2,2,5,0.2222,3.2,722,77,0.1066,2,7,4,0,2,31.9,3,0,0,4.27,935,881.52,1,0,0,1
ORD003753,17321,1560,2024-06-05 08:00:00,347.93,1,Electronics,30.0,UPI,Bihar,Semi-Urban,9,4,0,5,0.4444,16.0,757,118,0.1559,1,6,2,0,2,50.3,5,0,0,4.25,317,0.0,0,0,0,1
ORD003754,11828,1139,2024-06-05 09:00:00,1590.72,2,Footwear,20.6,COD,Delhi,Semi-Urban,6,1,0,5,0.1667,10.3,754,100,0.1326,2,9,4,0,5,46.5,6,0,0,3.97,258,1590.72,0,1,0,1
ORD003755,17909,1729,2024-06-05 10:00:00,3641.19,1,Electronics,24.3,COD,Bihar,Semi-Urban,8,1,4,3,0.125,16.6,753,117,0.1554,1,3,3,0,5,59.8,2,0,0,3.58,1932,3641.19,1,1,0,0
ORD003756,15588,1555,2024-06-05 11:00:00,685.64,1,Fashion,1.9,Debit Card,Karnataka,Semi-Urban,9,0,2,7,0.0,14.2,780,65,0.0833,2,5,1,0,2,150.8,3,0,1,4.22,1179,0.0,0,0,0,1
ORD003757,14917,1780,2024-06-05 12:00:00,4582.84,3,Fashion,31.4,Debit Card,Karnataka,Urban,12,0,1,11,0.0,55.3,722,118,0.1634,2,5,4,0,3,183.5,4,0,0,3.62,326,0.0,0,0,0,1
ORD003758,12023,1589,2024-06-05 13:00:00,1022.65,1,Fashion,16.3,COD,Karnataka,Urban,9,3,0,6,0.3333,23.4,723,71,0.0982,1,6,1,0,2,239.2,2,0,0,3.74,438,1022.65,0,0,0,0
ORD003759,14966,1727,2024-06-05 14:00:00,2981.11,1,Home,13.4,COD,Bihar,Urban,11,1,0,10,0.0909,13.1,735,60,0.0816,4,5,1,1,5,134.6,2,0,0,4.55,917,2981.11,0,0,0,0
ORD003760,12452,1609,2024-06-05 15:00:00,1318.61,1,Footwear,3.1,COD,Bihar,Urban,7,1,0,6,0.1429,12.5,702,65,0.0926,1,7,2,0,4,78.2,7,0,0,3.45,1541,1318.61,0,0,0,0
ORD003761,16345,1747,2024-06-05 16:00:00,1317.75,1,Footwear,22.4,Credit Card,West Bengal,Rural,10,1,0,9,0.1,1.4,808,42,0.052,3,9,3,0,1,200.5,5,0,0,4.46,1762,0.0,0,0,0,1
ORD003762,12085,1281,2024-06-05 17:00:00,3315.47,1,Footwear,7.0,COD,Maharashtra,Urban,7,1,2,4,0.1429,6.6,753,15,0.0199,1,4,1,0,5,45.3,2,0,0,3.72,1169,3315.47,0,0,0,1
ORD003763,17085,1660,2024-06-05 18:00:00,1753.94,1,Home,9.1,COD,Delhi,Urban,7,1,0,6,0.1429,54.7,738,64,0.0867,4,11,6,0,2,108.7,6,0,0,4.3,329,1753.94,0,1,0,1
ORD003764,15891,1577,2024-06-05 19:00:00,1373.21,1,Fashion,16.8,UPI,Maharashtra,Rural,12,1,4,7,0.0833,11.6,733,14,0.0191,2,8,4,0,4,185.6,3,0,0,4.89,1821,0.0,0,0,0,0
ORD003765,14283,1745,2024-06-05 20:00:00,342.13,1,Fashion,26.3,COD,Karnataka,Rural,11,1,0,10,0.0909,79.3,762,82,0.1076,2,5,1,0,3,196.5,5,0,0,4.11,1288,342.13,0,0,0,1
ORD003766,11080,1456,2024-06-05 21:00:00,443.93,2,Electronics,18.4,COD,Delhi,Semi-Urban,4,0,1,3,0.0,4.5,745,250,0.3356,3,9,4,0,3,149.6,2,0,0,3.92,1221,443.93,0,0,0,1
ORD003767,15036,1086,2024-06-05 22:00:00,1443.94,1,Home,37.7,COD,West Bengal,Semi-Urban,5,0,2,3,0.0,3.9,753,15,0.0199,2,4,4,0,4,318.3,2,0,0,4.68,1690,1443.94,0,0,1,0
ORD003768,17187,1078,2024-06-05 23:00:00,2645.64,2,Beauty,3.0,Wallet,Maharashtra,Urban,11,0,0,11,0.0,52.2,767,37,0.0482,2,9,3,0,4,152.0,3,0,0,4.6,1016,0.0,1,0,1,0
ORD003769,12320,1204,2024-06-06 00:00:00,1184.49,1,Home,15.8,Credit Card,Karnataka,Urban,17,0,3,14,0.0,18.2,739,2,0.0027,1,4,2,0,4,28.5,6,0,0,3.98,903,0.0,0,0,1,0
ORD003770,13190,1790,2024-06-06 01:00:00,769.1,1,Electronics,5.7,Debit Card,Delhi,Urban,10,1,1,8,0.1,47.9,740,54,0.073,0,1,2,0,2,72.9,4,0,0,3.96,1005,0.0,0,0,1,0
ORD003771,12630,1336,2024-06-06 02:00:00,363.76,3,Electronics,13.1,COD,Delhi,Urban,9,0,0,9,0.0,9.2,754,168,0.2228,2,8,1,0,4,72.9,3,0,0,4.59,562,363.76,1,0,1,1
ORD003772,12563,1253,2024-06-06 03:00:00,685.29,1,Electronics,21.5,Debit Card,Karnataka,Urban,8,1,1,6,0.125,6.8,719,133,0.185,1,5,3,0,6,87.3,4,0,0,3.35,1449,0.0,0,1,1,0
ORD003773,13292,1303,2024-06-06 04:00:00,1186.29,1,Fashion,25.1,UPI,Bihar,Urban,10,0,0,10,0.0,24.9,754,52,0.069,2,9,5,0,3,151.0,6,0,0,3.47,1961,0.0,0,0,1,0
ORD003774,14621,1379,2024-06-06 05:00:00,655.98,3,Beauty,7.8,COD,Maharashtra,Urban,9,0,1,8,0.0,9.5,786,121,0.1539,2,8,5,0,4,30.7,2,0,0,4.34,214,655.98,1,0,1,0
ORD003775,13586,1129,2024-06-06 06:00:00,614.82,1,Electronics,3.2,Credit Card,Delhi,Urban,6,0,1,5,0.0,0.9,778,128,0.1645,2,8,3,0,5,144.1,2,0,0,4.8,1006,0.0,0,0,0,0
ORD003776,17895,1595,2024-06-06 07:00:00,1063.51,1,Footwear,3.7,UPI,Bihar,Urban,10,0,3,7,0.0,57.7,736,116,0.1576,5,9,5,0,2,97.7,5,0,0,3.94,1877,0.0,1,0,0,0
ORD003777,17908,1275,2024-06-06 08:00:00,2615.07,1,Fashion,11.9,UPI,West Bengal,Rural,12,0,0,12,0.0,42.9,741,20,0.027,6,12,2,0,2,81.7,3,0,0,2.91,329,0.0,1,0,0,1
ORD003778,14431,1698,2024-06-06 09:00:00,1653.8,2,Beauty,5.7,UPI,Delhi,Rural,6,0,1,5,0.0,18.7,788,54,0.0685,6,8,3,0,5,21.9,3,0,0,3.76,983,0.0,1,0,0,0
ORD003779,16841,1557,2024-06-06 10:00:00,1301.83,3,Footwear,5.9,Credit Card,Delhi,Urban,11,1,0,10,0.0909,7.4,794,80,0.1008,1,6,2,0,1,8.2,4,0,0,4.25,681,0.0,1,0,0,0
ORD003780,15174,1182,2024-06-06 11:00:00,1227.94,1,Beauty,15.6,Debit Card,West Bengal,Urban,7,0,0,7,0.0,9.9,709,164,0.2313,2,7,3,0,2,138.8,1,0,0,3.93,738,0.0,1,0,0,0
ORD003781,16643,1267,2024-06-06 12:00:00,1526.46,1,Beauty,27.9,COD,West Bengal,Rural,10,3,0,7,0.3,0.9,800,64,0.08,1,4,3,0,3,266.7,3,0,0,3.94,1583,1526.46,0,0,0,1
ORD003782,12947,1321,2024-06-06 13:00:00,1026.51,1,Footwear,8.2,Wallet,Delhi,Urban,7,4,0,3,0.5714,3.4,759,59,0.0777,1,4,4,0,2,166.7,3,0,0,4.65,1811,0.0,3,0,0,1
ORD003783,13959,1511,2024-06-06 14:00:00,856.93,1,Home,12.6,Credit Card,Karnataka,Rural,12,0,0,12,0.0,10.2,747,30,0.0402,1,10,5,0,1,69.0,6,0,0,3.29,1742,0.0,0,0,0,0
ORD003784,12813,1611,2024-06-06 15:00:00,1707.72,1,Beauty,12.1,COD,West Bengal,Urban,10,2,0,8,0.2,43.9,759,116,0.1528,4,6,3,0,4,59.5,4,0,0,3.68,1488,1707.72,0,0,0,0
ORD003785,12583,1077,2024-06-06 16:00:00,957.92,1,Home,38.3,COD,Bihar,Urban,4,2,0,2,0.5,37.7,726,32,0.0441,1,5,3,0,2,122.5,4,0,0,3.9,751,957.92,1,0,0,1
ORD003786,10161,1783,2024-06-06 17:00:00,537.45,1,Beauty,6.3,COD,West Bengal,Semi-Urban,10,2,0,8,0.2,13.2,703,31,0.0441,1,8,3,0,3,294.3,3,0,0,3.66,267,537.45,1,0,0,1
ORD003787,17837,1338,2024-06-06 18:00:00,2607.06,1,Footwear,7.5,Credit Card,Delhi,Urban,9,0,1,8,0.0,50.1,759,49,0.0646,2,5,3,1,4,53.9,2,0,0,4.15,1756,0.0,2,1,0,0
ORD003788,10593,1673,2024-06-06 19:00:00,357.11,3,Beauty,16.7,UPI,Delhi,Urban,10,0,3,7,0.0,20.6,744,136,0.1828,0,7,4,0,3,126.3,4,0,0,4.16,889,0.0,0,0,0,0
ORD003789,16034,1555,2024-06-06 20:00:00,2727.1,1,Electronics,13.1,COD,Maharashtra,Semi-Urban,9,2,0,7,0.2222,64.5,787,205,0.2605,1,3,2,0,4,263.6,3,0,0,4.08,676,2727.1,0,0,0,0
ORD003790,16302,1508,2024-06-06 21:00:00,1486.04,1,Electronics,21.2,COD,Bihar,Rural,7,0,1,6,0.0,0.6,762,73,0.0958,1,2,1,0,2,233.0,1,0,0,4.36,31,1486.04,1,0,0,0
ORD003791,13259,1237,2024-06-06 22:00:00,613.09,1,Beauty,17.1,Debit Card,Maharashtra,Semi-Urban,5,0,0,5,0.0,49.9,752,172,0.2287,2,5,4,0,3,177.0,7,0,0,4.53,763,0.0,0,0,1,1
ORD003792,14155,1133,2024-06-06 23:00:00,1112.71,3,Footwear,13.9,Credit Card,West Bengal,Semi-Urban,7,1,0,6,0.1429,30.8,752,122,0.1622,2,4,4,0,3,206.4,5,0,0,3.39,847,0.0,0,0,1,0
ORD003793,12962,1191,2024-06-07 00:00:00,847.83,2,Footwear,9.8,COD,Maharashtra,Rural,5,0,0,5,0.0,10.3,766,26,0.0339,2,7,3,0,1,108.3,1,0,0,4.31,1907,847.83,0,0,1,0
ORD003794,13888,1355,2024-06-07 01:00:00,1780.47,2,Fashion,19.9,UPI,Delhi,Urban,6,0,1,5,0.0,29.9,741,63,0.085,2,5,4,0,3,10.5,2,0,0,3.89,1822,0.0,1,0,1,0
ORD003795,13390,1277,2024-06-07 02:00:00,1759.45,1,Footwear,6.3,Debit Card,Karnataka,Urban,8,0,0,8,0.0,30.3,743,25,0.0336,0,4,3,0,2,334.9,3,0,0,4.46,786,0.0,0,0,1,0
ORD003796,15997,1017,2024-06-07 03:00:00,1446.38,2,Home,13.5,COD,West Bengal,Urban,12,2,0,10,0.1667,23.1,721,110,0.1526,3,8,3,0,1,222.9,4,0,0,4.11,547,1446.38,0,0,1,0
ORD003797,16354,1523,2024-06-07 04:00:00,1716.13,1,Beauty,11.4,COD,Delhi,Urban,13,0,1,12,0.0,60.4,762,72,0.0945,2,7,3,0,4,155.7,3,0,0,4.63,19,1716.13,0,0,1,1
ORD003798,14501,1179,2024-06-07 05:00:00,1023.62,1,Electronics,28.2,UPI,West Bengal,Semi-Urban,9,1,3,5,0.1111,57.1,724,91,0.1257,2,4,4,0,2,61.3,6,0,0,4.56,1030,0.0,0,0,1,0
ORD003799,10663,1122,2024-06-07 06:00:00,3155.82,1,Footwear,26.7,UPI,Maharashtra,Urban,9,2,1,6,0.2222,6.5,736,262,0.356,5,11,5,0,2,192.3,5,0,0,4.14,1958,0.0,2,0,0,0
ORD003800,11132,1245,2024-06-07 07:00:00,2285.1,2,Electronics,5.5,COD,Maharashtra,Urban,8,3,0,5,0.375,6.7,722,47,0.0651,0,4,3,0,6,153.9,6,0,0,3.6,1760,2285.1,0,0,0,1
ORD003801,15195,1733,2024-06-07 08:00:00,823.69,2,Fashion,21.7,Wallet,West Bengal,Urban,4,0,0,4,0.0,15.4,754,111,0.1472,2,10,4,0,3,255.2,3,0,0,3.82,584,0.0,0,0,0,0
ORD003802,10541,1372,2024-06-07 09:00:00,1783.83,3,Beauty,22.6,UPI,West Bengal,Urban,8,3,1,4,0.375,28.3,714,55,0.077,2,9,1,0,2,130.7,3,0,0,4.32,1034,0.0,0,0,0,0
ORD003803,15433,1050,2024-06-07 10:00:00,1692.82,3,Footwear,14.7,COD,Maharashtra,Urban,9,0,0,9,0.0,35.4,743,70,0.0942,1,4,3,0,2,44.6,2,0,0,4.12,187,1692.82,0,0,0,0
ORD003804,15093,1070,2024-06-07 11:00:00,938.37,1,Electronics,39.8,COD,West Bengal,Urban,5,0,1,4,0.0,113.3,755,69,0.0914,1,6,3,0,2,295.4,3,0,0,4.11,1526,938.37,2,0,0,1
ORD003805,15236,1479,2024-06-07 12:00:00,895.2,1,Footwear,14.1,UPI,Maharashtra,Rural,11,0,1,10,0.0,7.6,795,95,0.1195,0,8,2,0,2,361.2,4,0,0,4.38,13,0.0,0,0,0,0
ORD003806,12974,1559,2024-06-07 13:00:00,2272.66,1,Fashion,46.4,COD,West Bengal,Semi-Urban,18,3,0,15,0.1667,19.3,760,22,0.0289,2,12,3,0,1,24.4,4,0,0,4.02,1834,2272.66,1,1,0,0
ORD003807,10867,1018,2024-06-07 14:00:00,1087.01,3,Electronics,16.5,UPI,Karnataka,Rural,10,2,1,7,0.2,5.8,737,134,0.1818,3,9,3,1,1,97.6,3,0,0,3.93,1070,0.0,2,0,0,1
ORD003808,17871,1773,2024-06-07 15:00:00,1281.91,1,Electronics,28.7,COD,West Bengal,Rural,12,1,0,11,0.0833,48.0,743,88,0.1184,1,4,5,0,3,235.9,1,0,0,4.16,1105,1281.91,0,0,0,1
ORD003809,12066,1083,2024-06-07 16:00:00,2541.89,3,Beauty,34.2,UPI,West Bengal,Rural,9,0,0,9,0.0,11.7,745,76,0.102,3,6,2,0,3,156.4,6,0,0,4.37,129,0.0,0,0,0,0
ORD003810,10431,1154,2024-06-07 17:00:00,5014.07,1,Beauty,32.8,Credit Card,Delhi,Urban,10,1,2,7,0.1,78.4,779,75,0.0963,2,4,4,0,3,474.5,5,0,0,3.82,1346,0.0,0,0,0,0
ORD003811,17852,1564,2024-06-07 18:00:00,799.53,1,Electronics,9.2,Credit Card,Karnataka,Rural,10,1,0,9,0.1,31.9,770,96,0.1247,3,6,2,0,3,38.4,3,0,0,3.6,1651,0.0,1,0,0,0
ORD003812,14835,1618,2024-06-07 19:00:00,960.51,1,Beauty,6.1,Credit Card,Maharashtra,Urban,7,0,0,7,0.0,34.1,738,44,0.0596,0,6,3,0,3,257.6,5,0,0,4.28,246,0.0,0,0,0,0
ORD003813,15469,1356,2024-06-07 20:00:00,1146.42,1,Electronics,24.5,COD,Maharashtra,Urban,8,0,0,8,0.0,1.7,784,61,0.0778,1,7,2,0,3,118.4,4,0,0,4.17,923,1146.42,1,0,0,0
ORD003814,14278,1646,2024-06-07 21:00:00,1162.17,3,Home,28.6,COD,Bihar,Semi-Urban,11,1,0,10,0.0909,21.9,742,127,0.1712,3,9,3,0,2,139.3,3,0,0,3.75,1576,1162.17,1,0,0,0
ORD003815,16256,1442,2024-06-07 22:00:00,1374.46,1,Footwear,16.6,Credit Card,Karnataka,Urban,8,0,0,8,0.0,1.1,724,47,0.0649,0,4,5,0,4,87.9,2,0,0,3.48,1029,0.0,0,0,1,1
ORD003816,11206,1068,2024-06-07 23:00:00,817.21,1,Home,3.9,COD,Karnataka,Urban,9,3,1,5,0.3333,2.0,751,40,0.0533,1,5,7,0,7,332.6,6,0,0,4.24,53,817.21,0,1,1,1
ORD003817,12528,1522,2024-06-08 00:00:00,513.0,1,Home,22.0,COD,West Bengal,Urban,11,0,1,10,0.0,74.7,754,166,0.2202,3,9,1,0,3,186.8,2,1,0,4.14,1531,513.0,0,0,1,0
ORD003818,11169,1142,2024-06-08 01:00:00,3141.0,1,Footwear,14.1,UPI,Delhi,Urban,7,1,2,4,0.1429,1.7,758,76,0.1003,2,7,3,0,2,164.3,4,1,0,4.81,474,0.0,0,0,1,0
ORD003819,10830,1191,2024-06-08 02:00:00,1583.27,1,Electronics,11.6,Credit Card,Maharashtra,Semi-Urban,4,0,0,4,0.0,68.7,759,298,0.3926,1,7,3,0,2,114.5,5,1,0,4.04,1174,0.0,0,0,1,0
ORD003820,11651,1386,2024-06-08 03:00:00,853.1,1,Electronics,32.4,Debit Card,Maharashtra,Urban,11,0,2,9,0.0,7.3,750,152,0.2027,3,8,3,0,4,215.5,2,1,0,4.02,1748,0.0,0,1,1,0
ORD003821,11136,1377,2024-06-08 04:00:00,1425.49,3,Beauty,33.1,UPI,Delhi,Semi-Urban,11,4,0,7,0.3636,0.5,701,117,0.1669,2,8,3,0,1,42.4,2,1,0,4.68,1177,0.0,0,0,1,0
ORD003822,12810,1580,2024-06-08 05:00:00,3293.71,1,Fashion,6.8,Wallet,Delhi,Urban,11,1,0,10,0.0909,88.7,748,105,0.1404,3,12,2,0,1,226.9,5,1,0,4.02,745,0.0,0,0,1,0
ORD003823,10475,1534,2024-06-08 06:00:00,683.47,1,Electronics,3.3,UPI,Karnataka,Urban,15,1,0,14,0.0667,15.6,788,7,0.0089,1,4,2,0,2,69.6,2,1,0,4.14,448,0.0,0,0,0,0
ORD003824,12810,1692,2024-06-08 07:00:00,1244.74,1,Footwear,16.3,UPI,Delhi,Urban,18,4,2,12,0.2222,9.6,727,16,0.022,1,4,1,0,2,59.6,4,1,0,4.15,17,0.0,1,0,0,0
ORD003825,11326,1292,2024-06-08 08:00:00,476.32,1,Fashion,8.7,COD,Delhi,Rural,10,0,4,6,0.0,12.8,696,51,0.0733,2,7,5,0,2,294.8,3,1,0,4.14,714,476.32,0,0,0,0
ORD003826,15066,1008,2024-06-08 09:00:00,1021.47,1,Footwear,8.7,COD,West Bengal,Rural,12,0,0,12,0.0,65.3,770,139,0.1805,2,6,3,0,5,197.4,3,1,0,3.62,1592,1021.47,0,0,0,0
ORD003827,17992,1270,2024-06-08 10:00:00,1587.57,1,Footwear,21.1,Credit Card,Karnataka,Urban,10,0,0,10,0.0,7.3,785,80,0.1019,0,3,3,0,4,62.6,7,1,0,4.34,107,0.0,0,0,0,0
ORD003828,11019,1386,2024-06-08 11:00:00,561.81,1,Footwear,11.8,COD,Bihar,Rural,9,0,1,8,0.0,66.0,752,141,0.1875,3,8,4,0,3,58.6,5,1,0,4.12,1936,561.81,0,1,0,1
ORD003829,15237,1092,2024-06-08 12:00:00,980.12,2,Fashion,9.8,UPI,Bihar,Semi-Urban,10,4,1,5,0.4,2.1,723,55,0.0761,3,5,5,0,3,159.2,3,1,0,3.9,1889,0.0,0,0,0,1
ORD003830,11836,1528,2024-06-08 13:00:00,1772.16,1,Home,2.6,Wallet,Maharashtra,Urban,6,0,0,6,0.0,2.5,798,120,0.1504,0,4,1,0,3,118.7,4,1,0,4.15,373,0.0,1,0,0,0
ORD003831,14256,1153,2024-06-08 14:00:00,1561.68,2,Footwear,10.6,COD,Delhi,Urban,11,0,2,9,0.0,17.0,738,112,0.1518,0,6,5,0,5,80.6,5,1,0,4.64,1634,1561.68,0,0,0,0
ORD003832,12448,1404,2024-06-08 15:00:00,547.53,3,Beauty,19.9,COD,West Bengal,Semi-Urban,12,1,1,10,0.0833,10.2,723,80,0.1107,0,4,2,0,2,328.6,2,1,0,4.66,933,547.53,0,0,0,1
ORD003833,14293,1148,2024-06-08 16:00:00,1372.33,1,Electronics,5.0,Credit Card,Delhi,Urban,7,0,3,4,0.0,0.5,748,53,0.0709,1,8,5,0,1,277.1,5,1,0,3.73,262,0.0,0,0,0,0
ORD003834,11283,1266,2024-06-08 17:00:00,1533.38,1,Electronics,7.0,COD,Maharashtra,Urban,7,0,0,7,0.0,19.6,721,89,0.1234,3,6,3,0,4,105.9,7,1,0,4.17,599,1533.38,0,0,0,1
ORD003835,10659,1421,2024-06-08 18:00:00,1170.04,1,Electronics,11.2,UPI,Delhi,Urban,11,3,0,8,0.2727,8.0,744,305,0.4099,2,5,1,0,3,82.3,3,1,0,3.87,1202,0.0,0,0,0,0
ORD003836,15871,1617,2024-06-08 19:00:00,2108.23,1,Fashion,2.3,COD,Bihar,Urban,10,0,1,9,0.0,19.0,752,123,0.1636,1,4,3,0,3,85.9,7,1,0,4.39,43,2108.23,0,0,0,0
ORD003837,15166,1471,2024-06-08 20:00:00,769.95,2,Beauty,4.2,UPI,Karnataka,Urban,8,0,0,8,0.0,22.3,830,33,0.0398,2,7,3,0,2,131.5,1,1,0,4.23,471,0.0,0,0,0,1
ORD003838,12010,1546,2024-06-08 21:00:00,1404.58,2,Beauty,5.9,COD,Delhi,Semi-Urban,11,0,1,10,0.0,5.7,736,94,0.1277,0,5,4,0,4,111.7,4,1,0,3.69,943,1404.58,0,0,0,0
ORD003839,10398,1630,2024-06-08 22:00:00,545.05,1,Beauty,28.1,COD,Bihar,Semi-Urban,9,1,2,6,0.1111,42.7,680,38,0.0559,4,9,2,0,5,195.0,2,1,1,4.32,1616,545.05,0,2,1,0
ORD003840,11733,1525,2024-06-08 23:00:00,419.74,1,Beauty,9.0,COD,Bihar,Semi-Urban,7,1,1,5,0.1429,16.8,774,123,0.1589,0,4,7,0,2,239.2,5,1,0,4.56,118,419.74,0,0,1,0
ORD003841,15678,1502,2024-06-09 00:00:00,1752.23,1,Beauty,27.2,COD,Maharashtra,Semi-Urban,10,2,1,7,0.2,32.6,738,99,0.1341,2,10,3,0,6,352.7,5,1,0,4.05,1112,1752.23,1,0,1,1
ORD003842,12125,1013,2024-06-09 01:00:00,1110.25,1,Home,19.8,COD,Karnataka,Urban,10,0,1,9,0.0,22.6,792,70,0.0884,1,5,4,0,3,287.2,2,1,0,4.5,582,1110.25,2,0,1,0
ORD003843,12171,1777,2024-06-09 02:00:00,830.43,2,Beauty,5.3,COD,Maharashtra,Urban,10,4,0,6,0.4,20.4,737,78,0.1058,1,7,2,0,2,139.2,4,1,0,4.51,1394,830.43,1,1,1,0
ORD003844,10074,1651,2024-06-09 03:00:00,578.77,1,Beauty,5.3,UPI,West Bengal,Rural,11,1,0,10,0.0909,40.8,699,53,0.0758,1,10,1,1,4,84.8,5,1,0,4.21,1070,0.0,0,0,1,0
ORD003845,16280,1363,2024-06-09 04:00:00,1801.3,1,Fashion,22.8,COD,Karnataka,Urban,7,1,1,5,0.1429,9.9,755,67,0.0887,2,7,3,0,1,248.6,4,1,0,3.45,108,1801.3,0,0,1,1
ORD003846,14697,1118,2024-06-09 05:00:00,443.72,2,Fashion,3.5,UPI,West Bengal,Semi-Urban,6,0,1,5,0.0,29.7,784,231,0.2946,4,8,2,0,3,118.2,4,1,0,3.73,1016,0.0,0,0,1,0
ORD003847,13471,1237,2024-06-09 06:00:00,1989.67,1,Beauty,2.2,Debit Card,Karnataka,Urban,11,1,1,9,0.0909,5.7,765,238,0.3111,2,8,2,0,2,96.9,7,1,0,3.85,409,0.0,0,0,0,0
ORD003848,10836,1545,2024-06-09 07:00:00,1437.41,1,Home,2.2,COD,Bihar,Urban,10,1,1,8,0.1,28.1,736,88,0.1196,1,3,2,0,3,158.2,3,1,0,3.86,754,1437.41,1,0,0,1
ORD003849,15624,1168,2024-06-09 08:00:00,457.29,1,Beauty,20.7,UPI,West Bengal,Urban,10,1,3,6,0.1,11.5,745,106,0.1423,0,3,1,0,4,192.4,5,1,0,3.8,1504,0.0,0,1,0,0
ORD003850,10499,1521,2024-06-09 09:00:00,1182.73,1,Beauty,7.5,COD,Karnataka,Semi-Urban,7,1,1,5,0.1429,0.4,724,39,0.0539,1,3,1,0,5,85.4,2,1,0,4.24,150,1182.73,0,0,0,0
ORD003851,15692,1633,2024-06-09 10:00:00,5389.65,2,Beauty,8.0,Credit Card,Karnataka,Semi-Urban,10,0,0,10,0.0,53.3,751,65,0.0866,3,6,1,0,3,82.1,5,1,0,4.18,115,0.0,1,0,0,0
ORD003852,10137,1656,2024-06-09 11:00:00,2238.7,3,Footwear,7.7,Wallet,West Bengal,Semi-Urban,10,0,0,10,0.0,2.4,775,60,0.0774,0,6,2,0,3,367.2,2,1,0,4.26,742,0.0,0,0,0,0
ORD003853,12097,1734,2024-06-09 12:00:00,667.26,1,Home,19.9,UPI,Karnataka,Rural,4,1,2,1,0.25,17.2,739,14,0.0189,0,2,5,0,1,152.0,3,1,0,4.23,1437,0.0,1,0,0,0
ORD003854,15890,1768,2024-06-09 13:00:00,1685.85,3,Electronics,16.2,COD,Maharashtra,Urban,8,2,0,6,0.25,34.2,746,14,0.0188,1,2,5,1,3,146.1,5,1,0,3.81,1117,1685.85,0,0,0,1
ORD003855,15068,1779,2024-06-09 14:00:00,468.93,1,Beauty,10.4,UPI,Maharashtra,Urban,7,0,1,6,0.0,2.4,745,27,0.0362,0,7,2,0,5,121.4,5,1,0,4.05,1191,0.0,1,0,0,0
ORD003856,15738,1515,2024-06-09 15:00:00,481.65,2,Electronics,6.3,UPI,West Bengal,Urban,6,1,0,5,0.1667,15.7,770,109,0.1416,3,8,2,0,3,398.8,1,1,0,4.38,958,0.0,0,0,0,0
ORD003857,13696,1396,2024-06-09 16:00:00,1053.23,3,Home,32.8,COD,Bihar,Urban,12,4,2,6,0.3333,3.9,756,49,0.0648,2,7,2,1,4,126.5,2,1,0,4.12,35,1053.23,0,0,0,1
ORD003858,11885,1105,2024-06-09 17:00:00,1526.89,1,Beauty,12.1,COD,Delhi,Rural,9,1,4,4,0.1111,60.6,766,74,0.0966,2,3,3,0,3,78.6,5,1,0,4.5,1026,1526.89,0,0,0,1
ORD003859,16397,1084,2024-06-09 18:00:00,1784.33,2,Electronics,28.6,UPI,West Bengal,Rural,10,2,0,8,0.2,17.3,746,43,0.0576,2,5,4,0,2,204.8,5,1,0,4.2,703,0.0,1,0,0,0
ORD003860,17797,1213,2024-06-09 19:00:00,1799.22,1,Electronics,24.6,Credit Card,West Bengal,Semi-Urban,13,1,0,12,0.0769,15.5,723,176,0.2434,3,4,5,0,1,245.6,7,1,0,4.21,1184,0.0,0,0,0,0
ORD003861,16124,1120,2024-06-09 20:00:00,1475.64,1,Home,32.3,Credit Card,West Bengal,Semi-Urban,12,0,2,10,0.0,22.6,734,133,0.1812,3,7,3,0,1,39.0,3,1,0,3.5,1578,0.0,0,0,0,0
ORD003862,12757,1131,2024-06-09 21:00:00,416.38,2,Beauty,5.7,UPI,West Bengal,Rural,10,0,1,9,0.0,14.8,770,157,0.2039,6,16,1,0,1,45.2,4,1,0,4.18,1599,0.0,0,0,0,1
ORD003863,13920,1196,2024-06-09 22:00:00,1057.27,3,Footwear,28.5,Debit Card,Maharashtra,Semi-Urban,10,0,1,9,0.0,80.1,754,26,0.0345,4,8,1,0,1,53.5,1,1,0,3.2,1838,0.0,0,0,1,0
ORD003864,11900,1018,2024-06-09 23:00:00,1961.0,3,Home,20.4,UPI,West Bengal,Urban,14,0,0,14,0.0,32.0,772,109,0.1412,0,9,3,0,4,272.2,2,1,0,3.86,463,0.0,0,0,1,0
ORD003865,12610,1641,2024-06-10 00:00:00,1430.78,2,Footwear,11.9,UPI,Bihar,Semi-Urban,16,5,2,9,0.3125,47.0,739,135,0.1827,4,11,3,0,2,429.1,4,0,0,3.7,564,0.0,0,0,1,0
ORD003866,16900,1011,2024-06-10 01:00:00,1223.25,1,Beauty,10.0,Credit Card,Delhi,Semi-Urban,12,0,0,12,0.0,3.0,701,68,0.097,0,5,2,0,4,74.9,2,0,0,3.91,120,0.0,0,1,1,0
ORD003867,13986,1080,2024-06-10 02:00:00,1336.13,1,Electronics,13.6,COD,Delhi,Semi-Urban,6,1,0,5,0.1667,53.1,756,82,0.1085,4,18,2,0,5,254.2,3,0,0,4.65,440,1336.13,0,0,1,1
ORD003868,11449,1329,2024-06-10 03:00:00,1322.81,4,Home,34.6,COD,Bihar,Urban,12,0,1,11,0.0,16.9,814,189,0.2322,2,6,2,0,2,364.5,6,0,0,4.06,517,1322.81,0,0,1,1
ORD003869,10546,1773,2024-06-10 04:00:00,337.33,1,Home,26.7,Wallet,West Bengal,Urban,11,1,0,10,0.0909,25.8,722,81,0.1122,3,6,2,0,2,175.4,1,0,0,4.48,757,0.0,1,0,1,0
ORD003870,17469,1391,2024-06-10 05:00:00,2192.8,2,Home,32.9,Debit Card,Delhi,Urban,7,2,1,4,0.2857,23.9,750,126,0.168,2,5,5,0,5,346.0,3,0,0,4.91,914,0.0,0,0,1,0
ORD003871,15017,1636,2024-06-10 06:00:00,1026.26,1,Fashion,6.8,Debit Card,Maharashtra,Urban,7,0,0,7,0.0,24.9,750,96,0.128,2,5,5,0,1,58.1,2,0,0,3.4,804,0.0,0,0,0,0
ORD003872,14676,1306,2024-06-10 07:00:00,1676.65,2,Beauty,6.7,COD,Delhi,Urban,6,0,1,5,0.0,29.3,738,46,0.0623,3,4,1,0,2,44.7,4,0,0,4.03,764,1676.65,0,0,0,0
ORD003873,15468,1266,2024-06-10 08:00:00,274.96,1,Fashion,8.1,UPI,Bihar,Urban,9,2,2,5,0.2222,5.8,772,143,0.1852,0,7,6,1,1,234.8,1,0,0,4.51,295,0.0,0,0,0,1
ORD003874,17999,1446,2024-06-10 09:00:00,2970.83,4,Home,19.9,UPI,Delhi,Urban,9,2,0,7,0.2222,18.1,752,35,0.0465,2,6,2,0,2,254.8,6,0,0,3.54,551,0.0,0,0,0,0
ORD003875,16052,1440,2024-06-10 10:00:00,547.93,1,Home,24.3,COD,Bihar,Urban,9,0,2,7,0.0,6.5,759,102,0.1344,3,9,6,0,4,125.0,1,0,0,3.98,766,547.93,0,0,0,1
ORD003876,12003,1651,2024-06-10 11:00:00,5038.2,3,Footwear,16.3,COD,West Bengal,Rural,8,3,0,5,0.375,2.8,775,46,0.0594,0,8,3,0,3,134.5,1,0,0,4.21,1049,5038.2,0,0,0,1
ORD003877,12096,1001,2024-06-10 12:00:00,3910.98,1,Fashion,6.1,COD,Delhi,Urban,11,1,0,10,0.0909,30.7,755,95,0.1258,0,3,9,0,4,140.2,4,0,0,4.66,1892,3910.98,2,0,0,1
ORD003878,17060,1519,2024-06-10 13:00:00,495.24,1,Electronics,44.0,COD,Bihar,Urban,6,0,0,6,0.0,19.0,751,78,0.1039,2,6,1,0,4,179.6,7,0,0,3.92,299,495.24,1,0,0,1
ORD003879,17241,1761,2024-06-10 14:00:00,1790.45,2,Beauty,3.8,Debit Card,Maharashtra,Urban,8,0,0,8,0.0,1.6,787,89,0.1131,0,6,5,0,1,65.4,3,0,0,4.14,149,0.0,0,0,0,0
ORD003880,10703,1650,2024-06-10 15:00:00,595.66,2,Electronics,10.6,COD,Maharashtra,Urban,7,2,0,5,0.2857,31.7,726,143,0.197,2,7,2,0,2,84.0,4,0,0,3.61,747,595.66,0,0,0,1
ORD003881,16404,1635,2024-06-10 16:00:00,747.22,3,Electronics,21.0,UPI,Karnataka,Semi-Urban,10,2,1,7,0.2,6.0,775,22,0.0284,2,8,2,0,4,50.2,6,0,0,3.32,1837,0.0,0,0,0,0
ORD003882,12403,1308,2024-06-10 17:00:00,757.41,1,Beauty,12.7,UPI,Delhi,Urban,14,1,1,12,0.0714,18.9,772,146,0.1891,0,9,1,0,2,48.7,3,0,0,4.2,391,0.0,1,1,0,0
ORD003883,17749,1739,2024-06-10 18:00:00,1434.77,1,Home,7.9,Debit Card,West Bengal,Semi-Urban,7,0,1,6,0.0,5.1,750,157,0.2093,4,7,1,0,1,155.7,3,0,0,4.44,843,0.0,1,0,0,0
ORD003884,11625,1521,2024-06-10 19:00:00,1332.46,1,Footwear,23.1,UPI,Karnataka,Urban,7,1,1,5,0.1429,28.4,732,13,0.0178,4,8,1,0,2,59.9,3,0,0,4.44,228,0.0,0,0,0,0
ORD003885,13331,1468,2024-06-10 20:00:00,533.28,1,Home,7.5,UPI,Delhi,Urban,10,0,3,7,0.0,2.6,776,41,0.0528,2,9,1,0,2,141.6,4,0,0,4.31,728,0.0,1,0,0,0
ORD003886,14733,1211,2024-06-10 21:00:00,1427.92,4,Home,18.2,COD,Maharashtra,Semi-Urban,8,1,0,7,0.125,21.2,735,192,0.2612,9,14,2,0,1,211.9,2,0,0,3.85,1598,1427.92,0,0,0,0
ORD003887,16886,1111,2024-06-10 22:00:00,970.23,1,Fashion,26.4,UPI,West Bengal,Rural,11,1,1,9,0.0909,65.9,718,15,0.0209,2,3,4,0,4,93.5,4,0,0,4.35,113,0.0,1,0,1,0
ORD003888,17462,1007,2024-06-10 23:00:00,367.85,1,Electronics,10.1,COD,Maharashtra,Urban,11,4,0,7,0.3636,33.5,768,40,0.0521,1,5,1,0,4,67.4,1,0,0,4.56,409,367.85,0,0,1,0
ORD003889,15105,1476,2024-06-11 00:00:00,845.21,1,Electronics,3.5,UPI,Delhi,Semi-Urban,7,0,0,7,0.0,34.9,704,18,0.0256,1,10,3,0,1,439.4,2,0,0,3.84,1597,0.0,0,0,1,0
ORD003890,12978,1459,2024-06-11 01:00:00,2969.82,1,Electronics,5.0,COD,West Bengal,Semi-Urban,6,0,0,6,0.0,40.5,791,129,0.1631,0,4,1,0,1,153.0,7,0,0,4.1,1783,2969.82,0,0,1,1
ORD003891,14736,1252,2024-06-11 02:00:00,862.5,1,Footwear,34.9,UPI,West Bengal,Urban,5,0,0,5,0.0,106.1,757,160,0.2114,3,11,4,0,2,97.2,1,0,0,4.53,1888,0.0,0,0,1,0
ORD003892,12839,1525,2024-06-11 03:00:00,364.56,1,Footwear,7.5,UPI,Karnataka,Rural,8,0,4,4,0.0,0.1,730,87,0.1192,2,7,3,0,1,80.8,3,0,0,2.84,1516,0.0,0,0,1,0
ORD003893,13384,1751,2024-06-11 04:00:00,1787.69,1,Footwear,27.8,COD,West Bengal,Semi-Urban,12,0,1,11,0.0,19.8,768,32,0.0417,1,7,3,0,5,286.3,4,0,0,3.99,1410,1787.69,0,0,1,0
ORD003894,12659,1437,2024-06-11 05:00:00,628.6,1,Beauty,11.4,COD,Delhi,Urban,9,0,0,9,0.0,58.1,707,128,0.181,4,8,7,0,3,120.0,4,0,0,5.0,860,628.6,1,2,1,0
ORD003895,11861,1753,2024-06-11 06:00:00,1247.2,4,Footwear,8.5,UPI,Bihar,Rural,7,0,1,6,0.0,45.2,727,130,0.1788,1,8,4,0,4,76.0,5,0,0,3.98,1232,0.0,2,0,0,0
ORD003896,12856,1660,2024-06-11 07:00:00,989.11,1,Fashion,35.1,Credit Card,Bihar,Urban,10,1,0,9,0.1,2.4,807,35,0.0434,1,4,3,0,3,167.9,4,0,0,4.36,1240,0.0,1,0,0,0
ORD003897,15301,1235,2024-06-11 08:00:00,3155.82,1,Fashion,7.5,COD,West Bengal,Urban,12,0,1,11,0.0,9.1,693,69,0.0996,2,8,6,1,2,31.7,5,0,0,3.97,1297,3155.82,0,0,0,1
ORD003898,10685,1305,2024-06-11 09:00:00,989.53,4,Home,17.4,COD,Bihar,Urban,12,1,4,7,0.0833,4.3,736,47,0.0639,0,3,2,0,5,87.4,1,0,0,4.37,1147,989.53,0,0,0,0
ORD003899,15947,1477,2024-06-11 10:00:00,551.83,2,Home,19.2,COD,Delhi,Semi-Urban,9,2,0,7,0.2222,49.6,764,140,0.1832,5,9,2,0,1,171.7,2,0,0,3.29,274,551.83,0,0,0,0
ORD003900,17531,1678,2024-06-11 11:00:00,827.73,4,Home,9.9,COD,Karnataka,Semi-Urban,8,2,0,6,0.25,22.2,770,7,0.0091,2,9,3,0,2,126.4,2,0,0,3.98,240,827.73,0,0,0,0
ORD003901,14283,1019,2024-06-11 12:00:00,524.65,4,Home,19.3,Credit Card,Maharashtra,Urban,8,1,1,6,0.125,43.0,786,117,0.1489,1,9,3,0,3,111.8,6,0,0,4.11,1984,0.0,0,0,0,1
ORD003902,17736,1215,2024-06-11 13:00:00,967.23,1,Fashion,2.0,UPI,Maharashtra,Urban,5,0,0,5,0.0,27.5,733,62,0.0846,1,2,3,0,5,164.7,7,0,0,4.26,1867,0.0,0,0,0,0
ORD003903,17710,1134,2024-06-11 14:00:00,3171.23,2,Home,20.7,COD,Delhi,Urban,11,0,0,11,0.0,16.0,779,118,0.1515,2,9,4,0,6,37.0,5,0,0,4.58,597,3171.23,1,1,0,0
ORD003904,11619,1128,2024-06-11 15:00:00,2319.44,1,Fashion,13.8,Debit Card,Karnataka,Urban,9,0,0,9,0.0,84.9,763,82,0.1075,3,5,4,0,4,141.8,1,0,0,3.51,214,0.0,1,0,0,0
ORD003905,15783,1409,2024-06-11 16:00:00,3732.06,1,Footwear,10.3,COD,Delhi,Semi-Urban,6,2,1,3,0.3333,44.9,781,274,0.3508,2,5,7,0,1,164.2,4,0,0,4.17,165,3732.06,0,0,0,0
ORD003906,15080,1421,2024-06-11 17:00:00,1461.98,2,Footwear,26.4,COD,West Bengal,Semi-Urban,10,3,0,7,0.3,46.8,759,47,0.0619,1,8,3,0,1,154.7,2,0,0,4.16,1789,1461.98,0,0,0,0
ORD003907,14643,1293,2024-06-11 18:00:00,1194.95,1,Beauty,4.3,COD,Karnataka,Urban,10,1,1,8,0.1,92.4,792,268,0.3384,2,7,4,0,5,166.5,2,0,0,4.84,1758,1194.95,0,0,0,0
ORD003908,16868,1245,2024-06-11 19:00:00,602.46,2,Home,29.1,COD,Bihar,Urban,10,2,2,6,0.2,4.0,751,32,0.0426,3,8,3,0,4,76.2,3,0,0,3.73,91,602.46,0,0,0,0
ORD003909,17069,1700,2024-06-11 20:00:00,1289.23,2,Footwear,4.3,COD,West Bengal,Urban,7,0,0,7,0.0,49.9,731,71,0.0971,1,5,3,0,2,182.4,4,0,0,3.84,833,1289.23,0,0,0,0
ORD003910,11431,1555,2024-06-11 21:00:00,1014.13,1,Footwear,15.8,COD,Bihar,Urban,8,0,1,7,0.0,33.6,778,86,0.1105,0,7,4,0,1,52.8,6,0,0,3.85,1986,1014.13,0,0,0,0
ORD003911,10875,1085,2024-06-11 22:00:00,1749.66,3,Electronics,29.9,Credit Card,West Bengal,Semi-Urban,9,2,1,6,0.2222,1.2,732,18,0.0246,6,8,2,0,4,145.2,3,0,0,4.57,1172,0.0,0,1,1,0
ORD003912,14713,1555,2024-06-11 23:00:00,559.28,1,Electronics,15.8,COD,West Bengal,Urban,13,1,2,10,0.0769,2.6,740,42,0.0568,1,3,2,0,2,266.9,4,0,0,4.15,946,559.28,0,0,1,0
ORD003913,12461,1374,2024-06-12 00:00:00,1131.85,1,Fashion,10.6,COD,West Bengal,Urban,10,0,1,9,0.0,71.7,706,137,0.1941,4,10,3,0,1,103.7,6,0,0,3.44,641,1131.85,1,1,1,0
ORD003914,11365,1445,2024-06-12 01:00:00,426.62,3,Beauty,2.7,UPI,West Bengal,Semi-Urban,5,2,0,3,0.4,9.3,731,140,0.1915,1,10,5,0,4,250.5,1,0,0,4.43,125,0.0,0,0,1,1
ORD003915,11243,1377,2024-06-12 02:00:00,1342.87,1,Electronics,31.3,Credit Card,Karnataka,Rural,7,0,0,7,0.0,4.1,730,108,0.1479,2,5,4,0,1,25.9,7,0,0,3.6,125,0.0,0,0,1,0
ORD003916,14998,1389,2024-06-12 03:00:00,1644.93,2,Beauty,20.4,COD,Karnataka,Urban,5,0,2,3,0.0,60.7,731,119,0.1628,0,5,3,0,4,26.8,2,0,0,3.89,796,1644.93,0,0,1,0
ORD003917,10162,1656,2024-06-12 04:00:00,414.51,1,Footwear,22.9,COD,West Bengal,Urban,13,1,0,12,0.0769,39.3,717,128,0.1785,2,8,1,0,2,336.3,1,0,0,4.39,1403,414.51,0,0,1,0
ORD003918,11974,1050,2024-06-12 05:00:00,490.85,1,Fashion,35.3,COD,Delhi,Rural,10,2,0,8,0.2,17.9,748,106,0.1417,2,8,3,0,2,230.2,2,0,0,4.85,1669,490.85,0,0,1,0
ORD003919,13291,1241,2024-06-12 06:00:00,503.92,2,Beauty,23.5,COD,West Bengal,Urban,16,2,0,14,0.125,29.7,748,56,0.0749,1,4,2,0,3,53.7,2,0,0,4.31,1413,503.92,0,0,0,0
ORD003920,10269,1293,2024-06-12 07:00:00,985.77,1,Electronics,3.5,COD,West Bengal,Semi-Urban,5,0,2,3,0.0,164.8,734,29,0.0395,0,6,4,0,2,333.1,5,0,0,3.91,57,985.77,0,0,0,0
ORD003921,10631,1562,2024-06-12 08:00:00,474.14,1,Footwear,21.3,COD,Delhi,Semi-Urban,13,2,0,11,0.1538,6.6,713,43,0.0603,0,3,2,0,2,186.0,6,0,0,3.84,85,474.14,0,0,0,0
ORD003922,10905,1265,2024-06-12 09:00:00,2507.63,1,Home,12.6,COD,Delhi,Urban,5,0,0,5,0.0,8.2,740,149,0.2014,0,10,3,0,2,205.7,3,0,0,3.9,570,2507.63,0,1,0,1
ORD003923,13471,1119,2024-06-12 10:00:00,1424.66,3,Footwear,9.9,Credit Card,West Bengal,Urban,8,0,1,7,0.0,5.4,761,95,0.1248,1,7,1,0,3,243.0,7,0,0,4.04,1500,0.0,1,0,0,0
ORD003924,13253,1711,2024-06-12 11:00:00,1570.93,1,Electronics,7.9,COD,Maharashtra,Urban,10,0,0,10,0.0,8.1,748,134,0.1791,2,9,1,0,3,44.8,5,0,0,4.15,1539,1570.93,0,0,0,0
ORD003925,12014,1247,2024-06-12 12:00:00,422.66,3,Electronics,14.3,UPI,Maharashtra,Semi-Urban,11,2,0,9,0.1818,2.8,731,84,0.1149,3,7,1,0,3,289.4,7,0,0,4.42,798,0.0,0,0,0,1
ORD003926,11641,1069,2024-06-12 13:00:00,2382.5,1,Home,19.9,COD,Delhi,Semi-Urban,10,0,0,10,0.0,46.1,771,153,0.1984,1,4,3,0,1,63.4,3,0,0,3.65,542,2382.5,2,0,0,0
ORD003927,17896,1056,2024-06-12 14:00:00,1619.33,2,Footwear,6.9,COD,West Bengal,Semi-Urban,13,0,0,13,0.0,4.4,680,20,0.0294,1,5,4,0,1,86.5,3,0,0,4.52,343,1619.33,0,0,0,0
ORD003928,10204,1381,2024-06-12 15:00:00,728.21,3,Beauty,15.7,UPI,Bihar,Urban,9,0,0,9,0.0,12.1,762,53,0.0696,1,5,2,1,5,336.8,1,0,0,4.0,909,0.0,0,0,0,0
ORD003929,10581,1038,2024-06-12 16:00:00,434.82,1,Beauty,9.0,COD,Bihar,Urban,2,0,0,2,0.0,21.3,749,121,0.1615,0,8,2,0,1,45.0,4,0,0,4.31,591,434.82,1,0,0,0
ORD003930,15675,1442,2024-06-12 17:00:00,1047.67,1,Footwear,10.6,COD,West Bengal,Urban,6,0,0,6,0.0,48.7,744,97,0.1304,0,7,2,0,2,95.3,7,0,0,4.34,1395,1047.67,1,0,0,1
ORD003931,10840,1017,2024-06-12 18:00:00,828.93,2,Beauty,10.8,Wallet,West Bengal,Rural,5,0,0,5,0.0,3.4,762,60,0.0787,0,6,1,0,4,101.5,4,0,0,3.96,840,0.0,0,1,0,0
ORD003932,15932,1731,2024-06-12 19:00:00,849.84,2,Footwear,30.3,Debit Card,West Bengal,Rural,11,0,1,10,0.0,26.0,757,74,0.0978,5,8,3,0,3,154.5,7,0,0,3.77,1641,0.0,0,0,0,0
ORD003933,15347,1755,2024-06-12 20:00:00,718.19,1,Footwear,9.8,UPI,Bihar,Urban,8,0,0,8,0.0,43.1,767,24,0.0313,1,4,6,0,1,192.2,6,0,0,3.58,78,0.0,0,0,0,0
ORD003934,11719,1351,2024-06-12 21:00:00,1690.64,2,Electronics,5.5,COD,Bihar,Urban,9,0,0,9,0.0,51.5,756,190,0.2513,1,7,4,0,6,66.4,2,0,0,3.31,1811,1690.64,1,0,0,0
ORD003935,15738,1297,2024-06-12 22:00:00,230.36,2,Fashion,18.1,UPI,Delhi,Semi-Urban,11,0,1,10,0.0,63.0,755,22,0.0291,1,8,2,0,3,218.7,4,0,0,3.82,1114,0.0,0,0,1,0
ORD003936,12643,1282,2024-06-12 23:00:00,2586.23,2,Electronics,17.5,COD,Karnataka,Urban,4,1,0,3,0.25,1.9,747,67,0.0897,3,8,6,0,7,263.8,5,0,0,3.84,1064,2586.23,0,0,1,1
ORD003937,12297,1585,2024-06-13 00:00:00,1995.94,2,Beauty,12.5,COD,Delhi,Semi-Urban,5,0,0,5,0.0,15.7,762,158,0.2073,4,11,3,1,3,208.1,3,0,0,4.19,553,1995.94,0,1,1,0
ORD003938,10874,1109,2024-06-13 01:00:00,1244.4,1,Fashion,22.0,COD,Delhi,Urban,6,1,1,4,0.1667,14.3,722,44,0.0609,5,13,2,0,4,93.3,5,0,0,4.89,1371,1244.4,0,0,1,1
ORD003939,15560,1179,2024-06-13 02:00:00,1005.81,4,Footwear,22.2,UPI,Maharashtra,Urban,9,0,0,9,0.0,0.1,751,81,0.1079,3,10,1,0,3,147.7,2,0,0,4.04,1962,0.0,0,0,1,0
ORD003940,17700,1543,2024-06-13 03:00:00,2100.29,1,Beauty,4.9,Credit Card,Delhi,Urban,7,0,0,7,0.0,32.5,811,137,0.1689,0,6,2,0,1,238.5,3,0,0,4.06,24,0.0,0,0,1,0
ORD003941,16339,1745,2024-06-13 04:00:00,1069.18,1,Home,15.4,Credit Card,Delhi,Urban,12,2,1,9,0.1667,36.0,715,68,0.0951,2,8,4,0,4,32.5,7,0,0,3.98,1703,0.0,1,0,1,1
ORD003942,10689,1793,2024-06-13 05:00:00,927.92,1,Beauty,13.0,Credit Card,Delhi,Urban,6,2,0,4,0.3333,6.2,752,5,0.0066,5,10,3,0,3,83.3,2,0,0,4.6,936,0.0,0,0,1,0
ORD003943,14000,1024,2024-06-13 06:00:00,2171.62,1,Fashion,11.4,COD,Delhi,Urban,16,1,0,15,0.0625,48.9,743,39,0.0525,2,4,2,0,5,170.2,7,0,0,4.64,849,2171.62,1,0,0,0
ORD003944,16106,1790,2024-06-13 07:00:00,3850.8,1,Fashion,2.1,UPI,Karnataka,Urban,8,4,0,4,0.5,9.5,814,59,0.0725,3,8,1,0,2,17.2,3,0,0,4.62,967,0.0,0,0,0,0
ORD003945,17686,1737,2024-06-13 08:00:00,612.41,1,Footwear,1.5,Debit Card,Maharashtra,Urban,11,0,0,11,0.0,9.3,761,115,0.1511,3,8,3,0,4,44.4,4,0,0,4.31,1884,0.0,0,0,0,0
ORD003946,13141,1056,2024-06-13 09:00:00,1414.99,1,Home,11.3,Credit Card,Bihar,Urban,6,1,1,4,0.1667,20.5,747,87,0.1165,1,3,4,0,2,50.1,2,0,0,4.81,1999,0.0,0,0,0,0
ORD003947,16782,1179,2024-06-13 10:00:00,571.44,2,Footwear,12.2,COD,West Bengal,Urban,9,0,4,5,0.0,6.1,798,142,0.1779,0,3,4,0,3,73.1,5,0,0,4.91,1151,571.44,0,0,0,0
ORD003948,11422,1231,2024-06-13 11:00:00,1481.76,1,Home,10.8,Debit Card,Bihar,Urban,7,2,0,5,0.2857,34.9,685,62,0.0905,3,9,3,0,3,29.1,5,0,0,4.73,408,0.0,1,0,0,0
ORD003949,16097,1342,2024-06-13 12:00:00,687.52,1,Home,30.9,UPI,Maharashtra,Rural,6,2,2,2,0.3333,7.5,762,153,0.2008,2,7,4,0,2,217.4,2,0,0,4.6,1879,0.0,0,0,0,0
ORD003950,10671,1476,2024-06-13 13:00:00,2268.62,1,Footwear,29.5,COD,Delhi,Urban,10,1,1,8,0.1,21.7,755,130,0.1722,3,9,2,0,5,399.5,4,0,0,3.54,1300,2268.62,0,0,0,0
ORD003951,17927,1798,2024-06-13 14:00:00,1032.7,1,Beauty,5.3,COD,Bihar,Urban,8,0,1,7,0.0,7.0,731,26,0.0356,3,8,1,0,3,66.9,2,0,0,4.43,1162,1032.7,0,0,0,0
ORD003952,17370,1575,2024-06-13 15:00:00,1127.65,1,Electronics,22.5,COD,Delhi,Urban,7,0,1,6,0.0,10.5,767,204,0.266,1,7,3,0,4,203.4,4,0,0,3.52,750,1127.65,0,0,0,0
ORD003953,11171,1454,2024-06-13 16:00:00,2918.04,1,Home,13.0,UPI,Karnataka,Semi-Urban,12,0,0,12,0.0,67.6,746,72,0.0965,3,9,2,0,4,132.8,4,0,0,4.35,1011,0.0,1,0,0,0
ORD003954,15591,1231,2024-06-13 17:00:00,706.41,4,Fashion,12.3,COD,Karnataka,Urban,11,0,2,9,0.0,15.7,696,31,0.0445,1,5,2,0,2,69.3,7,0,0,4.51,911,706.41,1,0,0,1
ORD003955,13726,1288,2024-06-13 18:00:00,1653.92,3,Footwear,13.5,COD,Maharashtra,Urban,6,0,2,4,0.0,28.5,754,45,0.0597,2,9,3,0,2,248.6,3,0,0,4.25,1659,1653.92,1,0,0,0
ORD003956,10943,1212,2024-06-13 19:00:00,749.89,3,Beauty,10.1,Wallet,Bihar,Rural,7,1,0,6,0.1429,6.2,751,113,0.1505,2,5,2,0,2,106.9,3,0,0,3.68,1727,0.0,0,0,0,0
ORD003957,16342,1257,2024-06-13 20:00:00,2247.96,1,Home,6.2,Credit Card,Karnataka,Urban,7,1,0,6,0.1429,30.1,788,15,0.019,0,8,2,0,6,11.5,7,0,0,4.5,1902,0.0,0,0,0,1
ORD003958,11449,1529,2024-06-13 21:00:00,3203.67,1,Beauty,18.7,UPI,Maharashtra,Rural,7,1,2,4,0.1429,95.2,751,47,0.0626,3,10,4,0,5,111.4,4,0,0,4.2,1206,0.0,0,1,0,0
ORD003959,13737,1686,2024-06-13 22:00:00,936.6,1,Footwear,14.9,UPI,Maharashtra,Semi-Urban,6,3,0,3,0.5,30.7,735,56,0.0762,1,5,2,0,5,166.6,3,0,0,4.22,1779,0.0,1,0,1,0
ORD003960,12539,1228,2024-06-13 23:00:00,293.99,2,Fashion,24.9,UPI,Maharashtra,Semi-Urban,7,0,0,7,0.0,16.8,773,54,0.0699,1,3,6,0,5,39.5,3,0,0,4.37,453,0.0,0,0,1,0
ORD003961,13959,1225,2024-06-14 00:00:00,725.69,1,Home,22.3,Credit Card,Bihar,Semi-Urban,9,0,1,8,0.0,3.2,762,66,0.0866,2,2,3,0,4,60.5,4,0,0,4.37,102,0.0,0,0,1,0
ORD003962,14991,1595,2024-06-14 01:00:00,4720.08,1,Home,7.9,Debit Card,Bihar,Urban,6,0,0,6,0.0,19.2,753,74,0.0983,2,9,5,0,2,34.7,4,0,0,4.1,1182,0.0,0,0,1,0
ORD003963,16285,1434,2024-06-14 02:00:00,768.72,1,Beauty,11.0,Credit Card,Maharashtra,Semi-Urban,5,1,0,4,0.2,6.9,761,168,0.2208,0,10,4,1,5,54.9,4,0,0,4.17,1019,0.0,0,0,1,1
ORD003964,15432,1757,2024-06-14 03:00:00,3173.57,1,Footwear,10.9,COD,West Bengal,Urban,10,1,1,8,0.1,34.0,724,94,0.1298,2,6,4,0,4,111.6,6,0,0,4.51,378,3173.57,0,0,1,0
ORD003965,14260,1401,2024-06-14 04:00:00,762.21,4,Electronics,1.8,COD,Bihar,Urban,7,0,0,7,0.0,9.9,728,25,0.0343,5,6,4,0,4,52.0,2,0,0,4.17,1742,762.21,0,0,1,0
ORD003966,12361,1621,2024-06-14 05:00:00,751.0,2,Home,22.8,Credit Card,Bihar,Urban,12,1,1,10,0.0833,4.2,732,90,0.123,1,6,4,0,4,119.7,6,0,0,4.93,1673,0.0,0,0,1,0
ORD003967,16164,1765,2024-06-14 06:00:00,1750.25,2,Fashion,6.5,Credit Card,West Bengal,Urban,8,3,0,5,0.375,3.8,717,167,0.2329,0,3,2,0,4,48.4,6,0,0,3.99,1210,0.0,0,0,0,1
ORD003968,15201,1087,2024-06-14 07:00:00,1628.81,1,Home,37.6,UPI,Bihar,Urban,8,0,1,7,0.0,4.0,744,49,0.0659,1,4,4,0,6,23.6,4,0,0,3.82,496,0.0,0,0,0,0
ORD003969,13652,1583,2024-06-14 08:00:00,1828.6,3,Home,14.7,UPI,Bihar,Urban,11,0,1,10,0.0,29.7,761,103,0.1353,3,7,3,0,7,124.0,3,0,0,4.55,651,0.0,0,0,0,0
ORD003970,17298,1541,2024-06-14 09:00:00,1099.87,2,Electronics,14.0,COD,Karnataka,Urban,6,0,1,5,0.0,1.3,753,194,0.2576,0,6,4,0,4,21.8,7,0,0,4.3,119,1099.87,1,0,0,0
ORD003971,13670,1683,2024-06-14 10:00:00,2039.82,3,Electronics,13.8,COD,West Bengal,Urban,12,0,3,9,0.0,82.5,722,352,0.4875,2,7,4,0,4,267.7,4,0,0,3.87,439,2039.82,0,0,0,0
ORD003972,11753,1308,2024-06-14 11:00:00,1952.57,1,Footwear,8.6,UPI,Karnataka,Semi-Urban,4,0,1,3,0.0,5.5,699,71,0.1016,2,7,3,0,3,384.9,5,0,0,3.66,1510,0.0,0,0,0,0
ORD003973,17127,1342,2024-06-14 12:00:00,2185.1,1,Home,9.0,Wallet,West Bengal,Urban,8,0,1,7,0.0,10.0,766,84,0.1097,1,8,2,0,3,90.6,5,0,0,4.36,1582,0.0,0,0,0,0
ORD003974,12352,1435,2024-06-14 13:00:00,754.36,2,Home,21.1,Credit Card,West Bengal,Urban,13,1,3,9,0.0769,4.7,776,78,0.1005,1,3,5,0,2,42.1,7,0,0,4.22,544,0.0,0,1,0,0
ORD003975,11938,1176,2024-06-14 14:00:00,2038.92,1,Beauty,6.6,COD,West Bengal,Semi-Urban,9,0,2,7,0.0,53.7,679,69,0.1016,3,8,2,0,4,184.2,3,0,0,3.95,1982,2038.92,1,0,0,0
ORD003976,10370,1138,2024-06-14 15:00:00,802.07,3,Beauty,13.1,COD,Bihar,Semi-Urban,13,1,1,11,0.0769,0.9,743,15,0.0202,2,6,4,0,3,327.4,3,0,0,4.26,1873,802.07,1,0,0,0
ORD003977,15976,1193,2024-06-14 16:00:00,997.99,4,Fashion,21.9,COD,Maharashtra,Urban,10,1,1,8,0.1,31.5,752,226,0.3005,1,6,2,0,3,443.5,3,0,0,4.64,209,997.99,0,0,0,0
ORD003978,14948,1185,2024-06-14 17:00:00,985.77,1,Fashion,33.6,COD,Delhi,Rural,10,1,0,9,0.1,3.0,785,104,0.1325,4,11,1,1,5,102.4,1,0,0,4.06,739,985.77,0,0,0,0
ORD003979,14479,1217,2024-06-14 18:00:00,602.53,1,Beauty,29.4,COD,Maharashtra,Urban,9,1,2,6,0.1111,200.1,736,129,0.1753,2,7,1,0,1,84.9,2,0,0,4.9,385,602.53,0,0,0,0
ORD003980,11931,1163,2024-06-14 19:00:00,387.1,1,Fashion,5.5,Wallet,Bihar,Urban,7,0,1,6,0.0,12.3,786,153,0.1947,2,5,4,0,1,110.0,3,0,0,3.81,364,0.0,1,0,0,0
ORD003981,16588,1160,2024-06-14 20:00:00,2285.26,3,Home,6.1,Debit Card,Bihar,Semi-Urban,6,1,2,3,0.1667,9.7,773,150,0.194,2,5,2,0,2,88.9,5,0,0,4.65,272,0.0,0,0,0,0
ORD003982,10424,1524,2024-06-14 21:00:00,719.57,2,Electronics,1.3,COD,Delhi,Urban,9,0,2,7,0.0,12.4,698,61,0.0874,4,7,2,0,3,356.9,4,0,0,4.57,1888,719.57,1,0,0,1
ORD003983,16304,1600,2024-06-14 22:00:00,932.77,1,Home,6.6,UPI,Bihar,Rural,10,4,2,4,0.4,11.4,732,204,0.2787,2,6,2,0,2,61.8,7,0,0,4.31,1558,0.0,0,0,1,0
ORD003984,17345,1041,2024-06-14 23:00:00,707.38,1,Beauty,12.6,Credit Card,West Bengal,Urban,9,3,2,4,0.3333,4.8,753,91,0.1208,1,5,1,0,3,104.7,3,0,0,4.27,310,0.0,0,0,1,0
ORD003985,14724,1209,2024-06-15 00:00:00,940.12,1,Footwear,10.8,UPI,Karnataka,Semi-Urban,12,0,4,8,0.0,51.3,797,75,0.0941,1,3,6,0,4,89.1,6,1,0,4.62,1836,0.0,2,0,1,0
ORD003986,17875,1740,2024-06-15 01:00:00,809.53,2,Footwear,16.6,UPI,Karnataka,Semi-Urban,10,0,0,10,0.0,25.1,704,133,0.1889,1,3,4,0,5,183.5,2,1,0,4.47,1793,0.0,0,0,1,0
ORD003987,10894,1274,2024-06-15 02:00:00,2362.44,1,Beauty,24.4,Credit Card,West Bengal,Urban,14,2,0,12,0.1429,10.7,787,163,0.2071,1,9,3,0,2,24.0,6,1,0,4.31,676,0.0,1,0,1,0
ORD003988,16633,1278,2024-06-15 03:00:00,769.47,1,Home,26.1,COD,Maharashtra,Semi-Urban,8,1,3,4,0.125,11.7,762,23,0.0302,5,12,1,0,3,305.1,2,1,0,4.34,1596,769.47,0,0,1,0
ORD003989,17160,1250,2024-06-15 04:00:00,3067.85,2,Fashion,12.1,Wallet,Karnataka,Semi-Urban,13,0,0,13,0.0,1.9,761,62,0.0815,1,5,1,0,1,175.0,2,1,0,4.24,630,0.0,0,0,1,0
ORD003990,16470,1309,2024-06-15 05:00:00,2172.35,1,Fashion,18.1,UPI,West Bengal,Rural,14,4,0,10,0.2857,12.3,745,120,0.1611,1,4,5,0,3,304.4,2,1,0,4.76,1076,0.0,0,1,1,0
ORD003991,10597,1719,2024-06-15 06:00:00,824.96,1,Footwear,7.3,UPI,Maharashtra,Urban,11,0,0,11,0.0,36.4,726,98,0.135,1,6,6,0,1,242.4,3,1,0,3.95,884,0.0,0,0,0,0
ORD003992,13062,1139,2024-06-15 07:00:00,1328.61,1,Beauty,16.6,COD,Karnataka,Urban,14,3,0,11,0.2143,13.1,775,58,0.0748,1,5,2,0,7,119.9,3,1,0,4.24,352,1328.61,0,0,0,0
ORD003993,12336,1791,2024-06-15 08:00:00,1497.58,1,Beauty,9.0,Wallet,West Bengal,Rural,5,1,1,3,0.2,15.0,747,67,0.0897,1,5,2,0,1,99.4,4,1,0,3.8,431,0.0,0,0,0,0
ORD003994,14688,1545,2024-06-15 09:00:00,1817.04,1,Electronics,14.1,COD,Karnataka,Urban,9,2,1,6,0.2222,5.1,750,38,0.0507,3,8,4,0,3,137.3,4,1,0,4.19,475,1817.04,0,0,0,1
ORD003995,11687,1529,2024-06-15 10:00:00,1928.08,4,Footwear,30.3,Wallet,Karnataka,Urban,9,1,4,4,0.1111,4.2,700,59,0.0843,3,7,6,0,3,139.5,3,1,0,4.4,1226,0.0,1,0,0,0
ORD003996,17740,1056,2024-06-15 11:00:00,1226.57,2,Beauty,17.7,Debit Card,Karnataka,Urban,5,0,0,5,0.0,30.6,761,121,0.159,2,6,2,0,1,150.2,4,1,0,3.85,799,0.0,0,1,0,0
ORD003997,10572,1111,2024-06-15 12:00:00,618.53,3,Electronics,17.6,Credit Card,Delhi,Rural,10,0,0,10,0.0,28.6,801,96,0.1199,3,10,3,0,4,197.5,2,1,0,4.82,430,0.0,1,0,0,0
ORD003998,17521,1004,2024-06-15 13:00:00,1610.88,3,Fashion,6.7,UPI,Maharashtra,Urban,8,0,1,7,0.0,24.4,718,186,0.2591,2,6,2,0,4,131.5,6,1,1,4.25,1487,0.0,0,0,0,0
ORD003999,16171,1409,2024-06-15 14:00:00,951.55,1,Footwear,11.9,UPI,Karnataka,Semi-Urban,3,0,0,3,0.0,37.0,773,48,0.0621,2,8,3,0,2,123.8,5,1,0,4.13,1585,0.0,1,0,0,0
ORD004000,17097,1413,2024-06-15 15:00:00,205.71,1,Footwear,2.9,Wallet,West Bengal,Urban,7,0,1,6,0.0,15.8,724,11,0.0152,0,8,3,0,3,59.7,3,1,0,3.65,118,0.0,1,0,0,0
ORD004001,12090,1181,2024-06-15 16:00:00,1385.99,1,Beauty,17.0,Wallet,Delhi,Urban,6,0,0,6,0.0,3.3,744,68,0.0914,2,7,2,0,3,25.6,4,1,0,4.11,400,0.0,0,0,0,0
ORD004002,15800,1012,2024-06-15 17:00:00,705.94,2,Beauty,8.5,Credit Card,Bihar,Rural,4,1,0,3,0.25,19.7,759,5,0.0066,2,5,4,0,4,175.6,4,1,0,4.45,138,0.0,1,0,0,0
ORD004003,16566,1338,2024-06-15 18:00:00,832.94,2,Home,19.3,COD,Bihar,Urban,11,4,2,5,0.3636,7.3,690,107,0.1551,1,6,3,1,1,145.9,5,1,0,4.46,104,832.94,0,0,0,1
ORD004004,13669,1796,2024-06-15 19:00:00,1100.6,1,Fashion,23.4,COD,Maharashtra,Semi-Urban,7,0,0,7,0.0,30.2,769,98,0.1274,4,8,5,1,1,161.6,2,1,0,3.55,1275,1100.6,0,1,0,1
ORD004005,14272,1258,2024-06-15 20:00:00,431.73,1,Fashion,24.1,Credit Card,West Bengal,Urban,12,0,0,12,0.0,26.7,738,169,0.229,1,4,4,0,1,50.2,6,1,0,4.44,1863,0.0,0,0,0,0
ORD004006,14624,1089,2024-06-15 21:00:00,1192.04,1,Electronics,12.8,UPI,Delhi,Urban,11,2,1,8,0.1818,7.3,748,54,0.0722,1,6,5,0,3,253.3,7,1,0,4.82,1669,0.0,0,1,0,0
ORD004007,11633,1615,2024-06-15 22:00:00,906.85,1,Electronics,5.5,COD,West Bengal,Semi-Urban,7,0,2,5,0.0,50.2,717,161,0.2245,1,5,4,0,3,71.5,4,1,0,4.15,441,906.85,0,0,1,0
ORD004008,15061,1697,2024-06-15 23:00:00,647.86,3,Home,11.2,COD,Delhi,Urban,8,0,0,8,0.0,56.1,783,84,0.1073,2,3,3,0,2,173.4,5,1,0,4.05,764,647.86,0,0,1,1
ORD004009,11517,1249,2024-06-16 00:00:00,1127.49,1,Fashion,31.2,COD,Delhi,Urban,12,1,2,9,0.0833,29.1,762,51,0.0669,2,7,6,1,4,78.1,1,1,0,3.5,686,1127.49,1,0,1,0
ORD004010,14293,1254,2024-06-16 01:00:00,397.77,3,Electronics,31.7,Debit Card,Bihar,Urban,10,0,0,10,0.0,13.6,761,38,0.0499,5,6,1,0,3,151.9,5,1,0,3.85,337,0.0,0,0,1,0
ORD004011,12657,1587,2024-06-16 02:00:00,1147.54,1,Fashion,6.2,UPI,Maharashtra,Rural,10,0,0,10,0.0,22.8,803,162,0.2017,1,7,1,0,2,53.1,7,1,0,4.01,435,0.0,0,0,1,0
ORD004012,13648,1107,2024-06-16 03:00:00,1454.42,2,Fashion,11.2,COD,Maharashtra,Semi-Urban,9,0,1,8,0.0,10.1,766,117,0.1527,1,5,4,0,4,110.4,4,1,0,3.87,1137,1454.42,0,0,1,0
ORD004013,16985,1667,2024-06-16 04:00:00,1317.05,3,Electronics,1.3,Credit Card,West Bengal,Semi-Urban,11,1,0,10,0.0909,10.5,770,117,0.1519,4,11,2,0,2,60.6,3,1,0,4.52,1623,0.0,0,0,1,0
ORD004014,14948,1593,2024-06-16 05:00:00,1760.46,3,Beauty,18.0,Debit Card,Delhi,Urban,9,0,0,9,0.0,16.8,748,76,0.1016,2,8,2,0,2,138.5,6,1,0,4.56,613,0.0,0,0,1,0
ORD004015,13588,1588,2024-06-16 06:00:00,2206.61,1,Beauty,36.5,COD,Delhi,Urban,9,3,0,6,0.3333,9.4,733,6,0.0082,2,3,1,0,3,45.3,3,1,0,4.09,1049,2206.61,0,0,0,0
ORD004016,11537,1484,2024-06-16 07:00:00,1044.39,1,Electronics,6.8,COD,Karnataka,Urban,7,0,0,7,0.0,31.9,700,120,0.1714,3,9,2,0,4,31.0,2,1,0,4.22,1624,1044.39,0,1,0,0
ORD004017,16165,1257,2024-06-16 08:00:00,2115.97,1,Home,13.4,COD,Maharashtra,Urban,9,0,0,9,0.0,3.8,740,88,0.1189,2,12,3,0,4,150.7,3,1,0,3.71,857,2115.97,0,0,0,0
ORD004018,17279,1638,2024-06-16 09:00:00,1042.05,1,Footwear,10.3,UPI,Delhi,Urban,7,0,0,7,0.0,2.3,764,15,0.0196,3,10,6,0,5,23.5,4,1,0,3.5,560,0.0,0,0,0,0
ORD004019,15176,1281,2024-06-16 10:00:00,720.77,2,Fashion,37.9,Wallet,West Bengal,Rural,10,0,2,8,0.0,18.9,785,106,0.135,0,6,2,1,1,70.9,6,1,0,4.08,28,0.0,1,0,0,1
ORD004020,13137,1087,2024-06-16 11:00:00,866.4,3,Footwear,22.1,COD,Bihar,Rural,6,0,0,6,0.0,15.4,765,47,0.0614,0,2,3,0,3,210.0,3,1,0,4.16,360,866.4,0,0,0,0
ORD004021,16985,1203,2024-06-16 12:00:00,1287.15,1,Electronics,15.6,COD,Bihar,Semi-Urban,9,3,0,6,0.3333,10.9,703,190,0.2703,5,10,5,0,1,223.1,3,1,0,3.67,1345,1287.15,0,0,0,0
ORD004022,10097,1015,2024-06-16 13:00:00,2102.97,1,Fashion,15.6,COD,Maharashtra,Urban,9,0,3,6,0.0,54.8,764,91,0.1191,0,3,2,0,3,60.4,4,1,0,4.03,672,2102.97,1,0,0,0
ORD004023,13215,1150,2024-06-16 14:00:00,1097.6,1,Footwear,12.2,UPI,Maharashtra,Urban,11,1,1,9,0.0909,18.4,763,204,0.2674,4,12,1,0,2,9.6,1,1,0,4.32,764,0.0,0,0,0,0
ORD004024,15999,1253,2024-06-16 15:00:00,732.02,3,Beauty,19.1,Debit Card,Karnataka,Urban,5,1,0,4,0.2,44.9,768,109,0.1419,6,15,3,1,3,68.7,5,1,0,4.26,1461,0.0,0,0,0,0
ORD004025,14530,1187,2024-06-16 16:00:00,2608.57,4,Home,10.4,COD,Maharashtra,Semi-Urban,10,3,0,7,0.3,35.9,706,162,0.2295,2,11,3,0,4,323.9,2,1,0,3.9,1125,2608.57,0,0,0,1
ORD004026,14732,1328,2024-06-16 17:00:00,463.64,1,Footwear,15.4,UPI,Delhi,Semi-Urban,9,1,0,8,0.1111,18.7,724,124,0.1713,2,6,2,0,2,215.8,2,1,0,4.24,1384,0.0,0,0,0,0
ORD004027,13750,1543,2024-06-16 18:00:00,734.86,1,Home,21.3,Debit Card,Delhi,Semi-Urban,8,3,1,4,0.375,46.2,740,99,0.1338,4,7,3,1,3,15.6,3,1,0,4.15,1216,0.0,0,0,0,1
ORD004028,13157,1782,2024-06-16 19:00:00,1873.7,2,Beauty,16.9,COD,Delhi,Semi-Urban,10,4,1,5,0.4,23.1,784,42,0.0536,2,8,2,0,3,45.0,2,1,0,3.95,1944,1873.7,0,1,0,1
ORD004029,14683,1396,2024-06-16 20:00:00,3164.89,2,Footwear,39.2,UPI,Delhi,Rural,8,1,1,6,0.125,6.1,734,40,0.0545,0,6,4,0,1,318.5,4,1,0,3.21,1223,0.0,1,0,0,0
ORD004030,10343,1516,2024-06-16 21:00:00,1463.24,1,Electronics,22.0,COD,Karnataka,Urban,8,1,0,7,0.125,12.3,760,49,0.0645,0,5,5,1,3,98.3,3,1,0,4.4,471,1463.24,1,0,0,1
ORD004031,15413,1458,2024-06-16 22:00:00,1274.02,3,Fashion,15.3,COD,Maharashtra,Urban,14,1,1,12,0.0714,56.1,768,47,0.0612,2,7,2,1,3,188.7,3,1,0,4.2,98,1274.02,0,1,1,0
ORD004032,16075,1329,2024-06-16 23:00:00,921.02,4,Beauty,15.4,COD,Maharashtra,Rural,12,1,2,9,0.0833,9.7,733,55,0.075,2,5,3,1,2,200.9,5,1,0,4.06,1635,921.02,0,1,1,0
ORD004033,14666,1168,2024-06-17 00:00:00,1523.62,1,Home,13.3,UPI,Maharashtra,Semi-Urban,5,0,0,5,0.0,1.3,758,30,0.0396,0,4,2,1,3,408.1,1,0,0,3.53,178,0.0,0,0,1,0
ORD004034,17817,1692,2024-06-17 01:00:00,1185.15,1,Home,11.5,COD,Karnataka,Rural,5,0,0,5,0.0,62.4,742,85,0.1146,0,4,3,0,2,62.5,2,0,0,3.97,897,1185.15,0,0,1,1
ORD004035,10610,1365,2024-06-17 02:00:00,697.35,1,Beauty,31.6,UPI,Karnataka,Urban,10,2,0,8,0.2,18.4,744,227,0.3051,3,6,1,1,5,186.1,3,0,0,4.09,895,0.0,0,0,1,0
ORD004036,11727,1177,2024-06-17 03:00:00,911.06,1,Electronics,1.5,UPI,Delhi,Urban,10,0,0,10,0.0,37.1,761,56,0.0736,4,5,3,0,3,244.2,2,0,0,4.19,1768,0.0,1,0,1,0
ORD004037,12290,1654,2024-06-17 04:00:00,651.67,1,Electronics,12.2,UPI,Karnataka,Urban,9,0,0,9,0.0,15.3,701,81,0.1155,1,3,5,0,2,242.5,2,0,0,3.8,515,0.0,0,0,1,0
ORD004038,11854,1361,2024-06-17 05:00:00,1105.63,1,Home,21.9,Debit Card,Karnataka,Urban,8,0,0,8,0.0,25.0,782,32,0.0409,2,9,2,0,2,32.3,3,0,0,4.62,689,0.0,0,0,1,1
ORD004039,12608,1759,2024-06-17 06:00:00,1208.46,1,Beauty,11.5,COD,West Bengal,Rural,6,1,1,4,0.1667,22.1,771,259,0.3359,2,8,5,0,3,68.2,1,0,0,2.96,1987,1208.46,0,0,0,1
ORD004040,15055,1638,2024-06-17 07:00:00,2923.77,1,Beauty,16.6,UPI,Delhi,Urban,7,1,1,5,0.1429,2.6,806,200,0.2481,1,2,2,0,5,286.4,6,0,0,4.69,1441,0.0,0,0,0,0
ORD004041,12079,1774,2024-06-17 08:00:00,766.29,1,Fashion,20.0,UPI,Delhi,Rural,8,0,1,7,0.0,4.2,787,45,0.0572,1,7,3,0,5,140.2,5,0,0,4.01,530,0.0,2,0,0,1
ORD004042,16534,1039,2024-06-17 09:00:00,983.91,1,Home,28.7,COD,West Bengal,Urban,8,1,1,6,0.125,44.9,738,43,0.0583,5,10,1,0,3,169.5,5,0,0,4.28,601,983.91,0,0,0,0
ORD004043,12324,1415,2024-06-17 10:00:00,2334.4,2,Electronics,18.3,COD,Maharashtra,Urban,4,0,0,4,0.0,3.4,775,74,0.0955,2,5,4,0,4,194.4,2,0,0,3.76,1207,2334.4,1,0,0,0
ORD004044,14627,1354,2024-06-17 11:00:00,3239.11,2,Footwear,33.1,COD,West Bengal,Urban,14,1,3,10,0.0714,8.8,766,209,0.2728,1,7,2,0,3,30.6,1,0,0,4.15,130,3239.11,1,0,0,1
ORD004045,11177,1254,2024-06-17 12:00:00,1458.01,1,Electronics,2.7,COD,West Bengal,Urban,4,1,0,3,0.25,23.1,767,57,0.0743,2,7,2,0,4,33.8,1,0,0,3.93,1776,1458.01,0,0,0,0
ORD004046,16526,1142,2024-06-17 13:00:00,941.87,1,Electronics,27.1,COD,West Bengal,Semi-Urban,7,0,1,6,0.0,62.2,757,85,0.1123,1,6,2,0,2,177.1,3,0,0,4.22,462,941.87,0,0,0,1
ORD004047,11091,1751,2024-06-17 14:00:00,825.67,2,Footwear,9.7,Credit Card,Karnataka,Urban,6,1,0,5,0.1667,12.3,740,24,0.0324,2,6,2,0,4,104.0,4,0,0,4.69,589,0.0,0,0,0,0
ORD004048,15997,1739,2024-06-17 15:00:00,362.91,1,Home,14.2,COD,West Bengal,Urban,12,1,1,10,0.0833,18.3,711,37,0.052,4,9,2,0,1,53.8,4,0,0,3.67,72,362.91,0,1,0,0
ORD004049,14979,1709,2024-06-17 16:00:00,628.5,4,Fashion,21.7,COD,Bihar,Semi-Urban,8,1,0,7,0.125,85.1,748,15,0.0201,2,5,3,0,4,357.0,1,0,0,4.15,343,628.5,0,0,0,1
ORD004050,16357,1576,2024-06-17 17:00:00,1165.54,1,Electronics,8.4,UPI,West Bengal,Urban,9,2,2,5,0.2222,34.9,765,106,0.1386,2,10,5,0,5,259.8,4,0,0,4.09,1135,0.0,0,0,0,0
ORD004051,15774,1010,2024-06-17 18:00:00,983.79,2,Electronics,19.5,Credit Card,Maharashtra,Urban,11,2,1,8,0.1818,9.9,771,107,0.1388,1,6,2,0,1,156.8,2,0,0,3.63,720,0.0,1,0,0,0
ORD004052,16519,1619,2024-06-17 19:00:00,1594.07,1,Home,17.8,COD,Maharashtra,Urban,11,3,1,7,0.2727,34.2,741,61,0.0823,2,4,2,0,3,225.7,5,0,0,4.77,679,1594.07,0,1,0,1
ORD004053,12791,1025,2024-06-17 20:00:00,975.43,2,Home,5.6,Credit Card,Maharashtra,Semi-Urban,12,1,1,10,0.0833,10.5,755,84,0.1113,6,11,2,0,6,113.7,1,0,0,4.11,753,0.0,0,0,0,0
ORD004054,16356,1420,2024-06-17 21:00:00,709.36,3,Beauty,13.0,COD,West Bengal,Rural,8,0,1,7,0.0,27.6,777,30,0.0386,3,9,3,0,4,83.4,7,0,0,4.18,1723,709.36,0,1,0,0
ORD004055,16222,1662,2024-06-17 22:00:00,1345.88,3,Home,6.7,UPI,Delhi,Semi-Urban,11,1,1,9,0.0909,5.0,759,22,0.029,0,8,3,0,4,111.8,3,0,0,3.66,1790,0.0,0,0,1,0
ORD004056,11749,1220,2024-06-17 23:00:00,4930.32,4,Home,19.3,COD,Maharashtra,Rural,9,0,0,9,0.0,2.5,714,42,0.0588,0,4,5,0,1,154.9,5,0,0,4.18,1865,4930.32,0,2,1,0
ORD004057,12675,1495,2024-06-18 00:00:00,906.5,1,Electronics,19.4,COD,West Bengal,Urban,11,1,0,10,0.0909,12.5,735,273,0.3714,2,5,4,0,4,173.2,6,0,0,4.4,1389,906.5,0,0,1,1
ORD004058,16747,1236,2024-06-18 01:00:00,1191.93,1,Fashion,7.0,UPI,Maharashtra,Urban,7,0,1,6,0.0,5.5,749,59,0.0788,2,5,1,1,4,119.0,3,0,0,3.59,403,0.0,0,0,1,0
ORD004059,10781,1236,2024-06-18 02:00:00,1822.85,1,Electronics,29.7,COD,Karnataka,Semi-Urban,10,1,1,8,0.1,43.7,749,225,0.3004,2,9,2,0,4,111.7,1,0,0,4.16,160,1822.85,0,0,1,1
ORD004060,17548,1218,2024-06-18 03:00:00,778.24,1,Home,12.1,COD,Karnataka,Semi-Urban,8,1,0,7,0.125,23.7,772,95,0.1231,3,11,6,0,1,36.3,3,0,0,4.57,618,778.24,0,0,1,1
ORD004061,13048,1486,2024-06-18 04:00:00,2353.49,1,Beauty,20.7,UPI,West Bengal,Semi-Urban,8,0,4,4,0.0,1.8,732,38,0.0519,4,8,3,0,4,171.7,5,0,0,3.7,911,0.0,0,0,1,0
ORD004062,16823,1460,2024-06-18 05:00:00,425.21,3,Fashion,19.5,Wallet,Maharashtra,Urban,11,0,1,10,0.0,12.0,745,217,0.2913,2,11,4,0,3,127.2,6,0,0,4.12,1187,0.0,0,0,1,0
ORD004063,12105,1662,2024-06-18 06:00:00,858.65,3,Beauty,29.6,COD,Maharashtra,Urban,8,2,0,6,0.25,14.1,773,50,0.0647,2,7,3,0,5,262.8,7,0,0,4.43,342,858.65,0,1,0,1
ORD004064,13867,1634,2024-06-18 07:00:00,909.84,1,Footwear,49.4,COD,Bihar,Urban,8,1,1,6,0.125,44.0,723,231,0.3195,3,9,3,0,2,90.6,2,0,0,3.68,253,909.84,0,0,0,0
ORD004065,17193,1143,2024-06-18 08:00:00,1200.74,1,Beauty,22.4,UPI,Maharashtra,Urban,8,1,0,7,0.125,55.0,744,91,0.1223,1,7,4,0,1,263.9,1,0,0,4.19,959,0.0,0,0,0,0
ORD004066,14976,1188,2024-06-18 09:00:00,336.0,1,Beauty,23.5,UPI,Delhi,Urban,12,4,0,8,0.3333,13.2,702,48,0.0684,1,6,5,0,4,90.3,7,0,0,3.46,1515,0.0,0,0,0,0
ORD004067,14542,1254,2024-06-18 10:00:00,2469.19,2,Home,7.5,UPI,Karnataka,Semi-Urban,13,0,1,12,0.0,40.6,736,86,0.1168,0,5,3,0,2,62.8,4,0,0,3.99,647,0.0,1,0,0,1
ORD004068,12113,1067,2024-06-18 11:00:00,1406.04,1,Home,20.5,UPI,Maharashtra,Urban,6,2,1,3,0.3333,36.2,762,68,0.0892,2,10,5,0,2,179.0,3,0,0,3.88,1119,0.0,0,1,0,0
ORD004069,15879,1615,2024-06-18 12:00:00,2151.02,3,Home,9.0,UPI,Delhi,Urban,10,1,0,9,0.1,2.0,747,119,0.1593,2,6,2,0,3,302.2,5,0,0,3.93,511,0.0,0,0,0,0
ORD004070,15373,1335,2024-06-18 13:00:00,2886.56,2,Home,27.4,COD,West Bengal,Rural,13,2,1,10,0.1538,3.2,737,96,0.1303,1,6,4,0,6,204.4,1,0,0,3.64,1679,2886.56,0,0,0,1
ORD004071,13970,1670,2024-06-18 14:00:00,703.21,2,Home,25.4,Credit Card,Karnataka,Urban,14,2,1,11,0.1429,8.3,748,35,0.0468,4,7,4,0,3,185.7,2,0,0,3.4,1267,0.0,0,1,0,0
ORD004072,11991,1408,2024-06-18 15:00:00,245.52,1,Beauty,25.2,COD,West Bengal,Urban,9,1,1,7,0.1111,29.8,716,21,0.0293,5,10,3,0,4,140.1,2,0,0,4.27,1488,245.52,0,0,0,1
ORD004073,11067,1299,2024-06-18 16:00:00,2181.61,1,Footwear,12.4,COD,Maharashtra,Semi-Urban,6,1,1,4,0.1667,2.7,793,167,0.2106,2,4,3,0,4,78.8,2,0,0,3.89,1703,2181.61,2,0,0,0
ORD004074,17264,1601,2024-06-18 17:00:00,923.5,3,Home,21.7,COD,West Bengal,Semi-Urban,9,0,3,6,0.0,24.8,704,60,0.0852,4,6,3,0,2,111.7,7,0,0,4.33,91,923.5,0,0,0,0
ORD004075,11577,1356,2024-06-18 18:00:00,555.63,2,Footwear,8.1,COD,Karnataka,Urban,8,0,1,7,0.0,0.0,767,164,0.2138,4,12,2,0,2,142.6,4,0,0,4.62,943,555.63,2,1,0,1
ORD004076,11011,1255,2024-06-18 19:00:00,1549.64,4,Footwear,10.3,COD,West Bengal,Semi-Urban,9,2,0,7,0.2222,27.5,725,94,0.1297,4,12,2,0,4,217.7,2,0,0,4.34,1501,1549.64,0,0,0,0
ORD004077,12274,1352,2024-06-18 20:00:00,4808.47,1,Electronics,12.4,UPI,West Bengal,Urban,5,1,0,4,0.2,78.5,786,44,0.056,2,7,2,0,2,215.5,7,0,0,3.67,1106,0.0,0,0,0,0
ORD004078,14869,1731,2024-06-18 21:00:00,1027.27,2,Electronics,11.5,COD,West Bengal,Semi-Urban,2,0,0,2,0.0,51.8,746,57,0.0764,1,8,3,0,4,312.8,2,0,0,4.11,1169,1027.27,2,0,0,0
ORD004079,16822,1520,2024-06-18 22:00:00,1940.44,1,Fashion,14.0,Credit Card,Delhi,Urban,10,5,0,5,0.5,37.2,783,145,0.1852,1,2,2,0,2,36.4,6,0,0,4.54,670,0.0,0,0,1,0
ORD004080,17603,1523,2024-06-18 23:00:00,606.37,2,Electronics,9.4,UPI,Delhi,Urban,5,1,0,4,0.2,8.4,749,43,0.0574,0,6,1,1,3,92.4,1,0,0,4.25,1884,0.0,0,0,1,0
ORD004081,11814,1755,2024-06-19 00:00:00,398.59,2,Home,15.9,COD,Maharashtra,Urban,6,1,3,2,0.1667,1.3,744,71,0.0954,2,6,3,0,3,39.5,3,0,0,4.06,400,398.59,0,0,1,0
ORD004082,16744,1693,2024-06-19 01:00:00,1897.64,2,Footwear,3.6,COD,West Bengal,Semi-Urban,8,3,0,5,0.375,54.2,739,4,0.0054,2,13,2,0,2,122.1,2,0,0,4.15,1845,1897.64,1,1,1,1
ORD004083,12426,1283,2024-06-19 02:00:00,1521.79,2,Fashion,18.0,COD,Delhi,Semi-Urban,9,0,1,8,0.0,3.3,739,118,0.1597,4,9,3,0,5,131.4,2,0,0,4.06,642,1521.79,1,0,1,1
ORD004084,15297,1311,2024-06-19 03:00:00,829.3,1,Electronics,4.4,COD,Karnataka,Rural,11,0,4,7,0.0,1.0,787,76,0.0966,3,10,3,0,2,28.6,3,0,0,4.42,866,829.3,0,0,1,1
ORD004085,15546,1098,2024-06-19 04:00:00,3052.55,4,Beauty,12.5,Debit Card,Karnataka,Urban,8,0,3,5,0.0,21.4,763,170,0.2228,0,3,2,0,5,198.9,3,0,0,3.64,1711,0.0,0,0,1,0
ORD004086,16852,1196,2024-06-19 05:00:00,380.43,4,Fashion,14.5,COD,West Bengal,Semi-Urban,8,0,0,8,0.0,19.1,722,29,0.0402,5,12,9,0,2,112.0,2,0,0,4.32,1492,380.43,0,0,1,0
ORD004087,14402,1481,2024-06-19 06:00:00,524.26,1,Home,11.4,UPI,Maharashtra,Urban,9,2,3,4,0.2222,5.0,776,102,0.1314,3,8,4,0,3,68.3,4,0,0,4.39,298,0.0,1,0,0,0
ORD004088,14874,1225,2024-06-19 07:00:00,791.78,3,Footwear,12.1,Credit Card,Delhi,Urban,9,1,0,8,0.1111,18.4,744,171,0.2298,2,6,2,0,2,151.9,5,0,0,4.21,1383,0.0,0,1,0,0
ORD004089,12551,1614,2024-06-19 08:00:00,885.51,1,Home,14.3,COD,Delhi,Urban,7,1,0,6,0.1429,7.3,723,43,0.0595,1,6,4,0,10,129.0,3,0,0,4.17,1324,885.51,0,0,0,0
ORD004090,16411,1617,2024-06-19 09:00:00,2641.79,2,Home,12.7,Credit Card,Delhi,Urban,7,0,1,6,0.0,36.5,700,158,0.2257,2,11,3,0,3,72.5,4,0,0,3.39,736,0.0,0,0,0,0
ORD004091,13657,1364,2024-06-19 10:00:00,1129.49,1,Beauty,27.4,Credit Card,Maharashtra,Urban,8,0,0,8,0.0,45.3,800,219,0.2738,1,2,4,0,2,175.4,1,0,0,3.61,146,0.0,0,0,0,0
ORD004092,10007,1367,2024-06-19 11:00:00,976.75,4,Beauty,14.7,Credit Card,Bihar,Semi-Urban,8,1,0,7,0.125,9.7,728,114,0.1566,0,4,3,0,2,57.5,3,0,0,3.78,537,0.0,0,1,0,1
ORD004093,12555,1569,2024-06-19 12:00:00,511.83,1,Footwear,18.2,COD,Delhi,Urban,12,3,3,6,0.25,76.9,761,60,0.0788,2,4,4,0,5,160.5,2,0,0,4.31,1033,511.83,0,2,0,0
ORD004094,10475,1589,2024-06-19 13:00:00,2104.81,1,Electronics,46.2,Wallet,West Bengal,Urban,4,2,0,2,0.5,12.4,719,78,0.1085,1,8,4,0,6,106.6,2,0,0,3.52,32,0.0,0,0,0,0
ORD004095,15416,1074,2024-06-19 14:00:00,554.47,1,Home,13.0,COD,Delhi,Semi-Urban,10,1,0,9,0.1,66.5,756,132,0.1746,2,8,2,0,1,102.3,6,0,0,4.21,166,554.47,0,0,0,1
ORD004096,12211,1041,2024-06-19 15:00:00,510.42,1,Electronics,18.9,Credit Card,Delhi,Urban,8,2,0,6,0.25,21.2,772,87,0.1127,0,5,2,0,4,166.4,4,0,0,4.52,1747,0.0,0,0,0,0
ORD004097,10484,1421,2024-06-19 16:00:00,862.51,2,Footwear,7.4,COD,Bihar,Urban,10,0,1,9,0.0,4.4,729,100,0.1372,1,8,3,0,2,125.7,3,0,0,4.04,92,862.51,0,0,0,0
ORD004098,17764,1180,2024-06-19 17:00:00,1209.44,1,Home,29.4,Debit Card,West Bengal,Urban,6,0,0,6,0.0,14.0,738,143,0.1938,1,3,3,0,4,163.1,7,0,0,4.14,529,0.0,0,0,0,0
ORD004099,17239,1544,2024-06-19 18:00:00,711.88,2,Electronics,8.9,COD,West Bengal,Urban,9,2,0,7,0.2222,10.4,775,91,0.1174,4,8,4,0,6,279.2,1,0,0,3.48,1278,711.88,1,0,0,0
ORD004100,16710,1070,2024-06-19 19:00:00,1676.08,4,Home,8.8,UPI,West Bengal,Rural,12,4,0,8,0.3333,39.7,802,67,0.0835,0,5,4,0,2,82.1,3,0,0,4.43,1844,0.0,0,0,0,1
ORD004101,15000,1567,2024-06-19 20:00:00,925.39,2,Beauty,14.0,Credit Card,Delhi,Rural,11,1,0,10,0.0909,39.9,742,106,0.1429,3,10,3,0,3,279.0,6,0,0,4.67,357,0.0,0,0,0,0
ORD004102,14654,1104,2024-06-19 21:00:00,2062.47,3,Beauty,24.0,COD,Delhi,Urban,8,0,1,7,0.0,45.4,709,82,0.1157,6,11,2,0,1,259.8,5,0,0,3.75,1201,2062.47,0,0,0,0
ORD004103,16063,1199,2024-06-19 22:00:00,1484.85,1,Fashion,26.5,COD,Karnataka,Urban,14,0,2,12,0.0,2.3,780,156,0.2,2,7,1,0,2,249.4,2,0,0,3.76,789,1484.85,0,0,1,0
ORD004104,12285,1100,2024-06-19 23:00:00,3212.77,1,Footwear,10.5,COD,Bihar,Urban,8,3,1,4,0.375,1.3,734,114,0.1553,2,8,5,0,5,147.5,7,0,0,3.81,260,3212.77,0,0,1,0
ORD004105,15223,1767,2024-06-20 00:00:00,841.06,1,Electronics,4.8,COD,West Bengal,Urban,8,1,1,6,0.125,60.9,776,213,0.2745,1,6,3,0,3,151.2,5,0,0,3.87,1558,841.06,1,2,1,1
ORD004106,15329,1306,2024-06-20 01:00:00,1819.62,1,Home,5.6,COD,West Bengal,Urban,5,0,0,5,0.0,6.3,736,89,0.1209,4,9,2,0,1,220.5,3,0,0,4.39,721,1819.62,0,0,1,0
ORD004107,16697,1585,2024-06-20 02:00:00,375.37,3,Fashion,5.5,UPI,Karnataka,Urban,12,2,0,10,0.1667,11.7,772,89,0.1153,5,11,2,0,2,195.8,2,0,0,4.05,773,0.0,0,0,1,1
ORD004108,16971,1682,2024-06-20 03:00:00,6216.7,1,Footwear,44.2,COD,Delhi,Semi-Urban,8,0,0,8,0.0,17.5,721,122,0.1692,5,9,4,0,3,178.4,3,0,0,4.41,1912,6216.7,0,0,1,0
ORD004109,14563,1376,2024-06-20 04:00:00,1765.82,3,Footwear,8.1,UPI,Karnataka,Urban,9,1,2,6,0.1111,74.8,733,80,0.1091,2,7,3,0,2,134.6,3,0,0,4.17,293,0.0,0,0,1,0
ORD004110,13525,1654,2024-06-20 05:00:00,918.02,1,Footwear,17.9,COD,Karnataka,Urban,8,0,2,6,0.0,27.8,730,25,0.0342,0,3,7,0,4,232.4,2,0,0,4.0,836,918.02,0,0,1,1
ORD004111,13339,1677,2024-06-20 06:00:00,938.73,2,Electronics,12.0,Debit Card,Delhi,Urban,11,0,0,11,0.0,9.6,737,76,0.1031,0,5,4,0,6,40.3,5,0,0,3.67,614,0.0,0,0,0,0
ORD004112,16529,1398,2024-06-20 07:00:00,945.57,1,Beauty,16.4,Debit Card,Maharashtra,Urban,7,0,1,6,0.0,25.8,787,90,0.1144,4,10,4,0,3,22.2,5,0,0,4.96,472,0.0,1,0,0,0
ORD004113,12822,1772,2024-06-20 08:00:00,3307.75,1,Fashion,32.6,UPI,Bihar,Urban,10,0,1,9,0.0,86.0,738,73,0.0989,4,13,3,0,4,297.5,4,0,0,4.63,221,0.0,1,0,0,0
ORD004114,14943,1220,2024-06-20 09:00:00,1880.19,2,Electronics,26.5,Credit Card,Maharashtra,Rural,9,1,0,8,0.1111,0.6,756,41,0.0542,2,4,2,0,7,130.6,3,0,1,3.74,511,0.0,0,0,0,0
ORD004115,16530,1594,2024-06-20 10:00:00,840.51,1,Home,32.6,Debit Card,Maharashtra,Urban,8,0,1,7,0.0,5.7,757,120,0.1585,2,7,3,0,1,47.0,4,0,0,4.11,1123,0.0,0,0,0,0
ORD004116,12924,1181,2024-06-20 11:00:00,521.5,2,Electronics,20.9,UPI,Bihar,Urban,10,1,0,9,0.1,24.3,740,85,0.1149,0,7,4,1,3,277.7,3,0,0,4.42,535,0.0,0,0,0,0
ORD004117,10258,1306,2024-06-20 12:00:00,2247.7,1,Home,1.1,Wallet,Maharashtra,Urban,10,2,1,7,0.2,0.5,721,102,0.1415,3,9,4,0,5,69.6,5,0,0,3.76,33,0.0,0,0,0,1
ORD004118,10282,1521,2024-06-20 13:00:00,1813.71,1,Home,20.1,Debit Card,Delhi,Urban,8,0,0,8,0.0,50.5,832,202,0.2428,4,9,2,0,3,35.2,2,0,0,3.93,1338,0.0,0,1,0,0
ORD004119,15745,1395,2024-06-20 14:00:00,1675.43,3,Footwear,17.0,COD,Maharashtra,Urban,14,2,0,12,0.1429,12.8,731,15,0.0205,1,8,2,1,2,187.5,2,0,0,4.01,344,1675.43,1,0,0,1
ORD004120,11898,1003,2024-06-20 15:00:00,1042.89,1,Electronics,14.1,UPI,Maharashtra,Urban,8,3,1,4,0.375,38.3,760,35,0.0461,3,5,2,0,4,132.8,3,0,0,3.56,1000,0.0,0,0,0,1
ORD004121,14135,1280,2024-06-20 16:00:00,916.2,2,Beauty,13.7,COD,Maharashtra,Urban,9,0,0,9,0.0,33.1,799,155,0.194,3,7,4,0,3,348.5,3,0,0,4.0,475,916.2,0,1,0,0
ORD004122,16629,1214,2024-06-20 17:00:00,3014.33,1,Home,8.2,UPI,Delhi,Urban,8,0,0,8,0.0,24.1,748,72,0.0963,4,10,4,0,1,152.9,4,0,0,3.43,470,0.0,1,0,0,0
ORD004123,12976,1609,2024-06-20 18:00:00,3187.4,2,Footwear,5.9,Credit Card,Karnataka,Semi-Urban,5,3,0,2,0.6,22.8,732,11,0.015,1,2,4,1,5,56.0,4,0,0,4.15,770,0.0,0,1,0,0
ORD004124,12267,1419,2024-06-20 19:00:00,1610.14,1,Beauty,10.0,Debit Card,West Bengal,Urban,4,0,0,4,0.0,126.3,751,90,0.1198,1,6,5,0,5,212.9,5,0,0,3.71,867,0.0,0,1,0,0
ORD004125,13200,1100,2024-06-20 20:00:00,1962.36,1,Electronics,17.3,UPI,Bihar,Semi-Urban,9,0,1,8,0.0,1.5,768,63,0.082,3,9,5,1,3,55.7,5,0,0,4.16,1112,0.0,0,0,0,0
ORD004126,15110,1520,2024-06-20 21:00:00,1263.52,1,Beauty,10.3,COD,Bihar,Rural,8,1,0,7,0.125,13.5,768,8,0.0104,1,11,6,0,5,86.3,3,0,0,3.79,136,1263.52,0,0,0,0
ORD004127,17167,1572,2024-06-20 22:00:00,482.03,1,Electronics,25.9,COD,Delhi,Rural,12,0,2,10,0.0,44.3,724,56,0.0773,0,4,2,0,2,42.7,1,0,0,4.03,680,482.03,0,1,1,0
ORD004128,17687,1308,2024-06-20 23:00:00,609.2,1,Home,5.7,COD,West Bengal,Urban,11,0,3,8,0.0,14.3,742,25,0.0337,0,6,3,0,4,236.3,6,0,0,3.75,803,609.2,1,0,1,0
ORD004129,10612,1657,2024-06-21 00:00:00,2181.37,2,Fashion,21.4,COD,Maharashtra,Semi-Urban,10,2,0,8,0.2,34.1,752,255,0.3391,5,11,6,0,1,175.0,3,0,0,4.17,903,2181.37,0,1,1,0
ORD004130,17071,1509,2024-06-21 01:00:00,2354.83,2,Fashion,7.2,Credit Card,Bihar,Urban,7,2,1,4,0.2857,36.0,773,114,0.1475,1,8,3,0,5,103.1,2,0,0,3.93,1595,0.0,0,1,1,1
ORD004131,16011,1062,2024-06-21 02:00:00,2064.15,1,Home,9.8,UPI,Maharashtra,Urban,8,1,0,7,0.125,3.4,761,117,0.1537,4,20,3,0,3,172.6,6,0,0,3.94,363,0.0,0,0,1,0
ORD004132,10687,1632,2024-06-21 03:00:00,1349.69,1,Beauty,9.7,Debit Card,Delhi,Rural,8,2,0,6,0.25,63.8,725,35,0.0483,3,8,3,0,4,58.9,3,0,0,4.9,269,0.0,0,0,1,0
ORD004133,13690,1225,2024-06-21 04:00:00,2110.71,1,Electronics,23.0,Credit Card,Delhi,Urban,9,2,0,7,0.2222,16.8,773,78,0.1009,1,8,3,0,2,415.6,1,0,0,3.95,449,0.0,0,0,1,0
ORD004134,10612,1104,2024-06-21 05:00:00,1059.04,1,Fashion,8.2,COD,Delhi,Urban,9,1,1,7,0.1111,34.3,726,18,0.0248,4,7,2,0,1,64.4,5,0,0,3.75,176,1059.04,0,0,1,0
ORD004135,12307,1771,2024-06-21 06:00:00,1592.14,1,Electronics,15.6,COD,Karnataka,Semi-Urban,8,0,0,8,0.0,76.0,778,58,0.0746,5,14,4,0,3,351.4,4,0,0,3.88,1867,1592.14,0,0,0,0
ORD004136,17133,1424,2024-06-21 07:00:00,969.9,1,Home,0.5,COD,Delhi,Urban,11,0,0,11,0.0,21.8,733,90,0.1228,0,5,3,0,2,297.3,2,0,0,3.64,73,969.9,0,0,0,0
ORD004137,13013,1254,2024-06-21 08:00:00,581.68,4,Beauty,15.5,COD,Maharashtra,Rural,6,0,0,6,0.0,25.7,726,99,0.1364,0,6,5,0,4,122.0,2,0,0,3.94,1414,581.68,0,0,0,0
ORD004138,16509,1428,2024-06-21 09:00:00,1842.25,2,Electronics,35.0,COD,Karnataka,Urban,8,4,1,3,0.5,9.8,753,94,0.1248,7,15,2,0,2,298.5,3,0,0,3.87,963,1842.25,0,0,0,1
ORD004139,11781,1433,2024-06-21 10:00:00,2356.83,1,Beauty,11.6,COD,Maharashtra,Semi-Urban,6,0,2,4,0.0,27.0,749,160,0.2136,2,7,5,0,2,63.3,4,0,0,2.97,889,2356.83,2,0,0,0
ORD004140,15906,1206,2024-06-21 11:00:00,4838.57,1,Fashion,15.0,COD,Delhi,Rural,8,1,1,6,0.125,2.6,785,145,0.1847,3,14,3,0,2,148.7,4,0,0,4.19,268,4838.57,1,0,0,1
ORD004141,12591,1027,2024-06-21 12:00:00,1284.88,2,Electronics,14.2,UPI,Karnataka,Semi-Urban,5,1,0,4,0.2,7.3,769,97,0.1261,5,9,2,0,1,161.0,6,0,0,3.98,537,0.0,0,2,0,0
ORD004142,12696,1681,2024-06-21 13:00:00,584.83,1,Footwear,3.5,COD,West Bengal,Rural,15,6,0,9,0.4,43.4,709,46,0.0649,5,7,2,0,1,60.5,1,0,0,4.22,621,584.83,0,0,0,1
ORD004143,15643,1335,2024-06-21 14:00:00,900.49,2,Fashion,6.0,COD,Delhi,Urban,8,1,0,7,0.125,16.6,796,18,0.0226,2,2,3,1,5,406.3,2,0,0,3.56,1484,900.49,0,0,0,1
ORD004144,16026,1587,2024-06-21 15:00:00,1010.77,3,Beauty,17.1,COD,Karnataka,Urban,9,4,0,5,0.4444,2.4,756,50,0.0661,2,4,5,0,4,265.5,5,0,0,3.73,485,1010.77,0,1,0,0
ORD004145,16957,1627,2024-06-21 16:00:00,1198.83,1,Home,20.0,COD,Karnataka,Semi-Urban,6,0,0,6,0.0,39.7,739,75,0.1015,1,5,3,0,3,91.5,3,0,0,4.21,1897,1198.83,0,0,0,0
ORD004146,13958,1068,2024-06-21 17:00:00,1454.66,1,Footwear,8.7,UPI,Karnataka,Semi-Urban,10,1,0,9,0.1,37.1,726,223,0.3072,3,7,2,0,4,39.2,4,0,0,3.84,1908,0.0,0,1,0,1
ORD004147,17183,1745,2024-06-21 18:00:00,1363.46,2,Electronics,29.5,Wallet,Bihar,Urban,8,0,2,6,0.0,3.4,781,93,0.1191,2,3,3,0,3,113.8,3,0,0,3.96,1299,0.0,1,0,0,0
ORD004148,15248,1512,2024-06-21 19:00:00,1748.04,4,Fashion,15.3,COD,Karnataka,Semi-Urban,9,1,1,7,0.1111,21.2,759,69,0.0909,1,8,3,0,2,139.4,3,0,0,3.35,1606,1748.04,0,0,0,1
ORD004149,10574,1166,2024-06-21 20:00:00,1234.54,1,Electronics,10.6,COD,West Bengal,Urban,5,0,0,5,0.0,28.8,739,91,0.1231,1,1,2,0,7,132.9,3,0,0,4.14,260,1234.54,0,0,0,0
ORD004150,17276,1729,2024-06-21 21:00:00,288.54,2,Electronics,24.1,UPI,Delhi,Urban,5,0,0,5,0.0,7.2,785,60,0.0764,0,3,1,0,1,446.5,3,0,0,4.51,1019,0.0,0,0,0,0
ORD004151,11910,1784,2024-06-21 22:00:00,1256.74,1,Footwear,8.1,COD,Delhi,Urban,5,0,0,5,0.0,59.0,723,181,0.2503,1,8,3,0,4,292.6,4,0,0,3.72,1528,1256.74,0,0,1,0
ORD004152,15108,1367,2024-06-21 23:00:00,1155.21,1,Footwear,18.0,COD,Delhi,Semi-Urban,7,1,1,5,0.1429,19.5,732,11,0.015,2,9,5,0,2,123.2,7,0,0,4.06,992,1155.21,0,0,1,1
ORD004153,13604,1250,2024-06-22 00:00:00,1525.63,2,Footwear,17.1,Credit Card,Karnataka,Rural,5,0,0,5,0.0,96.0,760,12,0.0158,2,9,1,0,5,63.7,2,1,0,4.26,199,0.0,1,1,1,1
ORD004154,10669,1685,2024-06-22 01:00:00,882.81,3,Footwear,16.1,COD,Delhi,Semi-Urban,7,4,1,2,0.5714,66.9,783,6,0.0077,1,9,5,0,1,249.2,5,1,0,4.39,1527,882.81,0,0,1,0
ORD004155,14364,1169,2024-06-22 02:00:00,1254.03,2,Home,17.9,COD,West Bengal,Semi-Urban,5,0,0,5,0.0,66.9,804,48,0.0597,1,6,3,0,5,218.8,2,1,0,4.2,1150,1254.03,0,0,1,1
ORD004156,17329,1757,2024-06-22 03:00:00,1531.11,2,Beauty,15.6,COD,Bihar,Urban,10,0,1,9,0.0,5.2,779,27,0.0347,1,6,1,0,2,156.7,6,1,0,4.09,1513,1531.11,0,0,1,0
ORD004157,11283,1089,2024-06-22 04:00:00,996.23,1,Footwear,10.4,COD,West Bengal,Urban,10,1,0,9,0.1,12.4,726,23,0.0317,1,10,4,0,3,178.5,2,1,0,3.86,593,996.23,0,0,1,1
ORD004158,10923,1560,2024-06-22 05:00:00,1645.04,1,Fashion,10.6,COD,Bihar,Semi-Urban,6,1,1,4,0.1667,0.5,770,17,0.0221,5,8,5,0,2,161.1,5,1,1,4.43,1157,1645.04,1,0,1,0
ORD004159,11125,1445,2024-06-22 06:00:00,1143.76,1,Electronics,17.8,COD,Delhi,Urban,16,3,0,13,0.1875,44.0,758,139,0.1834,3,8,2,0,1,134.7,2,1,0,3.77,1288,1143.76,0,0,0,0
ORD004160,11529,1293,2024-06-22 07:00:00,1204.71,1,Footwear,7.3,UPI,Maharashtra,Semi-Urban,11,1,0,10,0.0909,20.4,753,89,0.1182,1,7,4,0,2,200.3,5,1,0,4.05,38,0.0,0,0,0,1
ORD004161,15854,1149,2024-06-22 08:00:00,189.88,2,Fashion,33.8,COD,Bihar,Urban,6,0,3,3,0.0,7.0,790,75,0.0949,1,4,5,0,6,462.0,1,1,0,4.74,1134,189.88,0,0,0,0
ORD004162,11594,1131,2024-06-22 09:00:00,552.07,1,Home,1.5,COD,West Bengal,Urban,11,1,0,10,0.0909,35.4,779,22,0.0282,3,7,3,0,4,195.3,2,1,0,4.13,713,552.07,0,1,0,1
ORD004163,10246,1432,2024-06-22 10:00:00,552.97,2,Fashion,28.2,UPI,West Bengal,Semi-Urban,10,0,3,7,0.0,66.0,810,4,0.0049,1,4,4,0,3,249.0,2,1,0,4.07,1928,0.0,0,0,0,0
ORD004164,13711,1058,2024-06-22 11:00:00,1248.63,2,Fashion,8.2,UPI,Maharashtra,Semi-Urban,12,0,0,12,0.0,21.4,766,85,0.111,2,5,3,0,4,360.2,1,1,0,4.11,525,0.0,0,1,0,1
ORD004165,17962,1198,2024-06-22 12:00:00,2351.95,1,Home,12.8,COD,Bihar,Urban,9,0,0,9,0.0,20.0,775,237,0.3058,3,9,3,0,2,146.1,3,1,0,5.0,827,2351.95,1,0,0,1
ORD004166,11560,1214,2024-06-22 13:00:00,1021.42,1,Home,11.9,COD,Bihar,Urban,6,0,2,4,0.0,18.4,799,77,0.0964,1,6,5,0,3,352.5,4,1,0,4.62,292,1021.42,0,0,0,0
ORD004167,16274,1560,2024-06-22 14:00:00,1824.35,2,Electronics,16.7,UPI,West Bengal,Rural,8,1,0,7,0.125,111.8,784,227,0.2895,5,15,2,0,7,280.5,3,1,0,3.92,147,0.0,0,0,0,0
ORD004168,12400,1471,2024-06-22 15:00:00,1618.01,4,Footwear,11.4,UPI,Bihar,Semi-Urban,11,0,0,11,0.0,32.2,780,58,0.0744,1,6,3,1,5,297.7,1,1,0,4.13,940,0.0,1,0,0,0
ORD004169,12243,1743,2024-06-22 16:00:00,1192.65,2,Fashion,14.0,COD,Maharashtra,Semi-Urban,9,0,1,8,0.0,32.3,783,136,0.1737,4,11,1,0,2,123.8,3,1,0,4.16,1025,1192.65,0,0,0,1
ORD004170,13864,1246,2024-06-22 17:00:00,1547.48,1,Beauty,17.0,COD,Bihar,Urban,8,0,0,8,0.0,6.1,754,91,0.1207,0,4,5,0,1,44.7,5,1,0,4.01,1275,1547.48,1,0,0,0
ORD004171,11939,1381,2024-06-22 18:00:00,1271.01,1,Beauty,37.0,Wallet,Bihar,Urban,11,1,3,7,0.0909,29.5,772,67,0.0868,3,7,3,0,4,176.4,5,1,0,4.73,1129,0.0,0,0,0,0
ORD004172,15025,1238,2024-06-22 19:00:00,1006.9,1,Electronics,8.6,COD,Maharashtra,Urban,10,0,3,7,0.0,42.3,759,46,0.0606,1,4,1,0,3,176.6,3,1,0,3.35,363,1006.9,0,0,0,0
ORD004173,17833,1366,2024-06-22 20:00:00,1386.65,1,Beauty,9.0,Credit Card,Delhi,Urban,7,1,0,6,0.1429,3.0,768,30,0.0391,4,8,2,0,6,112.1,4,1,0,4.43,452,0.0,2,0,0,0
ORD004174,17549,1167,2024-06-22 21:00:00,2612.28,2,Electronics,22.4,COD,Bihar,Urban,8,2,1,5,0.25,40.4,773,177,0.229,3,7,2,0,3,110.4,6,1,0,5.0,1878,2612.28,0,0,0,0
ORD004175,13069,1559,2024-06-22 22:00:00,1456.29,2,Footwear,18.5,UPI,West Bengal,Urban,5,0,1,4,0.0,90.4,742,76,0.1024,2,5,1,0,3,95.0,7,1,0,4.14,573,0.0,1,0,1,0
ORD004176,16788,1050,2024-06-22 23:00:00,1249.85,1,Electronics,24.8,COD,Karnataka,Rural,6,0,0,6,0.0,23.4,742,24,0.0323,3,9,1,0,1,163.0,2,1,0,4.23,1341,1249.85,0,1,1,1
ORD004177,10226,1609,2024-06-23 00:00:00,647.77,1,Home,29.4,COD,West Bengal,Urban,10,0,0,10,0.0,45.4,749,206,0.275,0,14,2,0,3,63.2,3,1,0,4.28,345,647.77,1,0,1,1
ORD004178,16844,1727,2024-06-23 01:00:00,2564.52,1,Home,38.3,UPI,West Bengal,Semi-Urban,12,1,0,11,0.0833,23.0,765,94,0.1229,2,8,7,0,3,47.3,4,1,0,4.16,70,0.0,0,0,1,1
ORD004179,13547,1688,2024-06-23 02:00:00,471.43,3,Home,24.3,UPI,Delhi,Rural,7,3,0,4,0.4286,0.0,737,13,0.0176,3,8,4,0,1,96.4,3,1,0,4.27,149,0.0,0,2,1,0
ORD004180,17644,1379,2024-06-23 03:00:00,394.0,1,Home,33.7,COD,Delhi,Urban,12,2,0,10,0.1667,20.7,765,46,0.0601,1,5,3,0,4,43.0,7,1,0,4.51,186,394.0,0,0,1,0
ORD004181,10264,1473,2024-06-23 04:00:00,1370.43,2,Home,24.2,COD,West Bengal,Urban,4,0,0,4,0.0,73.4,775,31,0.04,2,9,4,0,3,61.9,4,1,0,3.95,572,1370.43,1,1,1,0
ORD004182,11395,1079,2024-06-23 05:00:00,646.48,1,Home,7.0,COD,Bihar,Urban,11,1,0,10,0.0909,25.0,796,67,0.0842,2,6,3,0,2,261.9,3,1,0,4.25,1670,646.48,0,0,1,0
ORD004183,13557,1696,2024-06-23 06:00:00,2107.93,2,Home,2.9,COD,West Bengal,Rural,10,0,0,10,0.0,24.7,783,140,0.1788,3,6,1,0,2,60.5,1,1,0,3.55,1541,2107.93,0,0,0,1
ORD004184,15553,1366,2024-06-23 07:00:00,399.33,1,Home,7.1,COD,Bihar,Semi-Urban,9,3,0,6,0.3333,37.3,766,49,0.064,2,7,2,0,2,197.6,1,1,0,5.0,408,399.33,0,2,0,1
ORD004185,10645,1460,2024-06-23 08:00:00,1952.93,1,Home,12.3,Wallet,Maharashtra,Urban,6,0,2,4,0.0,16.9,752,21,0.0279,3,6,3,0,2,187.8,2,1,0,4.49,1575,0.0,0,0,0,0
ORD004186,16354,1538,2024-06-23 09:00:00,1794.69,2,Footwear,6.4,UPI,Maharashtra,Semi-Urban,9,0,0,9,0.0,49.4,753,138,0.1833,2,6,3,0,2,109.3,3,1,0,3.83,1572,0.0,1,0,0,0
ORD004187,17739,1451,2024-06-23 10:00:00,1177.1,1,Home,15.8,UPI,Delhi,Urban,4,0,0,4,0.0,11.0,786,331,0.4211,1,8,5,0,4,443.6,3,1,0,3.74,550,0.0,0,0,0,0
ORD004188,17544,1463,2024-06-23 11:00:00,311.14,1,Electronics,6.1,UPI,Karnataka,Urban,6,1,0,5,0.1667,17.3,766,80,0.1044,2,6,5,0,4,240.0,4,1,0,4.37,267,0.0,1,0,0,1
ORD004189,15514,1477,2024-06-23 12:00:00,389.95,1,Footwear,27.7,Wallet,Karnataka,Semi-Urban,11,0,0,11,0.0,64.6,758,69,0.091,2,6,5,0,7,187.7,3,1,0,5.0,1078,0.0,0,2,0,1
ORD004190,15569,1419,2024-06-23 13:00:00,1266.44,1,Beauty,43.0,UPI,Delhi,Semi-Urban,8,1,0,7,0.125,48.5,753,106,0.1408,2,7,2,0,2,172.2,3,1,0,4.69,36,0.0,0,0,0,0
ORD004191,12990,1706,2024-06-23 14:00:00,953.68,1,Fashion,16.6,UPI,Maharashtra,Urban,12,2,0,10,0.1667,4.4,764,125,0.1636,3,8,3,0,4,151.6,2,1,0,4.77,578,0.0,0,0,0,1
ORD004192,15483,1213,2024-06-23 15:00:00,1696.63,2,Footwear,15.0,COD,Delhi,Urban,6,0,2,4,0.0,24.4,789,100,0.1267,3,7,3,0,3,364.3,2,1,0,4.03,1251,1696.63,0,0,0,1
ORD004193,11899,1368,2024-06-23 16:00:00,1052.65,3,Home,11.7,UPI,Maharashtra,Urban,9,2,1,6,0.2222,49.9,695,101,0.1453,1,11,5,0,6,145.2,5,1,0,4.38,1848,0.0,0,1,0,0
ORD004194,12504,1113,2024-06-23 17:00:00,999.14,1,Footwear,1.7,UPI,Bihar,Urban,6,1,0,5,0.1667,119.8,794,25,0.0315,5,9,4,0,2,155.4,5,1,0,4.69,115,0.0,0,1,0,0
ORD004195,12772,1753,2024-06-23 18:00:00,255.75,1,Fashion,7.6,COD,Maharashtra,Semi-Urban,10,0,0,10,0.0,146.1,729,177,0.2428,0,3,5,1,2,93.2,3,1,0,3.92,240,255.75,0,1,0,1
ORD004196,17895,1502,2024-06-23 19:00:00,1796.26,1,Fashion,12.1,COD,Maharashtra,Semi-Urban,8,1,0,7,0.125,12.7,782,89,0.1138,2,7,2,0,2,92.4,6,1,1,4.16,1785,1796.26,0,0,0,1
ORD004197,15345,1635,2024-06-23 20:00:00,742.86,1,Home,1.8,COD,Maharashtra,Urban,10,2,2,6,0.2,38.3,753,176,0.2337,4,8,4,0,2,140.4,4,1,0,4.35,1217,742.86,1,0,0,0
ORD004198,15077,1587,2024-06-23 21:00:00,863.57,1,Home,5.4,COD,Karnataka,Rural,13,0,0,13,0.0,103.6,749,1,0.0013,1,6,3,0,5,89.7,5,1,0,3.41,772,863.57,2,0,0,0
ORD004199,11154,1310,2024-06-23 22:00:00,577.17,2,Electronics,6.4,COD,Maharashtra,Semi-Urban,10,0,2,8,0.0,35.7,734,72,0.0981,1,11,1,0,6,128.5,1,1,0,3.85,54,577.17,0,0,1,1
ORD004200,10587,1468,2024-06-23 23:00:00,435.18,1,Fashion,17.3,UPI,West Bengal,Urban,10,0,1,9,0.0,11.8,743,89,0.1198,3,7,3,0,7,133.0,4,1,0,3.67,1618,0.0,0,0,1,0
ORD004201,14571,1707,2024-06-24 00:00:00,2652.57,1,Home,29.4,UPI,Bihar,Urban,5,2,1,2,0.4,21.8,740,116,0.1568,2,5,1,0,4,153.6,3,0,0,3.89,1315,0.0,0,0,1,0
ORD004202,11821,1043,2024-06-24 01:00:00,1767.45,3,Fashion,3.6,COD,Karnataka,Urban,10,0,2,8,0.0,45.8,771,82,0.1064,5,10,4,0,4,7.9,2,0,0,3.67,175,1767.45,0,2,1,0
ORD004203,10985,1414,2024-06-24 02:00:00,1785.04,3,Electronics,8.2,COD,West Bengal,Semi-Urban,14,0,0,14,0.0,46.4,719,96,0.1335,2,4,2,1,4,111.1,3,0,0,3.45,796,1785.04,0,0,1,0
ORD004204,14079,1697,2024-06-24 03:00:00,963.04,4,Beauty,30.1,UPI,Karnataka,Semi-Urban,9,5,0,4,0.5556,28.8,741,91,0.1228,1,8,4,0,1,89.0,2,0,0,4.0,1727,0.0,0,0,1,0
ORD004205,13348,1245,2024-06-24 04:00:00,386.54,2,Fashion,3.0,COD,Karnataka,Urban,9,2,2,5,0.2222,9.8,767,42,0.0548,4,9,4,0,1,204.5,4,0,0,4.41,70,386.54,0,0,1,0
ORD004206,16299,1083,2024-06-24 05:00:00,3870.84,3,Electronics,13.7,Debit Card,West Bengal,Semi-Urban,9,6,0,3,0.6667,45.4,789,58,0.0735,2,8,2,0,4,68.5,3,0,0,4.4,1095,0.0,0,0,1,1
ORD004207,13831,1206,2024-06-24 06:00:00,1412.87,1,Electronics,8.5,COD,Delhi,Urban,8,0,1,7,0.0,4.9,735,121,0.1646,4,7,5,0,4,53.4,6,0,0,3.4,1085,1412.87,0,0,0,1
ORD004208,11241,1150,2024-06-24 07:00:00,1190.43,1,Electronics,1.8,COD,Delhi,Semi-Urban,8,0,1,7,0.0,32.9,755,164,0.2172,4,6,1,0,4,51.5,7,0,0,4.19,1785,1190.43,0,0,0,0
ORD004209,10189,1667,2024-06-24 08:00:00,884.06,1,Footwear,39.6,COD,Maharashtra,Urban,8,0,1,7,0.0,128.4,754,42,0.0557,2,12,2,0,3,237.5,3,0,0,4.65,49,884.06,0,0,0,0
ORD004210,15536,1527,2024-06-24 09:00:00,321.59,2,Home,20.2,UPI,West Bengal,Urban,10,1,1,8,0.1,99.1,763,112,0.1468,2,4,2,1,3,217.4,4,0,0,3.92,186,0.0,0,0,0,0
ORD004211,10980,1164,2024-06-24 10:00:00,2175.33,3,Fashion,43.9,COD,Maharashtra,Semi-Urban,6,3,0,3,0.5,7.0,726,130,0.1791,5,10,4,1,2,91.5,4,0,0,4.29,742,2175.33,0,0,0,0
ORD004212,11698,1144,2024-06-24 11:00:00,581.36,1,Footwear,12.4,UPI,Delhi,Urban,8,1,0,7,0.125,49.6,701,40,0.0571,2,11,4,0,1,223.4,5,0,0,4.1,1802,0.0,0,0,0,0
ORD004213,11715,1036,2024-06-24 12:00:00,1522.24,2,Fashion,22.4,Debit Card,West Bengal,Semi-Urban,7,0,0,7,0.0,1.4,734,43,0.0586,2,9,2,0,6,99.0,6,0,0,3.55,1618,0.0,1,1,0,0
ORD004214,12593,1332,2024-06-24 13:00:00,1741.5,2,Footwear,30.0,COD,West Bengal,Semi-Urban,8,1,1,6,0.125,19.1,732,44,0.0601,2,9,2,0,2,302.3,2,0,0,4.79,1728,1741.5,1,0,0,1
ORD004215,14136,1402,2024-06-24 14:00:00,1340.09,3,Home,16.7,Debit Card,West Bengal,Semi-Urban,10,1,3,6,0.1,3.3,699,127,0.1817,2,8,2,0,1,79.8,4,0,0,4.75,135,0.0,1,0,0,0
ORD004216,16450,1413,2024-06-24 15:00:00,1453.87,2,Electronics,17.5,UPI,Maharashtra,Semi-Urban,6,0,1,5,0.0,35.4,761,12,0.0158,1,5,5,0,6,393.7,2,0,0,5.0,424,0.0,0,0,0,0
ORD004217,15038,1044,2024-06-24 16:00:00,2459.4,4,Fashion,8.4,COD,Karnataka,Urban,10,2,1,7,0.2,8.8,698,32,0.0458,2,9,2,0,3,197.2,4,0,0,4.11,1238,2459.4,1,1,0,1
ORD004218,14433,1401,2024-06-24 17:00:00,681.67,1,Electronics,6.6,UPI,Karnataka,Rural,6,0,1,5,0.0,0.9,747,46,0.0616,0,6,2,0,3,256.2,2,0,0,3.97,468,0.0,0,0,0,1
ORD004219,15433,1205,2024-06-24 18:00:00,1210.39,1,Home,18.2,COD,Karnataka,Semi-Urban,10,1,1,8,0.1,16.2,760,11,0.0145,1,5,4,0,2,290.9,3,0,0,3.87,1245,1210.39,0,0,0,0
ORD004220,11098,1061,2024-06-24 19:00:00,958.09,1,Fashion,9.1,UPI,West Bengal,Urban,9,0,2,7,0.0,21.2,758,45,0.0594,4,7,1,0,5,48.8,4,0,0,4.48,722,0.0,0,0,0,0
ORD004221,17096,1419,2024-06-24 20:00:00,363.68,1,Beauty,33.1,Credit Card,Delhi,Urban,9,0,0,9,0.0,59.2,762,70,0.0919,1,5,3,0,4,86.2,3,0,0,3.91,703,0.0,0,0,0,0
ORD004222,12326,1467,2024-06-24 21:00:00,1302.19,1,Beauty,18.3,Debit Card,Maharashtra,Rural,7,0,0,7,0.0,48.3,785,159,0.2025,2,7,1,0,3,205.6,4,0,0,3.81,614,0.0,0,0,0,0
ORD004223,13247,1018,2024-06-24 22:00:00,2323.32,2,Beauty,26.1,COD,Maharashtra,Urban,8,0,3,5,0.0,36.0,739,157,0.2124,2,8,2,0,3,322.7,4,0,0,3.56,194,2323.32,0,0,1,0
ORD004224,10895,1364,2024-06-24 23:00:00,2504.39,2,Home,4.6,COD,Delhi,Semi-Urban,9,0,1,8,0.0,1.0,702,43,0.0613,1,5,3,0,3,320.7,4,0,0,4.4,890,2504.39,0,2,1,0
ORD004225,17829,1299,2024-06-25 00:00:00,3342.54,2,Beauty,36.7,Debit Card,Karnataka,Urban,4,0,0,4,0.0,18.3,725,69,0.0952,4,6,1,0,1,122.9,2,0,0,3.4,408,0.0,2,1,1,0
ORD004226,16416,1006,2024-06-25 01:00:00,378.33,1,Fashion,20.3,Credit Card,Bihar,Urban,9,2,1,6,0.2222,37.2,721,8,0.0111,1,6,2,0,6,49.7,2,0,0,4.12,332,0.0,2,0,1,0
ORD004227,16980,1760,2024-06-25 02:00:00,2913.69,1,Beauty,19.8,Credit Card,Delhi,Rural,13,1,2,10,0.0769,58.0,762,136,0.1785,2,9,5,0,3,89.1,2,0,0,3.61,1343,0.0,0,0,1,0
ORD004228,16763,1427,2024-06-25 03:00:00,1225.25,1,Fashion,20.0,UPI,Karnataka,Urban,11,1,0,10,0.0909,22.7,714,23,0.0322,0,5,4,0,3,124.9,6,0,0,3.89,948,0.0,1,0,1,0
ORD004229,11674,1116,2024-06-25 04:00:00,2865.04,1,Home,25.3,UPI,West Bengal,Semi-Urban,8,0,0,8,0.0,33.6,782,35,0.0448,0,7,2,0,3,220.5,3,0,0,4.08,1562,0.0,0,0,1,0
ORD004230,12909,1579,2024-06-25 05:00:00,865.35,1,Electronics,8.2,UPI,Delhi,Urban,6,0,0,6,0.0,10.5,748,83,0.111,3,6,2,0,1,398.3,5,0,0,4.76,1433,0.0,0,0,1,0
ORD004231,17950,1506,2024-06-25 06:00:00,797.53,1,Footwear,28.9,Credit Card,Karnataka,Semi-Urban,10,0,1,9,0.0,10.1,735,115,0.1565,4,6,4,0,1,135.0,5,0,0,4.17,1122,0.0,0,1,0,0
ORD004232,10930,1545,2024-06-25 07:00:00,528.92,1,Beauty,11.4,COD,Maharashtra,Semi-Urban,11,0,0,11,0.0,18.0,778,46,0.0591,1,6,1,0,3,29.1,6,0,0,4.37,1870,528.92,0,0,0,1
ORD004233,14384,1705,2024-06-25 08:00:00,1746.88,2,Footwear,32.4,UPI,Bihar,Urban,11,1,0,10,0.0909,23.4,742,110,0.1482,1,7,1,0,2,190.9,1,0,0,4.15,796,0.0,0,0,0,0
ORD004234,10723,1324,2024-06-25 09:00:00,1493.21,1,Electronics,22.7,UPI,Bihar,Urban,9,2,0,7,0.2222,89.7,758,168,0.2216,2,6,5,0,2,117.5,3,0,0,4.17,602,0.0,1,1,0,0
ORD004235,12940,1054,2024-06-25 10:00:00,561.04,4,Home,3.9,Debit Card,Bihar,Urban,15,4,0,11,0.2667,2.5,738,111,0.1504,1,6,5,0,3,200.1,3,0,0,4.0,1834,0.0,0,0,0,1
ORD004236,16415,1777,2024-06-25 11:00:00,299.32,1,Home,11.2,Debit Card,Karnataka,Urban,9,0,0,9,0.0,52.5,739,68,0.092,3,9,7,0,4,233.9,3,0,0,3.66,50,0.0,1,1,0,0
ORD004237,16049,1041,2024-06-25 12:00:00,1406.9,4,Electronics,4.3,COD,Karnataka,Semi-Urban,10,3,0,7,0.3,18.6,803,96,0.1196,3,8,1,0,2,246.6,3,0,0,4.39,582,1406.9,1,0,0,0
ORD004238,11089,1296,2024-06-25 13:00:00,1506.44,1,Footwear,38.8,Credit Card,West Bengal,Urban,9,0,2,7,0.0,0.2,737,109,0.1479,1,5,5,0,1,109.6,7,0,0,4.24,705,0.0,0,1,0,0
ORD004239,14578,1230,2024-06-25 14:00:00,606.58,1,Beauty,26.5,Debit Card,Bihar,Semi-Urban,7,0,0,7,0.0,22.0,749,15,0.02,1,7,1,0,2,83.8,2,0,0,3.9,392,0.0,0,0,0,1
ORD004240,10935,1452,2024-06-25 15:00:00,537.7,1,Fashion,27.2,COD,Maharashtra,Urban,8,1,1,6,0.125,28.0,722,16,0.0222,3,6,2,0,4,158.5,4,0,0,4.39,1682,537.7,0,0,0,1
ORD004241,12295,1393,2024-06-25 16:00:00,1625.42,2,Home,15.9,Credit Card,Bihar,Urban,12,0,1,11,0.0,10.7,763,90,0.118,3,9,1,0,4,33.3,2,0,0,4.16,431,0.0,0,1,0,0
ORD004242,10155,1521,2024-06-25 17:00:00,3340.37,1,Electronics,11.6,UPI,Delhi,Urban,10,0,2,8,0.0,11.7,769,127,0.1651,3,10,4,0,5,123.3,4,0,0,4.33,1543,0.0,0,1,0,0
ORD004243,11070,1357,2024-06-25 18:00:00,814.85,1,Footwear,13.4,COD,Delhi,Urban,6,0,0,6,0.0,36.0,751,182,0.2423,4,13,7,0,2,220.4,5,0,0,4.55,1074,814.85,0,0,0,1
ORD004244,11958,1443,2024-06-25 19:00:00,646.92,3,Beauty,9.5,Credit Card,Maharashtra,Urban,8,0,0,8,0.0,14.5,747,133,0.178,2,2,4,0,4,188.6,6,0,0,4.25,1911,0.0,1,0,0,0
ORD004245,12501,1127,2024-06-25 20:00:00,1312.01,1,Footwear,10.8,Credit Card,Karnataka,Urban,9,1,0,8,0.1111,1.4,754,82,0.1088,3,7,6,1,2,137.0,2,0,0,4.79,1406,0.0,0,2,0,1
ORD004246,16344,1690,2024-06-25 21:00:00,1605.44,1,Beauty,8.8,COD,Bihar,Rural,14,2,2,10,0.1429,0.9,748,65,0.0869,3,4,2,0,2,207.8,5,0,0,4.37,242,1605.44,0,0,0,1
ORD004247,15779,1404,2024-06-25 22:00:00,881.32,1,Fashion,13.2,Credit Card,Delhi,Rural,9,1,0,8,0.1111,1.5,713,43,0.0603,4,9,2,0,2,57.9,3,0,0,4.88,1215,0.0,0,0,1,0
ORD004248,14219,1391,2024-06-25 23:00:00,3696.18,2,Fashion,26.7,COD,Maharashtra,Urban,13,0,0,13,0.0,5.2,728,142,0.1951,3,7,1,0,1,180.0,3,0,0,3.59,786,3696.18,0,0,1,0
ORD004249,16144,1192,2024-06-26 00:00:00,1883.73,1,Electronics,12.7,COD,West Bengal,Semi-Urban,9,2,0,7,0.2222,41.4,754,35,0.0464,3,5,5,0,2,67.7,3,0,0,3.79,266,1883.73,1,0,1,1
ORD004250,15063,1603,2024-06-26 01:00:00,872.39,1,Electronics,8.2,COD,Delhi,Rural,7,0,0,7,0.0,60.2,719,166,0.2309,4,6,5,0,3,101.1,6,0,0,4.1,1736,872.39,0,0,1,0
ORD004251,13830,1742,2024-06-26 02:00:00,421.79,1,Beauty,16.5,COD,Delhi,Semi-Urban,10,0,0,10,0.0,9.9,762,98,0.1286,1,10,1,0,3,208.1,3,0,0,3.68,647,421.79,2,0,1,0
ORD004252,10854,1077,2024-06-26 03:00:00,2420.32,1,Beauty,27.8,Debit Card,Bihar,Urban,6,0,0,6,0.0,35.0,749,8,0.0107,2,7,5,0,6,289.0,5,0,0,4.47,1492,0.0,0,0,1,1
ORD004253,10639,1084,2024-06-26 04:00:00,2242.08,2,Beauty,22.5,UPI,Karnataka,Semi-Urban,13,0,1,12,0.0,120.3,773,53,0.0686,0,5,1,0,3,103.2,4,0,0,4.82,1317,0.0,0,0,1,0
ORD004254,12238,1029,2024-06-26 05:00:00,914.47,1,Beauty,20.4,UPI,Delhi,Urban,11,1,0,10,0.0909,46.9,770,136,0.1766,0,8,1,1,2,162.9,5,0,0,3.96,1738,0.0,0,0,1,0
ORD004255,11602,1724,2024-06-26 06:00:00,1353.36,1,Fashion,6.2,COD,Delhi,Urban,10,1,0,9,0.1,24.3,764,100,0.1309,3,12,5,0,3,62.4,5,0,0,3.69,388,1353.36,0,0,0,1
ORD004256,16659,1048,2024-06-26 07:00:00,1001.96,1,Electronics,7.0,UPI,Bihar,Urban,9,2,3,4,0.2222,2.5,736,74,0.1005,1,3,3,0,3,194.9,3,0,0,4.28,911,0.0,1,0,0,0
ORD004257,10441,1776,2024-06-26 08:00:00,1498.71,1,Electronics,10.1,COD,Karnataka,Semi-Urban,11,1,2,8,0.0909,48.0,734,51,0.0695,2,8,4,1,3,392.1,2,0,0,3.68,1071,1498.71,0,0,0,0
ORD004258,16040,1144,2024-06-26 09:00:00,592.9,1,Home,13.7,UPI,West Bengal,Urban,9,1,2,6,0.1111,2.6,747,36,0.0482,0,4,5,0,1,317.9,2,0,0,4.05,481,0.0,0,0,0,0
ORD004259,15934,1068,2024-06-26 10:00:00,544.29,1,Electronics,22.1,COD,West Bengal,Urban,15,5,0,10,0.3333,6.3,737,93,0.1262,2,4,4,0,2,70.6,3,0,0,4.28,306,544.29,0,0,0,0
ORD004260,15925,1057,2024-06-26 11:00:00,1783.83,1,Electronics,13.6,COD,West Bengal,Rural,16,1,3,12,0.0625,16.9,791,24,0.0303,2,4,5,0,3,116.5,4,0,0,4.03,996,1783.83,0,0,0,1
ORD004261,16286,1696,2024-06-26 12:00:00,1924.78,3,Footwear,21.9,Debit Card,West Bengal,Semi-Urban,6,0,0,6,0.0,2.7,715,76,0.1063,4,9,2,0,4,219.3,4,0,0,4.46,1389,0.0,0,0,0,1
ORD004262,17358,1573,2024-06-26 13:00:00,816.91,1,Footwear,7.7,COD,Karnataka,Urban,12,1,4,7,0.0833,14.2,757,22,0.0291,2,8,3,0,2,144.3,3,0,0,4.42,959,816.91,0,0,0,0
ORD004263,14628,1478,2024-06-26 14:00:00,699.61,1,Home,4.1,UPI,West Bengal,Semi-Urban,9,0,1,8,0.0,10.4,705,70,0.0993,3,8,4,0,1,248.2,3,0,0,5.0,554,0.0,0,0,0,0
ORD004264,16370,1444,2024-06-26 15:00:00,2183.18,1,Beauty,15.6,COD,Bihar,Semi-Urban,8,0,1,7,0.0,6.8,697,124,0.1779,2,5,4,0,4,68.1,2,0,0,4.69,1924,2183.18,2,0,0,0
ORD004265,11336,1295,2024-06-26 16:00:00,713.97,1,Home,30.8,COD,Bihar,Urban,5,0,0,5,0.0,16.2,765,272,0.3556,1,5,4,0,2,121.5,2,0,0,3.99,971,713.97,0,1,0,0
ORD004266,13700,1677,2024-06-26 17:00:00,1133.71,3,Home,21.1,COD,Bihar,Urban,10,0,4,6,0.0,4.6,731,52,0.0711,1,7,2,0,5,22.0,4,0,0,4.04,19,1133.71,0,1,0,0
ORD004267,10948,1170,2024-06-26 18:00:00,1050.64,1,Fashion,25.2,Credit Card,West Bengal,Urban,8,0,0,8,0.0,1.9,691,27,0.0391,1,4,4,0,3,91.4,3,0,0,4.9,893,0.0,0,0,0,0
ORD004268,13373,1574,2024-06-26 19:00:00,454.8,1,Electronics,9.9,Debit Card,Bihar,Rural,15,0,0,15,0.0,36.7,801,55,0.0687,3,11,3,0,2,37.8,7,0,0,4.21,593,0.0,0,0,0,0
ORD004269,17821,1146,2024-06-26 20:00:00,1230.61,2,Fashion,2.4,COD,Bihar,Semi-Urban,6,1,0,5,0.1667,13.7,782,54,0.0691,3,8,2,0,2,71.2,3,0,0,4.16,1402,1230.61,0,0,0,1
ORD004270,16115,1483,2024-06-26 21:00:00,1160.54,1,Electronics,21.3,UPI,Maharashtra,Urban,15,6,0,9,0.4,3.8,747,29,0.0388,2,4,2,0,3,93.1,5,0,0,3.98,1915,0.0,1,0,0,0
ORD004271,10459,1305,2024-06-26 22:00:00,1361.19,1,Home,27.7,UPI,West Bengal,Urban,9,2,1,6,0.2222,53.1,751,76,0.1012,2,9,3,0,5,288.4,3,0,0,3.64,1976,0.0,0,0,1,0
ORD004272,17568,1672,2024-06-26 23:00:00,1205.85,1,Electronics,12.3,COD,Bihar,Rural,7,0,1,6,0.0,58.0,763,102,0.1337,2,10,8,1,2,96.9,2,0,0,4.25,366,1205.85,0,0,1,0
ORD004273,14646,1652,2024-06-27 00:00:00,3949.77,1,Beauty,14.8,COD,Karnataka,Semi-Urban,13,0,1,12,0.0,4.4,736,17,0.0231,3,7,3,0,1,68.2,3,0,0,4.36,1479,3949.77,0,0,1,0
ORD004274,10392,1608,2024-06-27 01:00:00,2201.75,2,Beauty,23.3,UPI,Bihar,Urban,10,0,0,10,0.0,1.1,808,42,0.052,4,9,4,0,6,119.8,3,0,0,3.9,790,0.0,0,0,1,0
ORD004275,13938,1445,2024-06-27 02:00:00,1122.47,1,Home,13.4,UPI,Maharashtra,Urban,6,0,0,6,0.0,59.2,745,27,0.0362,2,4,4,0,3,132.1,2,0,0,4.4,1294,0.0,0,0,1,0
ORD004276,11787,1220,2024-06-27 03:00:00,1185.77,1,Footwear,21.2,COD,Karnataka,Semi-Urban,15,5,2,8,0.3333,26.0,751,80,0.1065,4,6,1,0,3,119.6,1,0,0,3.94,1618,1185.77,0,0,1,0
ORD004277,14940,1554,2024-06-27 04:00:00,3159.51,1,Beauty,15.6,UPI,Karnataka,Urban,10,0,1,9,0.0,55.2,746,12,0.0161,2,7,2,0,1,151.7,3,0,0,4.84,1516,0.0,1,1,1,0
ORD004278,17374,1377,2024-06-27 05:00:00,1840.61,1,Home,30.0,Wallet,Delhi,Semi-Urban,14,2,0,12,0.1429,2.0,740,32,0.0432,0,3,4,0,1,166.1,5,0,0,3.69,150,0.0,0,0,1,1
ORD004279,12257,1619,2024-06-27 06:00:00,524.58,4,Fashion,13.4,COD,Maharashtra,Semi-Urban,12,1,0,11,0.0833,2.4,745,24,0.0322,2,8,3,0,6,95.1,3,0,0,4.23,629,524.58,1,1,0,0
ORD004280,11138,1265,2024-06-27 07:00:00,1937.92,1,Footwear,8.2,COD,Maharashtra,Semi-Urban,12,1,0,11,0.0833,52.7,736,42,0.0571,1,7,5,0,4,35.8,5,0,0,3.88,37,1937.92,0,0,0,0
ORD004281,13808,1094,2024-06-27 08:00:00,2311.57,4,Beauty,29.9,Debit Card,Bihar,Urban,5,2,0,3,0.4,35.1,720,62,0.0861,7,13,3,0,3,192.0,5,0,0,4.46,74,0.0,1,0,0,1
ORD004282,14741,1261,2024-06-27 09:00:00,2894.68,1,Home,19.5,COD,Maharashtra,Semi-Urban,6,0,0,6,0.0,15.3,744,78,0.1048,1,2,2,0,3,324.5,4,0,0,4.2,1191,2894.68,0,0,0,0
ORD004283,17418,1070,2024-06-27 10:00:00,861.87,2,Home,12.2,Credit Card,Karnataka,Urban,13,2,1,10,0.1538,37.4,745,87,0.1168,2,10,1,0,1,44.1,4,0,0,3.93,1190,0.0,1,0,0,0
ORD004284,16362,1218,2024-06-27 11:00:00,824.96,1,Fashion,6.7,UPI,Karnataka,Semi-Urban,10,1,3,6,0.1,26.8,766,66,0.0862,1,5,3,0,3,234.4,1,0,0,4.32,1027,0.0,0,0,0,0
ORD004285,12454,1532,2024-06-27 12:00:00,623.23,1,Fashion,11.4,COD,Bihar,Urban,10,0,0,10,0.0,35.5,771,64,0.083,2,7,5,0,4,116.0,3,0,0,3.15,1481,623.23,0,0,0,0
ORD004286,11466,1091,2024-06-27 13:00:00,1319.33,3,Footwear,29.9,COD,Karnataka,Urban,10,0,1,9,0.0,0.3,734,97,0.1322,1,6,5,0,3,160.6,5,0,0,3.88,1067,1319.33,1,0,0,0
ORD004287,13674,1126,2024-06-27 14:00:00,1702.27,3,Beauty,6.0,COD,Bihar,Urban,8,0,1,7,0.0,12.7,731,112,0.1532,3,9,2,0,1,163.7,2,0,0,4.2,1205,1702.27,0,0,0,1
ORD004288,11377,1079,2024-06-27 15:00:00,805.93,1,Home,15.1,COD,Delhi,Semi-Urban,8,0,0,8,0.0,62.6,731,12,0.0164,2,6,1,0,3,346.3,4,0,0,4.7,1798,805.93,0,0,0,1
ORD004289,17031,1237,2024-06-27 16:00:00,1007.18,1,Footwear,5.0,Credit Card,Maharashtra,Semi-Urban,6,0,0,6,0.0,28.3,712,89,0.125,2,7,4,0,2,137.4,5,0,0,4.34,949,0.0,0,0,0,0
ORD004290,16701,1371,2024-06-27 17:00:00,319.82,1,Footwear,8.6,COD,Maharashtra,Semi-Urban,10,3,0,7,0.3,1.2,794,12,0.0151,3,10,1,0,3,88.4,5,0,0,3.85,1609,319.82,0,0,0,0
ORD004291,12597,1485,2024-06-27 18:00:00,2712.62,3,Fashion,19.0,COD,Maharashtra,Urban,9,0,3,6,0.0,139.8,794,272,0.3426,1,8,5,0,1,54.6,3,0,0,3.46,433,2712.62,0,0,0,0
ORD004292,10141,1693,2024-06-27 19:00:00,428.81,1,Home,29.2,COD,Delhi,Urban,11,5,1,5,0.4545,125.0,746,55,0.0737,1,3,2,0,3,226.6,2,0,0,4.3,1068,428.81,0,2,0,0
ORD004293,12659,1024,2024-06-27 20:00:00,1373.16,2,Electronics,4.6,Credit Card,Maharashtra,Urban,6,0,2,4,0.0,15.5,773,180,0.2329,3,5,2,0,3,9.0,7,0,0,4.06,1539,0.0,0,0,0,0
ORD004294,14596,1155,2024-06-27 21:00:00,1265.16,2,Fashion,32.7,UPI,Delhi,Urban,10,0,0,10,0.0,55.6,748,53,0.0709,3,7,6,0,3,375.5,3,0,0,4.4,1143,0.0,0,1,0,0
ORD004295,10839,1516,2024-06-27 22:00:00,1127.19,2,Home,6.5,UPI,Delhi,Semi-Urban,7,0,0,7,0.0,13.5,753,14,0.0186,2,10,3,0,2,160.9,4,0,0,4.62,520,0.0,0,0,1,0
ORD004296,16845,1631,2024-06-27 23:00:00,1142.85,1,Footwear,5.5,COD,Bihar,Urban,13,0,2,11,0.0,8.2,788,108,0.1371,2,3,3,0,2,100.3,3,0,0,4.1,1263,1142.85,1,0,1,1
ORD004297,13618,1788,2024-06-28 00:00:00,597.61,1,Footwear,4.8,UPI,West Bengal,Urban,5,0,0,5,0.0,93.7,770,43,0.0558,2,5,3,0,3,174.4,2,0,0,4.52,1012,0.0,0,1,1,0
ORD004298,15778,1529,2024-06-28 01:00:00,900.69,4,Beauty,11.1,Credit Card,West Bengal,Rural,22,5,0,17,0.2273,38.2,755,203,0.2689,0,5,4,0,4,69.3,6,0,0,4.57,1070,0.0,1,0,1,0
ORD004299,15661,1709,2024-06-28 02:00:00,1961.31,2,Electronics,3.9,Credit Card,Bihar,Semi-Urban,11,0,1,10,0.0,16.9,747,175,0.2343,1,3,2,0,3,205.3,3,0,0,3.99,795,0.0,1,0,1,0
ORD004300,16142,1056,2024-06-28 03:00:00,2342.78,2,Fashion,15.1,COD,Bihar,Semi-Urban,9,2,3,4,0.2222,14.6,765,66,0.0863,3,13,2,0,5,105.6,5,0,0,4.05,620,2342.78,0,1,1,0
ORD004301,13917,1604,2024-06-28 04:00:00,851.89,1,Beauty,20.9,Debit Card,Bihar,Semi-Urban,5,0,1,4,0.0,2.2,729,47,0.0645,1,4,1,0,3,560.0,4,0,0,3.83,1746,0.0,0,0,1,1
ORD004302,15626,1018,2024-06-28 05:00:00,429.98,2,Beauty,7.6,COD,Maharashtra,Urban,13,0,1,12,0.0,44.7,780,165,0.2115,2,7,3,0,2,138.8,4,0,0,4.55,1967,429.98,0,1,1,0
ORD004303,10595,1383,2024-06-28 06:00:00,687.32,1,Electronics,2.4,UPI,Karnataka,Semi-Urban,9,1,0,8,0.1111,7.1,754,105,0.1393,0,5,1,0,4,77.7,6,0,0,3.9,855,0.0,0,0,0,0
ORD004304,11904,1192,2024-06-28 07:00:00,3332.97,1,Fashion,14.6,Debit Card,Bihar,Urban,11,2,0,9,0.1818,3.0,812,130,0.1601,0,2,3,0,2,5.5,3,0,0,4.67,1648,0.0,1,1,0,0
ORD004305,10280,1236,2024-06-28 08:00:00,712.31,2,Fashion,4.8,Credit Card,Delhi,Urban,15,1,1,13,0.0667,30.8,763,86,0.1127,2,6,3,0,3,328.0,3,0,0,4.29,1307,0.0,2,1,0,1
ORD004306,10423,1386,2024-06-28 09:00:00,1034.5,1,Footwear,6.9,UPI,West Bengal,Urban,12,0,0,12,0.0,20.6,750,82,0.1093,3,6,2,0,2,244.0,4,0,0,4.78,1533,0.0,1,0,0,0
ORD004307,16999,1425,2024-06-28 10:00:00,2564.57,2,Fashion,26.0,Credit Card,Maharashtra,Urban,7,1,0,6,0.1429,28.3,739,42,0.0568,4,7,2,0,1,311.9,3,0,0,4.1,964,0.0,0,0,0,0
ORD004308,14365,1276,2024-06-28 11:00:00,799.4,1,Beauty,11.9,UPI,Karnataka,Urban,9,0,3,6,0.0,3.7,741,132,0.1781,2,8,2,0,4,43.1,4,0,0,4.28,1781,0.0,0,0,0,0
ORD004309,14249,1226,2024-06-28 12:00:00,992.95,1,Footwear,29.0,COD,West Bengal,Urban,10,1,1,8,0.1,3.3,747,53,0.071,2,6,3,0,2,129.9,2,0,0,3.93,878,992.95,0,0,0,0
ORD004310,16757,1744,2024-06-28 13:00:00,1766.4,1,Fashion,30.3,COD,West Bengal,Rural,4,1,1,2,0.25,4.5,743,20,0.0269,0,4,2,0,1,248.7,1,0,0,3.3,684,1766.4,0,1,0,0
ORD004311,11750,1551,2024-06-28 14:00:00,3062.8,1,Electronics,33.4,COD,West Bengal,Rural,8,0,3,5,0.0,20.8,744,81,0.1089,1,4,1,0,2,151.1,4,0,0,3.37,589,3062.8,2,0,0,0
ORD004312,14757,1322,2024-06-28 15:00:00,744.47,1,Beauty,30.0,UPI,Delhi,Rural,7,1,2,4,0.1429,7.5,700,71,0.1014,2,5,1,0,2,213.2,2,0,0,3.99,341,0.0,0,1,0,0
ORD004313,11967,1152,2024-06-28 16:00:00,2528.19,2,Home,14.2,COD,Delhi,Semi-Urban,9,1,1,7,0.1111,23.2,752,35,0.0465,1,5,3,0,4,146.1,4,0,0,4.15,681,2528.19,0,0,0,0
ORD004314,14088,1638,2024-06-28 17:00:00,926.19,2,Electronics,20.6,Debit Card,Delhi,Rural,11,0,2,9,0.0,17.6,763,72,0.0944,0,4,3,0,3,50.3,3,0,0,3.89,313,0.0,0,2,0,0
ORD004315,14178,1236,2024-06-28 18:00:00,644.48,1,Electronics,17.8,COD,Karnataka,Urban,12,2,4,6,0.1667,12.6,735,58,0.0789,1,4,4,0,2,353.2,2,0,1,4.0,1307,644.48,1,1,0,0
ORD004316,17789,1054,2024-06-28 19:00:00,1273.77,1,Fashion,11.4,UPI,West Bengal,Urban,8,1,0,7,0.125,0.7,782,115,0.1471,1,6,1,0,5,69.9,3,0,0,4.01,1024,0.0,0,0,0,0
ORD004317,17090,1435,2024-06-28 20:00:00,547.55,2,Footwear,21.4,Credit Card,Bihar,Urban,16,3,0,13,0.1875,42.3,708,171,0.2415,3,6,2,1,2,120.5,2,0,0,4.6,712,0.0,1,0,0,0
ORD004318,12946,1683,2024-06-28 21:00:00,1455.65,2,Footwear,35.8,UPI,Karnataka,Semi-Urban,14,1,0,13,0.0714,1.7,759,18,0.0237,5,8,2,0,4,95.4,6,0,0,3.35,1695,0.0,0,0,0,0
ORD004319,11449,1108,2024-06-28 22:00:00,7257.49,2,Beauty,5.6,COD,Delhi,Semi-Urban,11,2,0,9,0.1818,26.4,801,25,0.0312,5,14,4,0,4,346.9,5,0,0,3.38,387,7257.49,0,0,1,1
ORD004320,15394,1183,2024-06-28 23:00:00,2128.9,2,Fashion,16.1,Debit Card,Delhi,Urban,6,0,2,4,0.0,11.2,733,101,0.1378,3,5,2,1,2,13.8,2,0,0,3.91,349,0.0,0,0,1,0
ORD004321,17880,1367,2024-06-29 00:00:00,1029.74,1,Footwear,22.8,COD,Delhi,Urban,9,0,1,8,0.0,32.5,758,76,0.1003,3,7,2,0,3,502.4,2,1,0,4.23,19,1029.74,0,0,1,0
ORD004322,12331,1197,2024-06-29 01:00:00,2061.77,1,Home,7.9,COD,Maharashtra,Urban,5,1,0,4,0.2,8.1,768,50,0.0651,1,10,3,0,4,177.2,1,1,0,4.22,711,2061.77,0,0,1,0
ORD004323,15075,1370,2024-06-29 02:00:00,627.09,1,Fashion,30.6,COD,West Bengal,Urban,13,0,2,11,0.0,11.0,683,131,0.1918,2,6,1,0,1,87.3,1,1,0,3.96,1203,627.09,0,0,1,0
ORD004324,12220,1372,2024-06-29 03:00:00,693.53,1,Fashion,1.2,UPI,Bihar,Semi-Urban,8,1,0,7,0.125,98.7,728,59,0.081,1,5,2,0,5,175.1,4,1,0,4.51,1726,0.0,0,0,1,0
ORD004325,17494,1496,2024-06-29 04:00:00,1047.02,2,Footwear,26.2,Credit Card,West Bengal,Urban,9,2,2,5,0.2222,12.3,743,170,0.2288,4,5,3,0,4,203.5,1,1,0,4.4,1300,0.0,1,0,1,0
ORD004326,13789,1598,2024-06-29 05:00:00,1155.94,1,Electronics,30.6,COD,Karnataka,Rural,8,0,1,7,0.0,23.7,744,52,0.0699,1,9,4,0,4,144.0,1,1,0,3.17,949,1155.94,1,1,1,0
ORD004327,17230,1200,2024-06-29 06:00:00,504.73,3,Fashion,7.1,Wallet,Maharashtra,Rural,9,0,1,8,0.0,74.9,765,66,0.0863,1,3,3,0,5,190.1,3,1,0,4.37,1407,0.0,0,0,0,0
ORD004328,17240,1508,2024-06-29 07:00:00,912.43,2,Electronics,23.6,COD,Karnataka,Urban,13,1,1,11,0.0769,30.9,751,159,0.2117,4,12,7,0,2,732.4,5,1,0,3.82,643,912.43,0,0,0,1
ORD004329,12810,1321,2024-06-29 08:00:00,1005.51,3,Beauty,5.4,COD,Delhi,Rural,4,1,0,3,0.25,12.1,743,74,0.0996,0,5,4,0,7,161.9,4,1,0,3.76,147,1005.51,1,0,0,0
ORD004330,15755,1274,2024-06-29 09:00:00,2766.07,3,Beauty,24.1,COD,Delhi,Rural,12,1,1,10,0.0833,12.3,741,49,0.0661,0,7,4,0,5,86.2,3,1,0,4.39,691,2766.07,1,0,0,0
ORD004331,15494,1210,2024-06-29 10:00:00,504.71,1,Footwear,28.6,Credit Card,Bihar,Semi-Urban,8,2,0,6,0.25,13.9,745,51,0.0685,1,10,4,0,1,57.2,2,1,0,3.72,758,0.0,0,0,0,0
ORD004332,14728,1503,2024-06-29 11:00:00,477.41,2,Beauty,9.7,COD,West Bengal,Semi-Urban,8,1,0,7,0.125,13.5,763,75,0.0983,3,8,4,0,3,77.3,4,1,0,3.83,68,477.41,0,0,0,1
ORD004333,11531,1117,2024-06-29 12:00:00,1218.56,1,Footwear,4.8,COD,Karnataka,Urban,7,3,0,4,0.4286,10.9,732,35,0.0478,1,5,6,0,5,98.7,7,1,0,3.79,1831,1218.56,1,2,0,0
ORD004334,14882,1702,2024-06-29 13:00:00,2187.52,1,Footwear,9.0,COD,Delhi,Rural,5,0,1,4,0.0,20.6,762,130,0.1706,4,10,6,1,2,295.5,5,1,0,4.25,947,2187.52,0,0,0,1
ORD004335,12990,1553,2024-06-29 14:00:00,1526.84,2,Electronics,7.7,COD,Bihar,Urban,8,4,1,3,0.5,40.2,756,67,0.0886,2,5,1,0,4,152.6,5,1,0,3.15,634,1526.84,0,0,0,0
ORD004336,17155,1041,2024-06-29 15:00:00,1315.02,1,Electronics,31.5,COD,Bihar,Rural,9,1,0,8,0.1111,22.1,735,64,0.0871,4,10,3,1,4,110.7,4,1,0,3.49,97,1315.02,0,0,0,0
ORD004337,14493,1314,2024-06-29 16:00:00,922.27,4,Beauty,10.4,COD,Karnataka,Urban,9,4,0,5,0.4444,7.2,750,107,0.1427,2,7,2,0,4,181.3,6,1,0,4.28,1295,922.27,0,0,0,1
ORD004338,11143,1787,2024-06-29 17:00:00,1645.28,2,Electronics,3.2,COD,West Bengal,Semi-Urban,6,1,2,3,0.1667,30.3,759,58,0.0764,3,7,2,0,2,200.7,2,1,0,4.02,1460,1645.28,0,0,0,0
ORD004339,10933,1328,2024-06-29 18:00:00,1801.07,2,Fashion,22.7,UPI,Maharashtra,Urban,8,2,0,6,0.25,18.1,756,37,0.0489,3,6,1,0,3,149.5,3,1,0,3.78,101,0.0,0,0,0,0
ORD004340,11460,1016,2024-06-29 19:00:00,939.75,1,Home,22.6,COD,Bihar,Urban,4,0,0,4,0.0,24.2,767,34,0.0443,1,9,5,0,1,97.1,6,1,0,3.98,1145,939.75,0,0,0,0
ORD004341,15948,1282,2024-06-29 20:00:00,620.69,2,Fashion,32.6,COD,Karnataka,Rural,5,0,0,5,0.0,30.7,742,16,0.0216,3,8,4,0,2,160.3,2,1,0,4.01,541,620.69,0,0,0,0
ORD004342,12723,1257,2024-06-29 21:00:00,623.11,1,Fashion,32.0,COD,Delhi,Semi-Urban,4,0,0,4,0.0,15.5,761,58,0.0762,4,12,2,0,3,107.8,3,1,0,4.61,1242,623.11,0,0,0,0
ORD004343,17079,1574,2024-06-29 22:00:00,1857.97,2,Footwear,15.2,COD,Maharashtra,Semi-Urban,9,1,0,8,0.1111,12.8,707,43,0.0608,1,6,3,0,3,102.7,2,1,0,3.98,1946,1857.97,0,1,1,0
ORD004344,12512,1573,2024-06-29 23:00:00,434.17,1,Home,13.1,COD,Maharashtra,Urban,7,0,0,7,0.0,50.4,795,136,0.1711,0,4,3,0,3,92.5,2,1,0,3.88,1283,434.17,0,0,1,0
ORD004345,10285,1611,2024-06-30 00:00:00,2999.6,2,Footwear,35.3,COD,West Bengal,Rural,12,0,0,12,0.0,49.4,694,80,0.1153,2,8,5,0,3,110.8,3,1,0,3.53,858,2999.6,1,0,1,0
ORD004346,10264,1018,2024-06-30 01:00:00,834.08,1,Electronics,28.1,COD,Karnataka,Semi-Urban,10,0,1,9,0.0,30.9,744,80,0.1075,2,7,2,0,3,243.7,2,1,0,3.79,877,834.08,0,0,1,0
ORD004347,12367,1528,2024-06-30 02:00:00,1320.44,1,Electronics,10.4,COD,West Bengal,Urban,8,0,0,8,0.0,10.1,748,182,0.2433,6,10,3,0,4,15.9,6,1,0,3.95,499,1320.44,0,0,1,0
ORD004348,16816,1422,2024-06-30 03:00:00,1670.75,1,Home,21.9,UPI,Bihar,Semi-Urban,7,1,1,5,0.1429,32.0,737,65,0.0882,0,4,3,0,2,60.0,4,1,0,4.08,811,0.0,0,1,1,0
ORD004349,13447,1465,2024-06-30 04:00:00,727.63,1,Beauty,4.3,COD,Bihar,Urban,5,1,0,4,0.2,14.2,757,148,0.1955,3,5,1,0,2,312.5,6,1,0,3.87,49,727.63,0,0,1,0
ORD004350,16963,1372,2024-06-30 05:00:00,832.19,2,Electronics,7.8,COD,Karnataka,Semi-Urban,8,1,0,7,0.125,29.8,748,129,0.1725,1,2,4,0,3,116.2,2,1,0,3.17,118,832.19,0,0,1,0
ORD004351,16232,1757,2024-06-30 06:00:00,1187.0,1,Fashion,19.6,COD,Delhi,Urban,10,0,0,10,0.0,5.9,712,58,0.0815,2,4,1,0,2,145.1,5,1,0,3.8,877,1187.0,0,0,0,1
ORD004352,15773,1762,2024-06-30 07:00:00,657.05,1,Home,32.5,UPI,Bihar,Semi-Urban,13,2,0,11,0.1538,0.2,746,44,0.059,1,5,2,0,3,182.4,7,1,0,4.27,1458,0.0,0,0,0,0
ORD004353,15322,1080,2024-06-30 08:00:00,577.91,1,Home,23.8,COD,Bihar,Semi-Urban,8,1,1,6,0.125,3.3,717,110,0.1534,3,13,2,0,4,168.6,4,1,0,3.66,760,577.91,0,0,0,0
ORD004354,14916,1550,2024-06-30 09:00:00,609.92,1,Electronics,30.8,COD,Delhi,Semi-Urban,8,0,0,8,0.0,23.0,718,34,0.0474,4,6,3,1,2,112.4,2,1,0,4.37,979,609.92,3,1,0,1
ORD004355,11762,1547,2024-06-30 10:00:00,2265.36,1,Electronics,10.6,Credit Card,Maharashtra,Semi-Urban,6,0,0,6,0.0,14.0,763,43,0.0564,0,6,4,0,3,225.8,3,1,0,4.17,1917,0.0,0,0,0,0
ORD004356,13048,1423,2024-06-30 11:00:00,1392.36,2,Footwear,7.1,COD,Karnataka,Rural,5,0,1,4,0.0,10.9,706,45,0.0637,1,2,5,0,5,65.2,4,1,0,4.3,815,1392.36,1,0,0,0
ORD004357,12381,1428,2024-06-30 12:00:00,681.37,1,Footwear,40.2,UPI,Maharashtra,Urban,11,2,0,9,0.1818,54.0,700,79,0.1129,3,7,4,0,6,147.5,2,1,0,4.37,1242,0.0,0,0,0,1
ORD004358,12269,1387,2024-06-30 13:00:00,1851.32,1,Fashion,19.9,Credit Card,West Bengal,Urban,15,4,0,11,0.2667,4.8,762,39,0.0512,1,5,3,0,2,169.2,7,1,0,3.09,422,0.0,1,0,0,0
ORD004359,10040,1708,2024-06-30 14:00:00,704.4,1,Home,1.3,Wallet,Delhi,Urban,6,2,0,4,0.3333,50.8,698,119,0.1705,1,7,3,0,6,207.6,6,1,0,4.26,531,0.0,0,0,0,1
ORD004360,15827,1669,2024-06-30 15:00:00,340.27,1,Beauty,24.0,UPI,Karnataka,Urban,9,2,0,7,0.2222,17.2,724,31,0.0428,0,3,2,1,3,66.7,5,1,0,4.43,1386,0.0,0,1,0,1
ORD004361,10067,1203,2024-06-30 16:00:00,1665.84,1,Beauty,22.1,COD,Delhi,Urban,9,0,0,9,0.0,92.7,775,75,0.0968,1,7,4,0,5,65.5,3,1,0,3.53,974,1665.84,0,0,0,0
ORD004362,10987,1195,2024-06-30 17:00:00,2944.63,1,Home,24.6,UPI,Delhi,Semi-Urban,8,0,0,8,0.0,9.3,748,31,0.0414,1,9,3,0,5,165.1,5,1,0,4.4,1088,0.0,0,1,0,0
ORD004363,15895,1727,2024-06-30 18:00:00,1532.76,2,Fashion,20.5,COD,Maharashtra,Urban,12,1,4,7,0.0833,42.8,713,137,0.1921,2,10,3,0,4,55.1,4,1,0,3.49,765,1532.76,0,1,0,1
ORD004364,16657,1284,2024-06-30 19:00:00,353.4,1,Footwear,38.9,COD,Maharashtra,Rural,11,2,0,9,0.1818,18.2,768,129,0.168,0,3,6,0,2,611.2,2,1,0,4.01,1608,353.4,0,0,0,0
ORD004365,17804,1195,2024-06-30 20:00:00,1081.24,1,Footwear,34.7,COD,West Bengal,Urban,9,2,0,7,0.2222,6.9,709,58,0.0818,1,5,3,0,3,127.4,3,1,0,4.42,408,1081.24,0,0,0,0
ORD004366,17789,1306,2024-06-30 21:00:00,930.06,1,Footwear,12.2,COD,Karnataka,Urban,4,2,1,1,0.5,48.9,735,43,0.0585,3,7,2,0,2,106.2,6,1,0,4.1,252,930.06,1,0,0,0
ORD004367,15717,1663,2024-06-30 22:00:00,1375.99,2,Beauty,4.9,COD,Delhi,Urban,13,1,0,12,0.0769,20.4,763,113,0.1481,1,6,4,0,2,65.5,4,1,0,3.66,887,1375.99,0,0,1,0
ORD004368,14008,1013,2024-06-30 23:00:00,659.6,4,Beauty,16.5,COD,West Bengal,Urban,11,0,0,11,0.0,40.4,717,43,0.06,1,6,2,0,1,299.1,3,1,0,3.99,780,659.6,1,0,1,0
ORD004369,15751,1145,2024-07-01 00:00:00,897.77,1,Fashion,8.0,UPI,Delhi,Urban,15,3,0,12,0.2,24.5,721,23,0.0319,1,5,4,0,5,174.9,6,0,0,3.88,1435,0.0,1,0,1,0
ORD004370,13198,1056,2024-07-01 01:00:00,467.76,4,Beauty,28.9,Credit Card,West Bengal,Semi-Urban,12,2,1,9,0.1667,1.9,774,111,0.1434,1,4,3,0,5,175.6,3,0,0,3.91,50,0.0,0,0,1,1
ORD004371,15374,1722,2024-07-01 02:00:00,1252.71,1,Electronics,18.0,COD,Delhi,Urban,8,0,2,6,0.0,23.3,738,7,0.0095,1,3,4,1,3,66.9,3,0,0,3.81,1497,1252.71,0,0,1,0
ORD004372,14790,1779,2024-07-01 03:00:00,478.31,1,Beauty,6.0,COD,Maharashtra,Urban,10,1,0,9,0.1,0.4,760,23,0.0303,0,4,5,0,3,157.3,3,0,1,3.9,57,478.31,0,0,1,0
ORD004373,17183,1209,2024-07-01 04:00:00,1425.75,1,Footwear,27.4,Debit Card,Bihar,Urban,10,1,1,8,0.1,33.9,704,195,0.277,1,7,4,0,1,218.0,3,0,0,3.7,598,0.0,0,1,1,0
ORD004374,12524,1528,2024-07-01 05:00:00,699.01,1,Fashion,29.1,COD,West Bengal,Urban,9,1,0,8,0.1111,8.4,734,100,0.1362,2,6,3,0,7,18.0,3,0,0,3.57,202,699.01,0,0,1,1
ORD004375,11085,1797,2024-07-01 06:00:00,166.53,1,Home,12.3,COD,West Bengal,Semi-Urban,5,1,0,4,0.2,15.0,720,175,0.2431,1,5,1,0,1,23.5,3,0,0,3.75,480,166.53,0,0,0,1
ORD004376,17024,1343,2024-07-01 07:00:00,1765.62,1,Home,21.8,COD,Bihar,Urban,12,1,0,11,0.0833,3.5,771,123,0.1595,0,7,4,0,5,101.2,7,0,0,3.35,874,1765.62,0,0,0,1
ORD004377,12479,1714,2024-07-01 08:00:00,1475.02,1,Fashion,16.7,COD,Maharashtra,Urban,8,5,1,2,0.625,3.5,769,164,0.2133,1,5,2,0,4,270.8,6,0,0,3.72,1720,1475.02,0,0,0,1
ORD004378,11693,1610,2024-07-01 09:00:00,2469.49,1,Electronics,9.1,UPI,West Bengal,Urban,5,0,0,5,0.0,29.5,772,196,0.2539,2,5,2,0,3,565.5,2,0,0,3.62,984,0.0,0,0,0,0
ORD004379,12315,1278,2024-07-01 10:00:00,312.91,1,Home,21.1,Debit Card,Maharashtra,Rural,14,0,0,14,0.0,2.2,762,35,0.0459,3,4,4,0,2,103.0,3,0,0,3.82,284,0.0,0,1,0,0
ORD004380,15154,1208,2024-07-01 11:00:00,740.46,1,Footwear,20.8,COD,Delhi,Urban,7,1,0,6,0.1429,16.8,745,65,0.0872,3,11,2,0,2,92.7,4,0,0,4.47,699,740.46,0,0,0,0
ORD004381,10778,1640,2024-07-01 12:00:00,1186.73,3,Home,6.7,Wallet,Delhi,Urban,10,0,0,10,0.0,25.0,724,17,0.0235,3,9,4,0,2,273.7,5,0,0,3.3,595,0.0,0,0,0,0
ORD004382,17743,1334,2024-07-01 13:00:00,1545.38,1,Home,27.4,COD,Bihar,Semi-Urban,13,0,0,13,0.0,12.8,756,46,0.0608,1,6,1,0,3,195.0,4,0,0,4.29,355,1545.38,0,0,0,0
ORD004383,14589,1287,2024-07-01 14:00:00,455.9,2,Footwear,18.8,Credit Card,Karnataka,Semi-Urban,9,1,0,8,0.1111,17.8,748,145,0.1939,4,10,5,0,4,112.7,4,0,0,4.44,1793,0.0,1,1,0,0
ORD004384,11585,1251,2024-07-01 15:00:00,1420.66,2,Beauty,11.8,COD,Maharashtra,Urban,7,0,2,5,0.0,60.9,759,92,0.1212,3,8,2,0,3,135.7,3,0,0,3.55,1589,1420.66,0,0,0,0
ORD004385,11492,1264,2024-07-01 16:00:00,778.16,1,Electronics,12.4,COD,Karnataka,Semi-Urban,8,2,1,5,0.25,33.6,745,126,0.1691,1,6,3,0,1,181.9,1,0,0,3.99,1759,778.16,0,0,0,1
ORD004386,15886,1270,2024-07-01 17:00:00,360.31,1,Footwear,6.4,COD,Karnataka,Semi-Urban,5,1,0,4,0.2,35.7,725,42,0.0579,2,6,5,0,3,142.8,2,0,0,4.1,1601,360.31,1,0,0,0
ORD004387,10660,1699,2024-07-01 18:00:00,698.96,1,Footwear,13.6,Credit Card,Maharashtra,Urban,4,0,0,4,0.0,48.1,828,133,0.1606,1,6,4,0,3,53.1,6,0,0,5.0,184,0.0,0,0,0,0
ORD004388,11348,1418,2024-07-01 19:00:00,1493.12,1,Fashion,2.4,UPI,Karnataka,Rural,5,0,0,5,0.0,12.1,796,79,0.0992,1,9,1,1,7,212.3,7,0,0,4.6,273,0.0,0,1,0,0
ORD004389,15423,1725,2024-07-01 20:00:00,369.45,1,Electronics,14.4,COD,West Bengal,Semi-Urban,7,1,1,5,0.1429,5.9,767,131,0.1708,1,5,3,0,3,33.8,4,0,0,4.26,470,369.45,0,0,0,1
ORD004390,11299,1794,2024-07-01 21:00:00,1607.17,1,Beauty,12.1,COD,Delhi,Urban,10,1,0,9,0.1,2.0,750,155,0.2067,3,11,4,1,1,74.6,5,0,0,3.67,1847,1607.17,0,0,0,0
ORD004391,13940,1210,2024-07-01 22:00:00,1299.88,1,Footwear,24.0,Credit Card,Bihar,Rural,6,0,2,4,0.0,34.5,773,251,0.3247,3,5,2,0,3,326.6,3,0,0,3.66,1972,0.0,2,0,1,0
ORD004392,11986,1364,2024-07-01 23:00:00,941.7,3,Beauty,7.8,Debit Card,Maharashtra,Urban,6,1,1,4,0.1667,7.7,757,80,0.1057,1,10,1,0,3,190.5,3,0,0,3.65,1087,0.0,2,1,1,1
ORD004393,17851,1075,2024-07-02 00:00:00,411.12,1,Footwear,17.1,UPI,Bihar,Semi-Urban,11,0,1,10,0.0,14.7,723,114,0.1577,3,12,1,0,3,275.1,4,0,0,3.75,268,0.0,0,2,1,0
ORD004394,17156,1659,2024-07-02 01:00:00,431.4,2,Footwear,4.4,COD,Delhi,Semi-Urban,13,1,2,10,0.0769,6.8,694,23,0.0331,3,9,3,0,4,65.2,6,0,0,4.31,990,431.4,0,0,1,1
ORD004395,12044,1320,2024-07-02 02:00:00,863.43,1,Fashion,2.3,COD,Bihar,Urban,10,1,0,9,0.1,22.3,803,157,0.1955,0,3,4,0,2,357.5,5,0,0,4.08,662,863.43,0,0,1,0
ORD004396,17368,1724,2024-07-02 03:00:00,558.38,3,Home,16.5,COD,Maharashtra,Urban,6,2,0,4,0.3333,6.0,756,66,0.0873,2,10,4,0,4,367.0,2,0,0,4.11,1268,558.38,0,0,1,1
ORD004397,13516,1432,2024-07-02 04:00:00,897.62,1,Electronics,34.2,COD,Bihar,Urban,8,0,0,8,0.0,25.6,771,104,0.1349,2,3,2,0,5,171.9,3,0,0,3.53,1798,897.62,1,0,1,0
ORD004398,16024,1108,2024-07-02 05:00:00,1888.82,1,Fashion,5.7,COD,Karnataka,Urban,10,1,0,9,0.1,32.1,756,53,0.0701,1,4,3,0,3,201.9,3,0,0,4.3,1979,1888.82,0,0,1,0
ORD004399,15443,1640,2024-07-02 06:00:00,930.93,3,Beauty,27.1,COD,Karnataka,Semi-Urban,13,3,0,10,0.2308,2.7,756,31,0.041,2,5,7,0,4,140.0,4,0,1,4.01,904,930.93,0,0,0,0
ORD004400,11058,1521,2024-07-02 07:00:00,915.74,2,Footwear,24.0,UPI,Delhi,Semi-Urban,9,3,0,6,0.3333,59.5,713,90,0.1262,2,8,1,0,5,106.9,2,0,0,3.72,933,0.0,0,0,0,0
ORD004401,10976,1046,2024-07-02 08:00:00,916.18,1,Footwear,18.0,Debit Card,Karnataka,Urban,9,0,2,7,0.0,49.8,728,50,0.0687,2,5,4,0,2,290.3,3,0,0,3.55,1075,0.0,0,0,0,0
ORD004402,14577,1378,2024-07-02 09:00:00,2014.33,1,Electronics,24.0,Credit Card,Bihar,Semi-Urban,6,1,0,5,0.1667,80.2,738,136,0.1843,3,7,2,1,3,46.3,5,0,0,3.99,905,0.0,0,0,0,0
ORD004403,10727,1095,2024-07-02 10:00:00,2382.78,2,Fashion,25.9,COD,West Bengal,Urban,5,0,1,4,0.0,4.9,723,53,0.0733,0,4,4,0,2,131.6,1,0,0,3.76,1565,2382.78,0,0,0,0
ORD004404,12527,1102,2024-07-02 11:00:00,1412.56,2,Fashion,5.2,COD,Bihar,Urban,10,0,0,10,0.0,71.4,752,24,0.0319,1,4,5,0,2,34.1,7,0,0,3.78,94,1412.56,0,0,0,0
ORD004405,13136,1145,2024-07-02 12:00:00,1190.29,1,Beauty,8.5,COD,West Bengal,Rural,8,1,0,7,0.125,122.5,727,121,0.1664,2,8,5,0,3,69.2,2,0,0,4.18,1454,1190.29,0,0,0,1
ORD004406,15127,1026,2024-07-02 13:00:00,1258.58,1,Fashion,26.3,Credit Card,Bihar,Urban,10,2,0,8,0.2,12.3,808,29,0.0359,0,4,2,1,1,101.4,3,0,0,4.38,112,0.0,0,1,0,0
ORD004407,17468,1731,2024-07-02 14:00:00,2583.17,2,Fashion,13.4,COD,West Bengal,Urban,9,1,0,8,0.1111,2.5,794,78,0.0982,0,1,2,0,4,51.2,6,0,0,3.73,1360,2583.17,0,0,0,0
ORD004408,10342,1529,2024-07-02 15:00:00,1459.36,1,Home,14.4,COD,West Bengal,Rural,9,4,0,5,0.4444,56.3,745,125,0.1678,2,9,1,0,2,53.4,2,0,0,3.75,1314,1459.36,0,1,0,1
ORD004409,17598,1678,2024-07-02 16:00:00,2733.84,2,Electronics,10.1,COD,Maharashtra,Urban,10,4,0,6,0.4,4.9,730,404,0.5534,4,6,3,0,3,122.4,6,0,0,4.52,780,2733.84,0,0,0,1
ORD004410,11447,1081,2024-07-02 17:00:00,852.82,1,Fashion,18.9,COD,Maharashtra,Semi-Urban,4,0,0,4,0.0,12.0,752,18,0.0239,2,7,3,1,2,29.7,2,0,0,4.36,1543,852.82,0,0,0,0
ORD004411,12379,1427,2024-07-02 18:00:00,492.09,4,Beauty,2.4,COD,Bihar,Urban,10,3,0,7,0.3,17.6,739,49,0.0663,0,4,1,0,3,336.5,3,0,0,4.39,1686,492.09,0,1,0,0
ORD004412,16581,1583,2024-07-02 19:00:00,734.04,2,Footwear,3.2,COD,Karnataka,Urban,9,0,2,7,0.0,17.6,729,3,0.0041,1,4,7,0,6,124.3,5,0,0,4.88,1142,734.04,0,0,0,0
ORD004413,13659,1478,2024-07-02 20:00:00,782.37,2,Fashion,22.8,UPI,Maharashtra,Urban,9,1,0,8,0.1111,25.4,773,101,0.1307,0,1,3,0,2,156.2,4,0,0,4.31,1616,0.0,0,0,0,0
ORD004414,16317,1765,2024-07-02 21:00:00,2871.86,1,Fashion,3.1,COD,West Bengal,Semi-Urban,10,5,0,5,0.5,6.5,756,67,0.0886,0,3,3,0,3,78.5,2,0,0,3.8,390,2871.86,0,0,0,1
ORD004415,16702,1161,2024-07-02 22:00:00,1705.9,1,Footwear,19.8,COD,Bihar,Rural,10,3,1,6,0.3,10.0,778,225,0.2892,5,7,4,0,3,107.0,3,0,0,4.31,1127,1705.9,0,0,1,0
ORD004416,10526,1401,2024-07-02 23:00:00,748.09,1,Home,1.4,COD,Karnataka,Semi-Urban,9,2,2,5,0.2222,10.8,802,27,0.0337,4,7,2,0,3,143.2,5,0,0,4.37,198,748.09,0,1,1,0
ORD004417,11896,1507,2024-07-03 00:00:00,1781.21,2,Electronics,20.8,COD,Bihar,Urban,6,1,0,5,0.1667,8.3,754,127,0.1684,2,7,6,0,4,78.2,2,0,0,4.01,1700,1781.21,1,0,1,1
ORD004418,14754,1037,2024-07-03 01:00:00,1014.6,2,Home,42.3,COD,West Bengal,Urban,13,3,3,7,0.2308,125.6,738,249,0.3374,2,5,1,0,6,46.2,3,0,0,4.0,791,1014.6,0,0,1,0
ORD004419,12073,1510,2024-07-03 02:00:00,2924.07,1,Beauty,20.1,COD,Maharashtra,Urban,8,0,0,8,0.0,49.1,761,22,0.0289,6,9,2,0,1,67.1,1,0,0,3.8,1726,2924.07,0,0,1,0
ORD004420,14915,1392,2024-07-03 03:00:00,897.65,2,Fashion,6.6,COD,Maharashtra,Urban,11,2,1,8,0.1818,46.8,763,15,0.0197,2,6,1,0,2,126.1,6,0,0,3.99,1296,897.65,0,1,1,1
ORD004421,16748,1712,2024-07-03 04:00:00,435.57,2,Home,6.7,Credit Card,Delhi,Urban,11,2,0,9,0.1818,12.1,815,200,0.2454,0,5,3,0,3,146.0,3,0,0,4.02,1534,0.0,0,1,1,1
ORD004422,10405,1493,2024-07-03 05:00:00,980.39,1,Electronics,28.5,COD,Delhi,Urban,12,2,1,9,0.1667,20.0,749,11,0.0147,1,3,3,0,2,268.2,3,0,0,4.23,1967,980.39,0,0,1,0
ORD004423,16375,1199,2024-07-03 06:00:00,897.94,1,Beauty,30.1,COD,Bihar,Urban,6,0,0,6,0.0,1.7,717,61,0.0851,1,10,1,0,7,103.6,5,0,0,4.25,1026,897.94,0,0,0,1
ORD004424,16676,1254,2024-07-03 07:00:00,489.83,2,Home,28.1,Debit Card,Bihar,Rural,8,1,0,7,0.125,5.1,758,64,0.0844,2,5,3,0,3,305.7,2,0,0,4.09,1584,0.0,0,0,0,0
ORD004425,17986,1178,2024-07-03 08:00:00,1558.61,1,Fashion,9.0,UPI,Karnataka,Semi-Urban,12,2,0,10,0.1667,100.5,802,83,0.1035,2,5,1,0,2,70.4,4,0,0,3.18,402,0.0,2,0,0,0
ORD004426,11573,1546,2024-07-03 09:00:00,2578.16,2,Electronics,30.4,Wallet,Maharashtra,Urban,12,2,1,9,0.1667,13.8,817,146,0.1787,2,7,2,0,3,42.7,3,0,0,4.45,1601,0.0,0,0,0,0
ORD004427,15907,1593,2024-07-03 10:00:00,559.2,1,Fashion,20.3,COD,Maharashtra,Urban,4,0,0,4,0.0,16.4,729,16,0.0219,1,8,1,0,2,73.3,7,0,0,3.69,233,559.2,0,0,0,1
ORD004428,14600,1388,2024-07-03 11:00:00,1965.74,4,Fashion,2.7,COD,Delhi,Semi-Urban,7,1,0,6,0.1429,20.4,802,110,0.1372,0,5,4,0,4,388.2,3,0,0,4.53,1130,1965.74,0,0,0,1
ORD004429,13740,1397,2024-07-03 12:00:00,762.06,1,Beauty,19.6,COD,West Bengal,Rural,8,1,0,7,0.125,55.2,785,172,0.2191,2,5,5,0,4,179.0,4,0,0,4.24,957,762.06,0,1,0,0
ORD004430,14274,1731,2024-07-03 13:00:00,1080.49,1,Electronics,12.0,Credit Card,West Bengal,Semi-Urban,9,2,0,7,0.2222,55.3,739,134,0.1813,3,10,3,0,3,285.9,2,0,0,3.71,1444,0.0,1,0,0,0
ORD004431,14227,1157,2024-07-03 14:00:00,1014.49,1,Footwear,8.9,COD,Delhi,Urban,14,3,1,10,0.2143,35.5,767,30,0.0391,0,5,3,0,1,41.8,3,0,0,4.77,942,1014.49,1,1,0,1
ORD004432,11846,1003,2024-07-03 15:00:00,1080.49,1,Fashion,5.8,COD,Bihar,Semi-Urban,10,1,0,9,0.1,21.1,756,26,0.0344,1,5,4,0,1,138.9,3,0,0,4.22,1715,1080.49,0,1,0,1
ORD004433,11478,1166,2024-07-03 16:00:00,1456.58,1,Electronics,14.0,UPI,Maharashtra,Rural,5,1,0,4,0.2,19.7,777,46,0.0592,1,3,3,0,6,67.0,4,0,0,4.41,940,0.0,0,0,0,0
ORD004434,12395,1467,2024-07-03 17:00:00,593.18,1,Fashion,13.8,UPI,Maharashtra,Urban,9,1,2,6,0.1111,20.3,740,74,0.1,3,6,3,0,3,44.2,4,0,0,4.18,1598,0.0,0,0,0,0
ORD004435,16683,1408,2024-07-03 18:00:00,2382.68,4,Home,15.3,Debit Card,Maharashtra,Rural,6,0,0,6,0.0,41.4,741,37,0.0499,0,8,1,0,6,49.2,5,0,0,3.59,1738,0.0,1,0,0,0
ORD004436,10771,1411,2024-07-03 19:00:00,1483.45,3,Home,3.4,Wallet,West Bengal,Semi-Urban,6,0,2,4,0.0,124.6,821,179,0.218,1,8,1,0,2,120.7,4,0,0,4.25,1531,0.0,0,0,0,0
ORD004437,15525,1203,2024-07-03 20:00:00,1810.48,1,Electronics,20.5,UPI,Bihar,Urban,4,0,0,4,0.0,5.1,765,108,0.1412,2,6,1,0,2,92.2,7,0,0,4.01,1017,0.0,0,0,0,0
ORD004438,16219,1193,2024-07-03 21:00:00,686.74,2,Beauty,24.8,COD,West Bengal,Urban,14,1,0,13,0.0714,52.7,769,36,0.0468,2,9,2,0,1,346.3,3,0,0,4.22,256,686.74,0,0,0,1
ORD004439,10578,1234,2024-07-03 22:00:00,561.79,1,Footwear,26.0,COD,Bihar,Semi-Urban,11,2,0,9,0.1818,31.9,760,57,0.075,0,7,3,0,2,92.3,5,0,0,3.95,1996,561.79,0,0,1,0
ORD004440,12901,1717,2024-07-03 23:00:00,2229.71,2,Home,26.3,COD,Delhi,Urban,13,2,1,10,0.1538,11.9,707,251,0.355,1,4,1,0,2,47.0,5,0,0,3.66,1865,2229.71,0,0,1,1
ORD004441,15611,1149,2024-07-04 00:00:00,547.49,2,Beauty,27.1,COD,Bihar,Urban,5,3,0,2,0.6,8.0,754,56,0.0743,1,7,3,0,1,57.4,5,0,0,4.36,1068,547.49,0,0,1,0
ORD004442,10193,1158,2024-07-04 01:00:00,1199.41,1,Footwear,27.4,COD,West Bengal,Rural,9,1,1,7,0.1111,2.7,736,48,0.0652,2,5,3,0,6,380.0,3,0,1,4.85,910,1199.41,0,0,1,0
ORD004443,12007,1278,2024-07-04 02:00:00,2021.1,2,Home,21.7,COD,Maharashtra,Urban,9,2,0,7,0.2222,4.3,741,241,0.3252,2,5,3,0,2,21.0,1,0,1,3.88,178,2021.1,0,1,1,1
ORD004444,11185,1403,2024-07-04 03:00:00,1016.29,2,Footwear,55.2,COD,West Bengal,Urban,9,4,1,4,0.4444,21.0,756,143,0.1892,0,6,3,1,5,185.0,3,0,0,3.96,1199,1016.29,0,0,1,1
ORD004445,12394,1677,2024-07-04 04:00:00,2212.87,1,Fashion,18.9,Wallet,Delhi,Urban,14,9,1,4,0.6429,2.9,739,101,0.1367,2,6,4,0,2,244.6,6,0,0,3.26,1885,0.0,1,0,1,0
ORD004446,12998,1310,2024-07-04 05:00:00,931.75,3,Electronics,22.4,Debit Card,Maharashtra,Urban,12,2,1,9,0.1667,28.1,739,218,0.295,1,7,6,0,1,124.1,2,0,0,3.45,397,0.0,0,0,1,0
ORD004447,15480,1067,2024-07-04 06:00:00,509.56,3,Home,38.8,UPI,West Bengal,Semi-Urban,10,4,0,6,0.4,20.2,737,24,0.0326,4,10,4,1,3,158.8,2,0,0,4.18,789,0.0,0,1,0,1
ORD004448,11792,1462,2024-07-04 07:00:00,1372.66,1,Home,18.8,COD,Maharashtra,Urban,12,0,1,11,0.0,18.1,749,97,0.1295,2,8,2,1,2,189.1,5,0,0,3.72,1471,1372.66,0,0,0,1
ORD004449,17751,1087,2024-07-04 08:00:00,1235.19,2,Fashion,20.6,Credit Card,Delhi,Urban,11,2,0,9,0.1818,10.0,739,87,0.1177,0,4,5,0,2,70.4,5,0,0,3.93,920,0.0,0,1,0,0
ORD004450,11110,1216,2024-07-04 09:00:00,5501.55,4,Home,3.1,COD,Bihar,Urban,7,2,0,5,0.2857,24.1,760,38,0.05,1,6,1,0,4,71.3,3,0,0,3.29,283,5501.55,0,0,0,1
ORD004451,14005,1000,2024-07-04 10:00:00,622.0,1,Home,13.0,UPI,Bihar,Urban,5,1,1,3,0.2,2.7,766,67,0.0875,1,5,4,0,4,89.0,3,0,0,4.19,1712,0.0,1,0,0,0
ORD004452,17429,1134,2024-07-04 11:00:00,942.84,1,Home,7.3,Debit Card,Karnataka,Rural,5,0,0,5,0.0,30.2,741,71,0.0958,1,5,3,0,2,316.5,6,0,0,3.26,170,0.0,1,0,0,0
ORD004453,12261,1696,2024-07-04 12:00:00,707.32,1,Home,11.9,COD,Maharashtra,Urban,4,1,0,3,0.25,56.5,695,196,0.282,0,2,3,0,2,193.3,4,0,0,4.14,1894,707.32,0,0,0,0
ORD004454,13736,1350,2024-07-04 13:00:00,1006.78,3,Home,19.9,Debit Card,Delhi,Urban,6,0,0,6,0.0,28.5,724,78,0.1077,3,7,3,0,3,172.0,3,0,0,3.93,1609,0.0,1,0,0,0
ORD004455,13793,1139,2024-07-04 14:00:00,982.71,2,Beauty,6.0,COD,West Bengal,Urban,11,4,2,5,0.3636,42.8,731,145,0.1984,2,5,4,0,2,105.2,2,0,0,5.0,1823,982.71,1,0,0,1
ORD004456,11936,1617,2024-07-04 15:00:00,649.77,1,Home,5.5,Debit Card,West Bengal,Semi-Urban,8,1,0,7,0.125,5.8,736,40,0.0543,0,1,2,0,2,80.5,5,0,0,3.32,1337,0.0,0,1,0,0
ORD004457,16716,1132,2024-07-04 16:00:00,1452.36,4,Fashion,7.3,COD,Karnataka,Urban,7,0,0,7,0.0,11.3,738,55,0.0745,4,7,2,0,3,212.2,4,0,0,4.33,1450,1452.36,0,0,0,0
ORD004458,14875,1619,2024-07-04 17:00:00,964.41,2,Home,20.8,COD,West Bengal,Semi-Urban,5,0,0,5,0.0,51.0,782,184,0.2353,1,8,4,0,2,51.2,1,0,0,4.07,1067,964.41,1,0,0,1
ORD004459,14357,1177,2024-07-04 18:00:00,2458.46,3,Footwear,9.8,UPI,Delhi,Urban,7,0,1,6,0.0,7.8,762,24,0.0315,3,8,2,0,1,419.0,2,0,0,3.91,572,0.0,0,0,0,0
ORD004460,10729,1357,2024-07-04 19:00:00,743.13,1,Footwear,18.2,COD,Delhi,Urban,9,0,3,6,0.0,23.4,726,35,0.0482,4,8,3,0,2,164.3,6,0,0,3.4,304,743.13,0,0,0,0
ORD004461,14378,1379,2024-07-04 20:00:00,3350.36,1,Fashion,30.8,COD,Bihar,Urban,8,0,0,8,0.0,21.9,772,23,0.0298,3,10,4,0,3,146.4,5,0,0,4.11,512,3350.36,1,0,0,0
ORD004462,17815,1657,2024-07-04 21:00:00,1294.04,2,Beauty,22.9,COD,Maharashtra,Urban,8,0,0,8,0.0,18.8,775,39,0.0503,3,9,1,0,2,119.4,4,0,0,3.7,1465,1294.04,0,0,0,1
ORD004463,15586,1449,2024-07-04 22:00:00,2351.48,1,Fashion,5.3,COD,Maharashtra,Urban,5,0,0,5,0.0,31.1,728,118,0.1621,2,4,6,0,4,102.5,5,0,0,4.57,1366,2351.48,0,0,1,0
ORD004464,13451,1585,2024-07-04 23:00:00,1175.29,2,Beauty,9.5,Wallet,West Bengal,Urban,8,0,1,7,0.0,28.5,674,146,0.2166,0,6,6,0,4,437.4,1,0,0,3.58,747,0.0,0,1,1,1
ORD004465,14457,1462,2024-07-05 00:00:00,686.5,2,Electronics,9.2,COD,Maharashtra,Urban,9,0,0,9,0.0,16.7,792,108,0.1364,1,7,1,0,3,60.8,4,0,0,3.61,1509,686.5,0,0,1,0
ORD004466,17616,1107,2024-07-05 01:00:00,936.25,1,Footwear,13.2,COD,Karnataka,Urban,13,0,0,13,0.0,31.2,759,71,0.0935,2,10,4,0,2,150.6,1,0,0,4.43,1168,936.25,0,0,1,0
ORD004467,14536,1121,2024-07-05 02:00:00,477.2,2,Footwear,10.7,Credit Card,Maharashtra,Semi-Urban,13,0,0,13,0.0,21.9,765,99,0.1294,1,7,7,0,3,240.7,4,0,0,4.26,1473,0.0,0,0,1,0
ORD004468,12140,1016,2024-07-05 03:00:00,1025.65,1,Footwear,12.1,COD,West Bengal,Urban,2,1,0,1,0.5,60.0,727,80,0.11,2,7,4,1,4,80.0,3,0,0,3.68,1725,1025.65,1,0,1,1
ORD004469,11644,1195,2024-07-05 04:00:00,1215.92,1,Beauty,26.4,COD,Maharashtra,Urban,6,0,0,6,0.0,29.8,719,47,0.0654,0,8,4,0,1,62.0,7,0,0,4.43,69,1215.92,0,1,1,1
ORD004470,12800,1326,2024-07-05 05:00:00,1127.13,1,Fashion,19.7,COD,Delhi,Urban,7,0,0,7,0.0,18.8,708,116,0.1638,0,7,2,0,1,101.2,5,0,0,3.78,63,1127.13,1,0,1,0
ORD004471,14962,1317,2024-07-05 06:00:00,2435.96,1,Beauty,8.8,UPI,Delhi,Semi-Urban,8,0,0,8,0.0,9.9,814,165,0.2027,1,8,5,0,1,96.8,2,0,0,4.08,425,0.0,0,0,0,0
ORD004472,15543,1478,2024-07-05 07:00:00,1002.77,1,Footwear,16.3,UPI,Bihar,Urban,10,1,0,9,0.1,22.1,694,53,0.0764,1,4,6,0,4,135.5,2,0,0,3.44,1466,0.0,2,0,0,1
ORD004473,10141,1251,2024-07-05 08:00:00,351.99,2,Footwear,38.2,COD,Bihar,Urban,6,2,0,4,0.3333,70.8,776,86,0.1108,3,9,8,0,4,299.4,6,0,0,4.12,426,351.99,0,1,0,0
ORD004474,15410,1502,2024-07-05 09:00:00,9195.22,2,Footwear,11.8,Wallet,Bihar,Urban,7,1,0,6,0.1429,95.7,770,101,0.1312,2,5,1,0,1,51.0,2,0,0,3.74,274,0.0,1,0,0,0
ORD004475,11455,1118,2024-07-05 10:00:00,724.61,1,Footwear,7.1,UPI,Bihar,Semi-Urban,13,4,0,9,0.3077,7.2,786,49,0.0623,5,9,5,0,6,296.6,2,0,0,4.01,1106,0.0,0,0,0,1
ORD004476,16892,1673,2024-07-05 11:00:00,1961.07,2,Electronics,17.4,UPI,Maharashtra,Semi-Urban,10,4,0,6,0.4,5.3,721,61,0.0846,2,11,5,0,3,380.9,2,0,0,3.74,1486,0.0,2,0,0,0
ORD004477,15971,1709,2024-07-05 12:00:00,444.72,1,Footwear,0.4,Credit Card,West Bengal,Semi-Urban,6,1,0,5,0.1667,33.6,738,98,0.1328,4,5,3,0,1,98.1,5,0,0,3.97,329,0.0,0,0,0,1
ORD004478,15943,1497,2024-07-05 13:00:00,1270.45,1,Beauty,15.6,COD,Maharashtra,Urban,10,1,3,6,0.1,53.8,761,33,0.0434,3,9,1,0,3,56.2,5,0,0,3.4,1649,1270.45,0,0,0,1
ORD004479,15808,1485,2024-07-05 14:00:00,680.8,2,Footwear,16.3,UPI,West Bengal,Semi-Urban,5,1,0,4,0.2,60.6,753,16,0.0212,3,6,1,1,2,287.5,5,0,0,4.01,1368,0.0,1,0,0,0
ORD004480,16796,1044,2024-07-05 15:00:00,201.63,2,Home,15.0,Credit Card,West Bengal,Semi-Urban,6,0,0,6,0.0,18.4,715,110,0.1538,0,4,6,0,2,61.2,2,0,0,4.44,375,0.0,0,1,0,0
ORD004481,14796,1313,2024-07-05 16:00:00,925.48,2,Electronics,2.3,COD,West Bengal,Urban,12,0,0,12,0.0,14.8,751,88,0.1172,4,13,1,0,3,59.5,5,0,0,3.65,658,925.48,0,0,0,1
ORD004482,15093,1178,2024-07-05 17:00:00,1064.18,1,Footwear,27.8,UPI,West Bengal,Rural,10,3,1,6,0.3,23.1,793,24,0.0303,4,11,4,0,3,114.5,1,0,0,4.14,843,0.0,0,0,0,1
ORD004483,12096,1417,2024-07-05 18:00:00,961.67,2,Home,19.9,Wallet,Delhi,Rural,16,0,0,16,0.0,14.3,699,73,0.1044,2,6,6,0,6,67.0,3,0,0,4.63,1075,0.0,0,1,0,0
ORD004484,11325,1555,2024-07-05 19:00:00,1268.85,2,Beauty,14.9,UPI,West Bengal,Urban,12,0,1,11,0.0,25.2,745,125,0.1678,3,11,7,1,2,37.9,5,0,0,4.01,263,0.0,0,0,0,0
ORD004485,14976,1782,2024-07-05 20:00:00,932.9,4,Electronics,12.2,COD,Maharashtra,Semi-Urban,6,0,1,5,0.0,18.3,741,51,0.0688,1,5,3,0,4,556.9,5,0,0,4.3,1744,932.9,0,0,0,0
ORD004486,11213,1077,2024-07-05 21:00:00,1143.09,1,Footwear,19.9,COD,West Bengal,Urban,5,0,0,5,0.0,14.5,744,10,0.0134,4,11,3,0,4,143.8,5,0,0,3.87,1120,1143.09,0,0,0,0
ORD004487,11159,1325,2024-07-05 22:00:00,1214.48,1,Beauty,18.2,UPI,Delhi,Urban,9,0,0,9,0.0,3.7,766,89,0.1162,1,4,5,0,2,72.4,3,0,0,3.89,1970,0.0,0,0,1,1
ORD004488,14650,1689,2024-07-05 23:00:00,1073.73,2,Home,15.3,UPI,Maharashtra,Urban,7,0,0,7,0.0,34.4,743,59,0.0794,1,8,2,0,3,60.1,2,0,0,4.24,807,0.0,1,0,1,0
ORD004489,14499,1356,2024-07-06 00:00:00,989.83,4,Electronics,32.1,Credit Card,Karnataka,Urban,10,3,0,7,0.3,15.3,761,6,0.0079,3,5,4,0,4,219.3,2,1,0,3.93,156,0.0,2,0,1,0
ORD004490,14987,1415,2024-07-06 01:00:00,641.5,1,Footwear,21.5,COD,Maharashtra,Rural,8,1,0,7,0.125,18.5,738,44,0.0596,3,6,1,0,5,215.4,3,1,0,4.0,991,641.5,0,0,1,1
ORD004491,17008,1514,2024-07-06 02:00:00,1566.61,1,Beauty,33.5,COD,Delhi,Semi-Urban,7,3,0,4,0.4286,0.7,764,22,0.0288,1,8,3,0,2,139.0,3,1,0,4.29,1836,1566.61,0,0,1,1
ORD004492,14697,1213,2024-07-06 03:00:00,925.38,1,Electronics,25.6,UPI,Delhi,Urban,6,1,2,3,0.1667,41.2,730,45,0.0616,3,8,3,1,2,200.0,4,1,0,4.13,1600,0.0,0,0,1,0
ORD004493,15926,1073,2024-07-06 04:00:00,881.57,1,Home,23.7,UPI,Bihar,Semi-Urban,6,0,1,5,0.0,8.1,786,36,0.0458,0,5,4,0,4,15.0,2,1,0,3.78,1957,0.0,0,0,1,1
ORD004494,10340,1562,2024-07-06 05:00:00,1491.26,1,Footwear,18.3,Credit Card,Karnataka,Semi-Urban,11,0,0,11,0.0,27.1,783,43,0.0549,5,12,6,0,3,505.5,2,1,0,4.6,1624,0.0,0,0,1,0
ORD004495,13828,1578,2024-07-06 06:00:00,1245.35,1,Electronics,20.2,Debit Card,West Bengal,Urban,12,1,2,9,0.0833,9.7,804,250,0.3109,3,8,4,1,2,184.8,4,1,0,4.33,1733,0.0,1,1,0,0
ORD004496,11968,1508,2024-07-06 07:00:00,721.31,1,Home,15.2,COD,Delhi,Urban,10,2,0,8,0.2,28.7,754,95,0.126,2,5,2,0,4,84.7,3,1,0,3.81,186,721.31,1,0,0,1
ORD004497,10703,1331,2024-07-06 08:00:00,2322.49,1,Home,4.8,COD,Bihar,Semi-Urban,10,0,1,9,0.0,95.5,771,30,0.0389,1,5,1,0,3,101.7,5,1,0,3.7,1111,2322.49,0,0,0,0
ORD004498,14413,1092,2024-07-06 09:00:00,537.25,1,Beauty,3.3,UPI,Bihar,Semi-Urban,7,0,0,7,0.0,64.5,705,18,0.0255,3,8,3,0,4,66.3,3,1,0,4.14,425,0.0,0,0,0,0
ORD004499,16761,1687,2024-07-06 10:00:00,590.59,1,Home,2.0,Debit Card,West Bengal,Rural,5,0,0,5,0.0,11.0,766,37,0.0483,1,5,3,0,4,137.5,5,1,0,3.77,1360,0.0,0,0,0,0
ORD004500,15482,1656,2024-07-06 11:00:00,1637.64,1,Home,17.9,Credit Card,Maharashtra,Urban,11,1,1,9,0.0909,0.5,732,32,0.0437,6,12,3,0,2,110.4,2,1,0,3.82,688,0.0,0,2,0,0
ORD004501,17989,1518,2024-07-06 12:00:00,3135.93,4,Fashion,7.8,COD,Karnataka,Urban,8,0,1,7,0.0,6.4,735,20,0.0272,1,3,3,0,4,53.6,3,1,0,4.32,1553,3135.93,0,0,0,0
ORD004502,12429,1268,2024-07-06 13:00:00,775.54,1,Home,2.6,UPI,West Bengal,Semi-Urban,10,2,0,8,0.2,9.1,753,26,0.0345,2,5,5,0,2,94.2,4,1,0,4.62,1633,0.0,0,0,0,0
ORD004503,16376,1375,2024-07-06 14:00:00,1404.86,2,Footwear,1.2,UPI,West Bengal,Semi-Urban,11,2,2,7,0.1818,5.5,757,68,0.0898,1,6,3,0,4,424.1,6,1,0,4.48,1442,0.0,0,0,0,0
ORD004504,11800,1003,2024-07-06 15:00:00,536.24,1,Electronics,11.0,UPI,Maharashtra,Semi-Urban,10,0,1,9,0.0,54.3,747,40,0.0535,2,6,3,0,6,241.1,2,1,0,4.48,454,0.0,0,0,0,0
ORD004505,15463,1137,2024-07-06 16:00:00,628.04,3,Footwear,15.9,COD,Maharashtra,Urban,7,3,0,4,0.4286,9.2,724,23,0.0318,1,4,7,0,4,56.7,4,1,0,3.8,492,628.04,0,0,0,1
ORD004506,15668,1230,2024-07-06 17:00:00,2163.15,1,Footwear,8.9,COD,Delhi,Urban,13,3,0,10,0.2308,11.8,743,245,0.3297,4,12,2,0,3,176.1,2,1,0,4.84,1783,2163.15,0,0,0,0
ORD004507,14912,1599,2024-07-06 18:00:00,1365.75,1,Beauty,9.7,COD,Maharashtra,Urban,11,0,0,11,0.0,7.6,770,14,0.0182,3,6,3,0,2,103.8,5,1,0,4.04,1142,1365.75,0,0,0,0
ORD004508,14648,1528,2024-07-06 19:00:00,2203.8,1,Fashion,5.0,UPI,Maharashtra,Urban,10,0,0,10,0.0,18.3,788,27,0.0343,0,6,2,0,1,188.5,5,1,0,4.54,559,0.0,0,0,0,0
ORD004509,17696,1051,2024-07-06 20:00:00,2104.4,2,Fashion,37.0,COD,Karnataka,Urban,14,1,0,13,0.0714,22.2,771,33,0.0428,3,10,2,0,2,94.4,4,1,1,4.37,1748,2104.4,1,0,0,0
ORD004510,10855,1645,2024-07-06 21:00:00,313.02,1,Footwear,26.1,UPI,Karnataka,Rural,9,1,1,7,0.1111,54.8,765,22,0.0288,4,7,5,0,3,116.9,4,1,0,4.86,1402,0.0,0,0,0,0
ORD004511,11812,1722,2024-07-06 22:00:00,535.09,1,Electronics,31.2,COD,Karnataka,Urban,6,1,0,5,0.1667,29.7,798,35,0.0439,3,9,5,0,3,71.7,4,1,0,4.07,877,535.09,0,1,1,0
ORD004512,12866,1324,2024-07-06 23:00:00,1292.95,1,Fashion,16.2,COD,West Bengal,Urban,8,0,3,5,0.0,16.1,712,64,0.0899,2,8,2,0,5,127.7,3,1,0,3.48,1882,1292.95,0,0,1,0
ORD004513,13642,1730,2024-07-07 00:00:00,396.13,2,Fashion,24.9,COD,Karnataka,Rural,10,4,1,5,0.4,10.2,754,19,0.0252,4,7,2,1,1,166.4,2,1,0,4.43,1385,396.13,0,0,1,1
ORD004514,10182,1716,2024-07-07 01:00:00,582.55,1,Footwear,16.4,COD,Karnataka,Urban,11,1,0,10,0.0909,0.0,732,131,0.179,1,9,2,1,4,143.8,2,1,0,3.53,1592,582.55,1,1,1,1
ORD004515,13112,1722,2024-07-07 02:00:00,2581.64,1,Fashion,16.7,COD,Bihar,Urban,12,2,0,10,0.1667,22.7,718,66,0.0919,2,9,1,0,1,511.8,3,1,0,4.26,735,2581.64,0,0,1,0
ORD004516,15670,1276,2024-07-07 03:00:00,792.4,1,Beauty,23.8,COD,Karnataka,Urban,10,1,5,4,0.1,3.3,772,15,0.0194,2,9,1,0,2,429.8,4,1,0,4.54,1056,792.4,1,0,1,0
ORD004517,14492,1535,2024-07-07 04:00:00,1679.38,1,Footwear,11.5,Wallet,West Bengal,Semi-Urban,8,2,1,5,0.25,27.8,704,98,0.1392,2,9,3,0,4,46.1,5,1,0,4.09,632,0.0,0,0,1,0
ORD004518,15823,1485,2024-07-07 05:00:00,1078.25,2,Fashion,1.5,Wallet,Bihar,Urban,15,1,2,12,0.0667,56.1,755,124,0.1642,1,9,6,0,3,174.6,1,1,0,4.43,670,0.0,0,0,1,0
ORD004519,16922,1515,2024-07-07 06:00:00,729.27,1,Fashion,21.1,Credit Card,West Bengal,Rural,11,0,1,10,0.0,13.2,751,84,0.1119,2,5,2,0,3,93.8,3,1,0,3.56,184,0.0,0,0,0,0
ORD004520,11517,1151,2024-07-07 07:00:00,404.02,1,Fashion,29.5,COD,West Bengal,Semi-Urban,12,0,1,11,0.0,9.2,719,90,0.1252,1,8,4,0,6,188.2,5,1,0,4.23,1311,404.02,0,1,0,1
ORD004521,17826,1482,2024-07-07 08:00:00,1261.4,2,Footwear,12.8,Credit Card,Bihar,Semi-Urban,6,1,0,5,0.1667,18.6,784,100,0.1276,0,4,1,0,1,49.4,3,1,0,4.52,664,0.0,0,0,0,0
ORD004522,15002,1258,2024-07-07 09:00:00,2624.81,2,Electronics,3.8,COD,Bihar,Urban,5,0,0,5,0.0,8.3,751,4,0.0053,8,14,3,0,1,138.1,3,1,0,4.37,361,2624.81,1,1,0,1
ORD004523,11356,1323,2024-07-07 10:00:00,741.8,1,Home,14.2,COD,Bihar,Rural,8,1,1,6,0.125,3.0,693,25,0.0361,2,3,2,0,4,182.8,2,1,0,4.4,677,741.8,0,0,0,0
ORD004524,12174,1167,2024-07-07 11:00:00,1142.71,2,Fashion,29.5,Credit Card,Bihar,Semi-Urban,8,0,0,8,0.0,38.4,712,219,0.3076,1,3,1,0,2,210.3,3,1,0,4.52,412,0.0,1,0,0,0
ORD004525,13629,1687,2024-07-07 12:00:00,440.6,1,Home,18.1,UPI,West Bengal,Semi-Urban,7,2,0,5,0.2857,7.6,762,87,0.1142,2,3,3,0,4,107.1,4,1,0,4.88,1339,0.0,0,0,0,0
ORD004526,13628,1309,2024-07-07 13:00:00,732.67,1,Home,4.2,COD,Bihar,Rural,9,1,1,7,0.1111,2.3,738,102,0.1382,1,6,2,0,4,276.9,5,1,0,4.59,1346,732.67,2,0,0,1
ORD004527,14096,1478,2024-07-07 14:00:00,1345.51,4,Fashion,4.7,UPI,Maharashtra,Rural,4,1,0,3,0.25,5.8,716,105,0.1466,1,11,2,0,3,112.3,6,1,0,3.38,1644,0.0,1,1,0,1
ORD004528,13239,1055,2024-07-07 15:00:00,1713.39,3,Fashion,4.1,COD,Karnataka,Urban,8,0,2,6,0.0,10.2,793,94,0.1185,3,6,2,0,2,96.8,1,1,0,4.14,634,1713.39,1,0,0,0
ORD004529,13691,1619,2024-07-07 16:00:00,1530.84,1,Home,20.5,COD,Karnataka,Urban,8,0,0,8,0.0,34.4,708,52,0.0734,2,7,3,1,3,170.3,5,1,0,3.84,1607,1530.84,0,2,0,1
ORD004530,10018,1472,2024-07-07 17:00:00,324.11,1,Electronics,9.5,UPI,Maharashtra,Urban,11,4,2,5,0.3636,82.1,758,10,0.0132,0,2,4,1,5,44.4,3,1,0,5.0,1604,0.0,0,0,0,1
ORD004531,13403,1295,2024-07-07 18:00:00,833.67,1,Home,6.1,COD,West Bengal,Urban,6,2,0,4,0.3333,8.5,759,120,0.1581,2,11,3,0,1,134.7,7,1,0,4.64,529,833.67,0,0,0,1
ORD004532,14679,1460,2024-07-07 19:00:00,613.78,1,Electronics,13.9,UPI,West Bengal,Rural,6,0,0,6,0.0,37.3,783,61,0.0779,5,9,4,0,4,160.5,3,1,0,4.19,250,0.0,1,0,0,1
ORD004533,14551,1323,2024-07-07 20:00:00,911.04,1,Beauty,29.4,COD,Karnataka,Urban,3,1,0,2,0.3333,4.0,788,94,0.1193,1,7,4,0,1,101.8,1,1,0,3.49,1409,911.04,0,0,0,1
ORD004534,13004,1140,2024-07-07 21:00:00,1025.86,1,Electronics,12.4,COD,Delhi,Urban,9,1,0,8,0.1111,95.4,765,181,0.2366,1,8,2,1,3,266.6,4,1,0,3.27,339,1025.86,0,0,0,1
ORD004535,16132,1666,2024-07-07 22:00:00,2079.35,3,Footwear,9.8,Debit Card,Maharashtra,Urban,10,2,3,5,0.2,5.4,707,129,0.1825,1,4,8,0,1,207.0,2,1,0,4.23,315,0.0,1,0,1,1
ORD004536,11132,1261,2024-07-07 23:00:00,1309.16,3,Fashion,1.3,COD,Maharashtra,Rural,9,3,0,6,0.3333,26.9,812,21,0.0259,0,4,4,0,3,212.5,2,1,0,3.55,753,1309.16,0,0,1,0
ORD004537,13339,1784,2024-07-08 00:00:00,2567.53,1,Beauty,12.7,UPI,Karnataka,Semi-Urban,6,1,0,5,0.1667,0.1,766,103,0.1345,2,5,2,0,5,58.9,2,0,0,4.19,1743,0.0,0,1,1,0
ORD004538,16588,1419,2024-07-08 01:00:00,720.75,1,Home,9.4,COD,Bihar,Semi-Urban,9,0,4,5,0.0,41.1,706,21,0.0297,1,9,4,0,1,316.5,5,0,0,4.48,1262,720.75,0,0,1,0
ORD004539,13311,1743,2024-07-08 02:00:00,468.6,1,Electronics,13.3,COD,Delhi,Semi-Urban,4,1,0,3,0.25,34.5,747,78,0.1044,4,8,1,0,4,233.6,3,0,0,4.82,1346,468.6,0,0,1,0
ORD004540,16048,1240,2024-07-08 03:00:00,2625.81,1,Beauty,8.2,COD,West Bengal,Semi-Urban,7,4,0,3,0.5714,8.3,756,154,0.2037,3,7,2,0,2,34.1,5,0,0,4.29,359,2625.81,2,0,1,0
ORD004541,13372,1354,2024-07-08 04:00:00,1422.36,1,Footwear,2.2,COD,West Bengal,Semi-Urban,7,2,1,4,0.2857,2.1,749,190,0.2537,2,7,2,0,1,137.4,2,0,0,4.6,1611,1422.36,0,0,1,1
ORD004542,16745,1769,2024-07-08 05:00:00,702.07,2,Electronics,2.0,COD,West Bengal,Urban,16,1,2,13,0.0625,14.4,744,34,0.0457,2,10,4,0,3,88.6,3,0,0,4.31,262,702.07,1,0,1,0
ORD004543,16246,1760,2024-07-08 06:00:00,1426.09,1,Home,7.3,COD,West Bengal,Semi-Urban,8,2,1,5,0.25,1.2,783,21,0.0268,3,7,3,0,7,39.3,4,0,0,4.15,698,1426.09,0,0,0,0
ORD004544,10987,1588,2024-07-08 07:00:00,1810.13,3,Home,16.2,Debit Card,Maharashtra,Semi-Urban,10,2,0,8,0.2,1.3,738,250,0.3388,0,5,3,0,1,184.0,3,0,0,4.64,447,0.0,0,0,0,0
ORD004545,13321,1179,2024-07-08 08:00:00,1177.93,2,Electronics,8.3,UPI,Maharashtra,Semi-Urban,12,2,1,9,0.1667,44.6,716,53,0.074,1,4,4,0,2,390.3,3,0,0,4.57,545,0.0,1,0,0,1
ORD004546,17620,1065,2024-07-08 09:00:00,708.09,1,Footwear,29.9,COD,Bihar,Urban,6,1,1,4,0.1667,19.4,773,157,0.2031,3,7,5,0,5,249.9,3,0,0,3.47,1113,708.09,1,0,0,1
ORD004547,14615,1347,2024-07-08 10:00:00,841.55,1,Fashion,27.6,COD,Maharashtra,Rural,12,4,1,7,0.3333,2.6,744,122,0.164,2,9,3,0,1,110.0,6,0,0,4.28,1977,841.55,0,0,0,1
ORD004548,17320,1170,2024-07-08 11:00:00,1305.54,2,Fashion,9.4,Wallet,Bihar,Semi-Urban,12,1,1,10,0.0833,72.7,776,4,0.0052,1,5,3,0,1,137.6,3,0,0,4.27,1829,0.0,1,0,0,1
ORD004549,14954,1473,2024-07-08 12:00:00,1235.63,3,Home,8.8,COD,Bihar,Semi-Urban,5,0,1,4,0.0,23.9,738,199,0.2696,4,8,3,0,1,149.1,6,0,0,3.81,492,1235.63,0,0,0,0
ORD004550,10173,1533,2024-07-08 13:00:00,2269.59,2,Footwear,20.1,COD,West Bengal,Semi-Urban,6,1,1,4,0.1667,43.5,721,65,0.0902,1,7,3,0,3,119.7,1,0,0,2.98,1350,2269.59,0,0,0,0
ORD004551,15462,1366,2024-07-08 14:00:00,929.32,1,Home,17.5,COD,West Bengal,Urban,7,1,0,6,0.1429,26.4,745,86,0.1154,3,6,2,0,3,214.5,4,0,0,4.63,984,929.32,0,0,0,0
ORD004552,13741,1106,2024-07-08 15:00:00,615.07,1,Fashion,4.5,Debit Card,Maharashtra,Urban,5,1,0,4,0.2,47.1,797,72,0.0903,2,6,3,0,2,218.3,4,0,0,4.65,764,0.0,1,1,0,0
ORD004553,13052,1438,2024-07-08 16:00:00,5147.33,1,Home,15.7,COD,Maharashtra,Urban,12,3,0,9,0.25,7.6,736,67,0.091,3,10,4,0,3,112.8,1,0,0,4.5,433,5147.33,0,1,0,1
ORD004554,16574,1226,2024-07-08 17:00:00,1217.67,4,Electronics,15.4,COD,Bihar,Semi-Urban,14,2,1,11,0.1429,9.2,721,39,0.0541,0,9,2,0,5,240.1,1,0,0,4.02,674,1217.67,0,0,0,1
ORD004555,10726,1443,2024-07-08 18:00:00,1809.05,2,Electronics,15.1,Credit Card,Karnataka,Urban,8,1,0,7,0.125,14.4,711,178,0.2504,2,7,5,0,4,367.7,1,0,0,3.99,1601,0.0,0,0,0,0
ORD004556,13760,1441,2024-07-08 19:00:00,1499.83,2,Footwear,24.0,Debit Card,West Bengal,Semi-Urban,9,0,2,7,0.0,21.3,763,206,0.27,1,6,4,0,2,249.1,6,0,0,4.02,1304,0.0,0,0,0,0
ORD004557,15806,1395,2024-07-08 20:00:00,1226.53,1,Fashion,6.9,UPI,Delhi,Semi-Urban,12,0,3,9,0.0,4.5,772,147,0.1904,3,7,2,0,5,100.7,3,0,0,4.48,479,0.0,1,0,0,0
ORD004558,11875,1727,2024-07-08 21:00:00,956.57,2,Footwear,7.5,COD,Karnataka,Semi-Urban,8,0,1,7,0.0,25.8,718,132,0.1838,1,7,3,0,2,196.5,4,0,0,4.02,350,956.57,0,0,0,0
ORD004559,16993,1580,2024-07-08 22:00:00,203.92,1,Footwear,26.9,Wallet,West Bengal,Urban,11,2,0,9,0.1818,77.2,718,74,0.1031,4,10,3,0,2,56.7,3,0,0,4.04,505,0.0,0,0,1,0
ORD004560,15777,1083,2024-07-08 23:00:00,579.44,1,Fashion,23.0,COD,West Bengal,Urban,13,0,1,12,0.0,51.3,760,229,0.3013,2,5,1,0,2,43.6,3,0,0,3.53,1401,579.44,0,0,1,1
ORD004561,14033,1614,2024-07-09 00:00:00,1336.05,1,Beauty,15.1,Credit Card,Maharashtra,Rural,8,2,1,5,0.25,7.9,753,29,0.0385,1,9,3,0,3,501.8,7,0,0,4.03,852,0.0,1,1,1,1
ORD004562,15443,1550,2024-07-09 01:00:00,214.57,3,Beauty,32.7,COD,Delhi,Semi-Urban,10,0,1,9,0.0,16.3,760,135,0.1776,2,5,3,0,2,170.7,2,0,0,4.39,971,214.57,0,1,1,0
ORD004563,10989,1012,2024-07-09 02:00:00,1144.78,2,Home,21.6,Credit Card,Delhi,Urban,7,0,0,7,0.0,20.0,743,131,0.1763,1,9,2,0,4,79.1,5,0,0,4.14,1533,0.0,0,0,1,0
ORD004564,13744,1692,2024-07-09 03:00:00,1630.66,1,Beauty,6.4,COD,West Bengal,Semi-Urban,9,1,0,8,0.1111,25.0,745,118,0.1584,4,12,2,0,3,61.4,4,0,0,3.98,1536,1630.66,0,0,1,0
ORD004565,12686,1492,2024-07-09 04:00:00,1807.98,3,Electronics,14.7,COD,Bihar,Urban,14,0,4,10,0.0,29.5,712,28,0.0393,3,6,3,0,6,89.1,6,0,0,4.45,1461,1807.98,0,1,1,1
ORD004566,10419,1267,2024-07-09 05:00:00,1570.1,1,Footwear,9.1,COD,Delhi,Urban,6,0,0,6,0.0,34.4,749,96,0.1282,2,5,2,0,3,50.1,2,0,0,4.51,29,1570.1,0,1,1,0
ORD004567,10593,1524,2024-07-09 06:00:00,1948.93,1,Home,4.9,COD,Karnataka,Urban,7,0,0,7,0.0,42.1,719,46,0.064,1,9,3,0,5,256.5,5,0,0,4.3,251,1948.93,0,0,0,1
ORD004568,16628,1119,2024-07-09 07:00:00,2873.73,1,Footwear,18.4,UPI,Bihar,Urban,8,1,0,7,0.125,2.5,749,145,0.1936,1,6,3,0,5,122.5,1,0,0,4.24,162,0.0,0,0,0,0
ORD004569,17826,1352,2024-07-09 08:00:00,2116.82,1,Fashion,14.9,Credit Card,Maharashtra,Urban,8,2,1,5,0.25,48.2,722,93,0.1288,3,14,1,0,2,368.1,1,0,0,3.69,1309,0.0,0,0,0,0
ORD004570,11774,1056,2024-07-09 09:00:00,1234.1,1,Beauty,7.4,Debit Card,West Bengal,Semi-Urban,17,0,0,17,0.0,7.8,782,74,0.0946,4,10,4,0,3,224.1,2,0,0,3.91,1605,0.0,1,1,0,0
ORD004571,12459,1039,2024-07-09 10:00:00,1011.54,1,Fashion,1.9,COD,West Bengal,Urban,9,3,0,6,0.3333,9.9,681,117,0.1718,0,4,4,0,2,92.1,1,0,0,4.98,97,1011.54,0,2,0,1
ORD004572,10935,1335,2024-07-09 11:00:00,1174.72,2,Home,13.4,COD,Karnataka,Urban,8,0,0,8,0.0,7.0,746,50,0.067,3,7,7,0,1,26.2,5,0,0,4.42,937,1174.72,0,2,0,0
ORD004573,15203,1639,2024-07-09 12:00:00,929.55,1,Electronics,9.0,Debit Card,Karnataka,Urban,9,3,1,5,0.3333,16.4,788,26,0.033,1,8,4,0,3,404.7,6,0,0,3.19,1691,0.0,2,0,0,0
ORD004574,15232,1172,2024-07-09 13:00:00,2144.26,2,Beauty,22.9,Credit Card,Maharashtra,Semi-Urban,11,0,1,10,0.0,7.6,781,108,0.1383,5,6,5,0,4,141.5,3,0,0,3.81,1035,0.0,0,0,0,0
ORD004575,13808,1546,2024-07-09 14:00:00,1545.74,1,Fashion,17.4,UPI,Maharashtra,Urban,9,1,0,8,0.1111,26.7,745,70,0.094,3,7,4,0,2,82.2,1,0,0,4.67,1698,0.0,1,0,0,0
ORD004576,10331,1258,2024-07-09 15:00:00,872.49,2,Beauty,17.2,COD,Delhi,Semi-Urban,12,0,1,11,0.0,10.5,758,97,0.128,1,8,3,0,2,581.4,3,0,0,4.43,594,872.49,0,0,0,1
ORD004577,13449,1516,2024-07-09 16:00:00,2427.1,2,Footwear,11.1,COD,Bihar,Urban,9,1,1,7,0.1111,30.7,734,87,0.1185,1,11,3,0,3,208.1,3,0,0,3.54,627,2427.1,0,0,0,0
ORD004578,17922,1729,2024-07-09 17:00:00,920.46,2,Electronics,20.4,COD,West Bengal,Urban,16,2,2,12,0.125,41.6,734,61,0.0831,2,6,2,1,1,321.7,5,0,0,3.94,1904,920.46,1,0,0,0
ORD004579,12702,1522,2024-07-09 18:00:00,621.75,1,Beauty,18.7,COD,Delhi,Urban,13,1,0,12,0.0769,17.0,793,64,0.0807,3,8,3,0,4,203.6,2,0,0,4.42,1916,621.75,0,0,0,0
ORD004580,16184,1116,2024-07-09 19:00:00,1089.59,2,Electronics,15.9,UPI,Maharashtra,Semi-Urban,10,1,0,9,0.1,28.2,701,226,0.3224,3,8,4,0,5,216.4,3,0,0,4.88,19,0.0,0,0,0,0
ORD004581,14006,1183,2024-07-09 20:00:00,668.82,1,Footwear,16.5,UPI,Karnataka,Urban,10,1,0,9,0.1,61.8,786,27,0.0344,3,8,3,1,4,93.1,3,0,0,3.58,725,0.0,0,0,0,0
ORD004582,15889,1115,2024-07-09 21:00:00,1923.16,3,Footwear,22.5,COD,Delhi,Urban,10,0,0,10,0.0,50.8,806,86,0.1067,0,2,2,0,3,115.4,3,0,0,4.09,1405,1923.16,0,1,0,0
ORD004583,15054,1161,2024-07-09 22:00:00,660.33,1,Fashion,28.4,Credit Card,Karnataka,Urban,3,0,1,2,0.0,11.8,749,91,0.1215,4,6,2,0,1,197.6,4,0,0,3.86,40,0.0,0,0,1,1
ORD004584,13868,1578,2024-07-09 23:00:00,1023.29,1,Home,29.4,Debit Card,Bihar,Semi-Urban,13,0,0,13,0.0,41.4,736,43,0.0584,3,9,3,0,5,174.6,4,0,0,4.33,129,0.0,0,0,1,0
ORD004585,14200,1711,2024-07-10 00:00:00,1927.2,1,Fashion,10.5,Credit Card,Karnataka,Semi-Urban,9,1,0,8,0.1111,18.2,724,28,0.0387,1,3,1,0,5,142.0,1,0,0,3.88,1958,0.0,0,0,1,0
ORD004586,10201,1542,2024-07-10 01:00:00,715.28,2,Electronics,15.7,COD,West Bengal,Semi-Urban,12,1,0,11,0.0833,8.2,773,78,0.1009,2,6,2,0,2,113.6,4,0,0,3.29,1171,715.28,0,0,1,1
ORD004587,12497,1586,2024-07-10 02:00:00,1403.45,1,Fashion,7.5,COD,Bihar,Urban,7,0,3,4,0.0,12.1,713,219,0.3072,2,5,4,0,2,41.5,1,0,0,4.95,1618,1403.45,0,0,1,0
ORD004588,11842,1236,2024-07-10 03:00:00,611.52,3,Beauty,8.4,UPI,Karnataka,Semi-Urban,9,0,1,8,0.0,21.5,783,37,0.0473,1,5,2,0,4,145.8,1,0,0,3.67,1993,0.0,1,0,1,0
ORD004589,11866,1065,2024-07-10 04:00:00,1269.82,4,Fashion,29.7,COD,Delhi,Urban,10,0,2,8,0.0,24.1,758,42,0.0554,1,4,5,0,4,103.8,4,0,0,4.2,1089,1269.82,1,0,1,0
ORD004590,11996,1069,2024-07-10 05:00:00,1541.25,2,Home,12.7,Credit Card,West Bengal,Semi-Urban,10,0,1,9,0.0,56.1,747,253,0.3387,1,8,2,0,4,78.5,4,0,0,4.89,197,0.0,0,1,1,0
ORD004591,15385,1446,2024-07-10 06:00:00,1069.25,1,Home,17.9,COD,West Bengal,Rural,11,0,3,8,0.0,1.9,686,82,0.1195,1,7,3,0,3,288.1,2,0,0,3.38,1067,1069.25,0,0,0,0
ORD004592,10909,1415,2024-07-10 07:00:00,1118.92,2,Electronics,19.6,UPI,Maharashtra,Semi-Urban,11,2,0,9,0.1818,10.7,761,25,0.0329,1,12,2,0,5,248.2,1,0,0,4.55,710,0.0,0,0,0,0
ORD004593,14305,1531,2024-07-10 08:00:00,1431.38,1,Footwear,21.7,COD,Maharashtra,Rural,12,0,0,12,0.0,6.7,750,127,0.1693,2,6,3,0,2,280.7,6,0,0,3.98,1896,1431.38,0,0,0,1
ORD004594,14658,1440,2024-07-10 09:00:00,926.76,1,Home,21.3,COD,Delhi,Urban,16,1,0,15,0.0625,2.7,776,72,0.0928,3,6,4,0,2,40.9,2,0,0,4.05,864,926.76,2,0,0,1
ORD004595,13189,1737,2024-07-10 10:00:00,1870.07,3,Electronics,13.6,UPI,Maharashtra,Urban,12,0,1,11,0.0,4.6,754,149,0.1976,2,3,3,0,4,79.4,2,0,0,3.69,132,0.0,0,0,0,0
ORD004596,16856,1463,2024-07-10 11:00:00,2496.6,4,Home,24.0,UPI,Karnataka,Urban,3,0,0,3,0.0,10.2,745,29,0.0389,5,13,6,0,1,151.2,5,0,0,4.55,1112,0.0,0,0,0,0
ORD004597,17544,1395,2024-07-10 12:00:00,629.25,3,Home,18.5,UPI,Maharashtra,Semi-Urban,12,1,0,11,0.0833,23.7,747,16,0.0214,1,11,5,0,3,340.8,1,0,0,4.09,1591,0.0,0,0,0,0
ORD004598,17718,1710,2024-07-10 13:00:00,3166.04,1,Footwear,16.4,COD,West Bengal,Urban,6,1,0,5,0.1667,32.9,729,98,0.1344,1,5,2,0,4,145.6,2,0,0,3.82,1474,3166.04,0,0,0,0
ORD004599,15659,1550,2024-07-10 14:00:00,914.07,1,Beauty,15.9,Credit Card,Delhi,Urban,6,1,0,5,0.1667,17.2,706,19,0.0269,1,6,1,0,1,137.9,3,0,0,4.23,850,0.0,0,0,0,0
ORD004600,10770,1656,2024-07-10 15:00:00,3628.62,1,Electronics,37.8,COD,Karnataka,Urban,7,0,0,7,0.0,2.3,747,128,0.1714,0,4,1,0,3,170.6,4,0,0,4.47,925,3628.62,0,0,0,0
ORD004601,13155,1556,2024-07-10 16:00:00,921.54,1,Home,30.5,Debit Card,West Bengal,Semi-Urban,8,1,0,7,0.125,37.0,726,188,0.259,1,5,3,0,3,115.1,6,0,0,4.63,62,0.0,1,0,0,0
ORD004602,12501,1394,2024-07-10 17:00:00,1676.44,1,Home,3.5,Debit Card,West Bengal,Urban,13,1,0,12,0.0769,18.1,777,33,0.0425,2,6,2,0,3,126.6,5,0,0,4.1,876,0.0,0,1,0,0
ORD004603,12714,1325,2024-07-10 18:00:00,1671.05,1,Fashion,17.7,COD,Bihar,Urban,11,4,0,7,0.3636,37.0,812,32,0.0394,0,3,5,0,2,141.9,6,0,0,3.94,1671,1671.05,0,0,0,1
ORD004604,14724,1090,2024-07-10 19:00:00,869.23,2,Beauty,27.6,COD,Maharashtra,Urban,13,1,1,11,0.0769,7.3,779,67,0.086,4,8,5,0,6,83.9,5,0,0,4.46,1687,869.23,0,0,0,0
ORD004605,13585,1749,2024-07-10 20:00:00,1145.48,2,Footwear,7.8,COD,Karnataka,Urban,8,0,3,5,0.0,7.9,763,110,0.1442,0,1,4,0,3,25.2,3,0,0,3.43,1244,1145.48,0,1,0,0
ORD004606,11628,1069,2024-07-10 21:00:00,2601.75,2,Electronics,9.7,UPI,Delhi,Urban,8,0,1,7,0.0,5.8,743,30,0.0404,2,7,5,1,2,265.1,6,0,0,3.95,1043,0.0,0,0,0,0
ORD004607,15797,1165,2024-07-10 22:00:00,903.87,2,Home,18.0,Credit Card,Delhi,Urban,7,1,0,6,0.1429,5.6,757,63,0.0832,1,5,3,0,4,153.2,3,0,0,3.87,941,0.0,0,0,1,1
ORD004608,10386,1641,2024-07-10 23:00:00,853.61,1,Electronics,2.7,UPI,Delhi,Urban,10,2,2,6,0.2,16.8,764,92,0.1204,1,6,4,0,2,10.2,4,0,1,3.8,154,0.0,2,0,1,0
ORD004609,16031,1213,2024-07-11 00:00:00,548.9,1,Footwear,13.9,COD,Bihar,Urban,10,0,1,9,0.0,19.3,723,56,0.0775,4,9,4,0,3,25.9,2,0,0,3.64,1571,548.9,0,0,1,1
ORD004610,13421,1600,2024-07-11 01:00:00,2808.85,2,Beauty,17.7,COD,Karnataka,Semi-Urban,7,3,0,4,0.4286,4.3,810,82,0.1012,3,8,2,0,2,318.7,4,0,0,4.92,340,2808.85,0,1,1,0
ORD004611,16439,1334,2024-07-11 02:00:00,821.83,1,Fashion,5.5,COD,West Bengal,Rural,9,0,1,8,0.0,132.6,756,109,0.1442,1,7,1,0,4,164.6,4,0,0,3.93,1899,821.83,0,0,1,0
ORD004612,16401,1763,2024-07-11 03:00:00,2252.93,1,Beauty,1.5,UPI,Bihar,Urban,9,3,3,3,0.3333,16.5,775,42,0.0542,1,5,5,0,2,180.7,5,0,0,4.37,1896,0.0,0,0,1,1
ORD004613,15200,1368,2024-07-11 04:00:00,764.47,1,Fashion,16.7,Debit Card,Maharashtra,Urban,10,2,2,6,0.2,10.9,805,74,0.0919,2,8,4,0,3,256.7,3,0,0,3.95,110,0.0,1,0,1,0
ORD004614,14008,1583,2024-07-11 05:00:00,2210.89,1,Electronics,17.2,UPI,West Bengal,Urban,7,0,1,6,0.0,47.4,751,74,0.0985,1,10,2,0,3,242.3,4,0,0,3.86,1723,0.0,0,0,1,0
ORD004615,14093,1676,2024-07-11 06:00:00,1779.32,2,Beauty,20.2,UPI,Delhi,Urban,12,5,0,7,0.4167,42.1,727,76,0.1045,2,5,2,0,3,10.4,5,0,0,4.28,1617,0.0,0,1,0,0
ORD004616,14363,1048,2024-07-11 07:00:00,956.17,3,Beauty,8.7,COD,Maharashtra,Urban,7,2,0,5,0.2857,6.7,768,78,0.1016,3,9,4,0,4,189.7,5,0,0,4.21,1088,956.17,0,0,0,1
ORD004617,12466,1051,2024-07-11 08:00:00,705.87,3,Beauty,15.2,UPI,Karnataka,Semi-Urban,12,1,1,10,0.0833,46.3,737,137,0.1859,2,9,1,0,1,11.6,3,0,0,4.41,1108,0.0,0,0,0,0
ORD004618,12282,1288,2024-07-11 09:00:00,741.13,1,Footwear,11.8,COD,Karnataka,Semi-Urban,4,0,1,3,0.0,8.3,749,54,0.0721,2,10,2,0,1,101.9,5,0,0,3.42,1041,741.13,0,0,0,0
ORD004619,11856,1789,2024-07-11 10:00:00,735.48,1,Electronics,6.9,Debit Card,Bihar,Semi-Urban,8,0,0,8,0.0,1.8,744,98,0.1317,3,8,5,0,1,284.6,2,0,0,4.2,1256,0.0,0,0,0,0
ORD004620,17478,1625,2024-07-11 11:00:00,2077.89,2,Fashion,25.7,COD,Karnataka,Urban,10,0,0,10,0.0,0.9,743,99,0.1332,2,6,3,0,3,161.5,4,0,0,3.6,441,2077.89,0,0,0,0
ORD004621,17980,1238,2024-07-11 12:00:00,1207.3,1,Beauty,35.0,UPI,Delhi,Urban,9,0,1,8,0.0,18.4,783,24,0.0307,1,6,5,0,2,48.3,6,0,0,4.57,1537,0.0,0,0,0,0
ORD004622,11998,1132,2024-07-11 13:00:00,561.68,1,Electronics,22.4,UPI,Bihar,Semi-Urban,5,0,1,4,0.0,10.4,727,84,0.1155,3,7,3,0,3,159.6,6,0,0,4.85,565,0.0,2,0,0,0
ORD004623,17129,1785,2024-07-11 14:00:00,942.67,3,Footwear,6.4,UPI,Bihar,Urban,6,2,0,4,0.3333,36.1,752,74,0.0984,2,7,3,0,3,59.8,2,0,0,4.76,978,0.0,0,0,0,0
ORD004624,15476,1165,2024-07-11 15:00:00,1013.73,2,Footwear,14.3,COD,Delhi,Urban,8,2,0,6,0.25,19.2,765,174,0.2275,0,1,3,0,5,135.8,4,0,0,4.58,1811,1013.73,0,0,0,0
ORD004625,11236,1373,2024-07-11 16:00:00,303.87,3,Electronics,2.9,COD,Karnataka,Urban,9,3,3,3,0.3333,37.7,692,30,0.0434,1,7,3,0,3,90.6,5,0,0,5.0,541,303.87,0,0,0,1
ORD004626,14669,1372,2024-07-11 17:00:00,974.66,1,Fashion,7.8,UPI,Maharashtra,Semi-Urban,7,0,1,6,0.0,29.0,774,54,0.0698,2,5,2,0,4,105.6,2,0,0,3.95,1685,0.0,0,0,0,0
ORD004627,14144,1477,2024-07-11 18:00:00,1692.42,1,Electronics,11.1,Debit Card,Bihar,Rural,12,0,2,10,0.0,106.2,775,130,0.1677,1,5,3,0,2,63.2,4,0,0,4.34,439,0.0,0,0,0,0
ORD004628,11150,1754,2024-07-11 19:00:00,1009.71,2,Electronics,3.8,COD,Maharashtra,Urban,8,3,3,2,0.375,16.4,766,121,0.158,3,8,3,1,2,110.6,6,0,0,3.98,849,1009.71,1,0,0,0
ORD004629,14318,1478,2024-07-11 20:00:00,1277.48,1,Home,16.3,COD,Maharashtra,Semi-Urban,4,0,1,3,0.0,10.3,732,45,0.0615,1,9,5,0,3,106.4,3,0,0,4.21,384,1277.48,1,0,0,1
ORD004630,17064,1649,2024-07-11 21:00:00,1466.61,2,Footwear,13.3,COD,Maharashtra,Semi-Urban,9,0,1,8,0.0,5.0,744,22,0.0296,2,8,3,0,3,35.9,3,0,0,4.04,909,1466.61,1,1,0,0
ORD004631,17446,1590,2024-07-11 22:00:00,892.87,1,Fashion,15.6,UPI,Maharashtra,Urban,9,1,2,6,0.1111,26.8,750,138,0.184,2,11,6,0,2,107.8,3,0,0,3.71,54,0.0,0,1,1,0
ORD004632,11431,1681,2024-07-11 23:00:00,1700.12,2,Home,23.7,Wallet,Delhi,Urban,6,2,0,4,0.3333,19.4,706,76,0.1076,2,9,3,0,3,41.4,6,0,0,3.75,981,0.0,0,0,1,1
ORD004633,15624,1634,2024-07-12 00:00:00,2629.35,2,Electronics,24.0,UPI,West Bengal,Rural,8,0,2,6,0.0,30.7,726,72,0.0992,3,8,4,0,3,31.1,3,0,0,4.15,715,0.0,1,2,1,0
ORD004634,17461,1687,2024-07-12 01:00:00,439.52,1,Footwear,7.5,COD,Karnataka,Urban,9,1,1,7,0.1111,38.2,809,27,0.0334,2,8,1,0,3,144.6,5,0,0,3.81,1317,439.52,0,1,1,1
ORD004635,11819,1299,2024-07-12 02:00:00,891.66,1,Home,12.0,Credit Card,West Bengal,Urban,10,2,1,7,0.2,26.4,734,91,0.124,3,16,3,1,3,256.5,5,0,0,3.47,69,0.0,0,1,1,0
ORD004636,12324,1081,2024-07-12 03:00:00,4437.16,2,Home,12.6,COD,West Bengal,Rural,16,6,2,8,0.375,42.7,769,34,0.0442,1,4,3,0,2,394.6,6,0,0,4.46,583,4437.16,0,1,1,1
ORD004637,15557,1086,2024-07-12 04:00:00,1214.81,2,Fashion,16.6,COD,Bihar,Urban,9,2,1,6,0.2222,6.0,724,29,0.0401,2,9,4,0,4,118.7,2,0,0,4.05,313,1214.81,0,0,1,1
ORD004638,11130,1224,2024-07-12 05:00:00,1073.94,1,Electronics,18.7,COD,West Bengal,Semi-Urban,6,1,0,5,0.1667,57.8,690,210,0.3043,2,8,2,0,1,36.5,3,0,0,4.6,825,1073.94,0,0,1,0
ORD004639,15777,1015,2024-07-12 06:00:00,939.34,3,Fashion,23.5,Credit Card,West Bengal,Urban,6,0,0,6,0.0,6.8,774,102,0.1318,0,3,1,0,4,138.6,5,0,0,4.05,207,0.0,2,0,0,0
ORD004640,16563,1357,2024-07-12 07:00:00,2355.86,1,Home,27.8,Debit Card,Delhi,Semi-Urban,11,1,2,8,0.0909,10.1,746,99,0.1327,2,6,1,0,2,128.7,7,0,0,4.3,230,0.0,0,1,0,0
ORD004641,12658,1162,2024-07-12 08:00:00,624.28,1,Home,17.4,COD,Maharashtra,Semi-Urban,12,0,1,11,0.0,3.4,752,140,0.1862,2,13,5,0,3,132.2,6,0,0,3.85,1772,624.28,0,0,0,1
ORD004642,13500,1609,2024-07-12 09:00:00,1911.62,1,Fashion,14.9,COD,West Bengal,Urban,7,3,1,3,0.4286,4.9,769,63,0.0819,2,7,5,0,5,183.0,4,0,0,4.6,1760,1911.62,0,1,0,0
ORD004643,10374,1667,2024-07-12 10:00:00,928.85,3,Home,11.9,UPI,West Bengal,Urban,10,2,0,8,0.2,30.5,747,57,0.0763,1,3,3,0,6,93.1,5,0,0,5.0,1806,0.0,0,0,0,0
ORD004644,12120,1513,2024-07-12 11:00:00,699.31,1,Beauty,24.4,COD,Bihar,Urban,5,2,0,3,0.4,4.0,720,41,0.0569,1,8,3,0,4,73.9,2,0,0,4.98,197,699.31,1,0,0,0
ORD004645,14020,1349,2024-07-12 12:00:00,954.64,1,Footwear,5.7,COD,Karnataka,Urban,10,0,1,9,0.0,109.6,770,72,0.0935,5,10,3,0,3,72.8,2,0,0,4.42,613,954.64,0,2,0,0
ORD004646,12021,1680,2024-07-12 13:00:00,1066.54,2,Electronics,11.0,COD,Bihar,Semi-Urban,8,0,0,8,0.0,71.7,761,30,0.0394,3,5,1,0,3,59.6,6,0,0,4.47,1782,1066.54,0,0,0,0
ORD004647,13705,1463,2024-07-12 14:00:00,813.51,1,Footwear,10.9,COD,Karnataka,Semi-Urban,9,3,0,6,0.3333,1.8,728,158,0.217,4,9,2,0,3,263.0,3,0,0,4.0,231,813.51,0,0,0,1
ORD004648,15149,1374,2024-07-12 15:00:00,2138.08,1,Electronics,13.7,Credit Card,Karnataka,Semi-Urban,7,0,0,7,0.0,38.9,741,90,0.1215,2,7,3,0,4,195.9,2,0,0,4.38,1605,0.0,1,0,0,0
ORD004649,13259,1091,2024-07-12 16:00:00,702.57,1,Home,18.0,COD,Karnataka,Rural,9,0,0,9,0.0,11.9,760,80,0.1053,3,10,4,0,1,51.8,3,0,0,4.88,1439,702.57,0,1,0,0
ORD004650,13435,1180,2024-07-12 17:00:00,1192.78,2,Fashion,2.1,COD,Delhi,Rural,13,1,1,11,0.0769,41.2,771,163,0.2114,2,6,3,0,4,280.4,6,0,0,3.98,1350,1192.78,1,0,0,0
ORD004651,11889,1742,2024-07-12 18:00:00,1513.92,1,Fashion,1.8,COD,Delhi,Semi-Urban,7,2,0,5,0.2857,1.7,725,80,0.1103,3,10,3,0,1,275.7,6,0,0,4.59,1919,1513.92,0,0,0,0
ORD004652,11823,1300,2024-07-12 19:00:00,1185.4,3,Home,17.3,UPI,Maharashtra,Rural,6,1,1,4,0.1667,24.5,786,51,0.0649,1,8,5,0,2,155.6,2,0,0,4.28,1240,0.0,0,1,0,0
ORD004653,11474,1659,2024-07-12 20:00:00,1742.96,3,Electronics,33.0,COD,Karnataka,Urban,10,0,2,8,0.0,31.6,786,74,0.0941,4,12,2,0,1,172.6,4,0,0,5.0,1332,1742.96,0,1,0,0
ORD004654,12242,1791,2024-07-12 21:00:00,845.44,2,Home,17.8,Credit Card,Delhi,Semi-Urban,7,0,0,7,0.0,46.9,761,37,0.0486,2,5,2,0,5,62.0,4,0,0,3.89,1494,0.0,1,0,0,0
ORD004655,15275,1188,2024-07-12 22:00:00,1593.32,2,Electronics,7.2,COD,Delhi,Semi-Urban,8,2,0,6,0.25,54.9,780,154,0.1974,0,6,2,0,3,163.6,4,0,0,4.18,1025,1593.32,0,0,1,1
ORD004656,13243,1313,2024-07-12 23:00:00,1621.87,1,Home,18.4,COD,West Bengal,Urban,16,0,1,15,0.0,0.3,708,125,0.1766,4,7,2,0,2,183.8,7,0,0,4.04,1035,1621.87,0,0,1,0
ORD004657,16990,1492,2024-07-13 00:00:00,1960.34,1,Home,30.9,COD,Karnataka,Rural,12,1,1,10,0.0833,34.4,758,118,0.1557,3,10,3,0,4,114.5,5,1,0,4.74,1315,1960.34,0,0,1,0
ORD004658,15160,1127,2024-07-13 01:00:00,353.76,2,Home,6.7,COD,Bihar,Urban,11,1,0,10,0.0909,4.0,739,132,0.1786,0,7,3,0,5,163.0,2,1,0,4.11,1118,353.76,1,0,1,0
ORD004659,13134,1518,2024-07-13 02:00:00,1488.36,3,Fashion,3.1,COD,West Bengal,Urban,9,0,0,9,0.0,19.1,755,68,0.0901,5,8,2,0,5,98.8,2,1,0,4.03,475,1488.36,0,0,1,0
ORD004660,12070,1425,2024-07-13 03:00:00,1883.26,1,Electronics,13.1,Debit Card,Delhi,Urban,7,0,0,7,0.0,11.6,718,92,0.1281,6,10,3,1,4,74.5,5,1,0,4.19,1651,0.0,0,1,1,0
ORD004661,10359,1558,2024-07-13 04:00:00,856.73,1,Home,8.4,COD,Delhi,Urban,10,1,0,9,0.1,6.3,798,66,0.0827,3,13,5,0,1,26.9,3,1,0,3.89,1151,856.73,0,0,1,0
ORD004662,17242,1564,2024-07-13 05:00:00,789.43,1,Footwear,10.6,COD,Delhi,Urban,11,1,4,6,0.0909,9.0,779,43,0.0552,2,12,1,0,3,38.0,2,1,0,3.79,694,789.43,1,0,1,0
ORD004663,16703,1186,2024-07-13 06:00:00,719.94,1,Footwear,24.2,COD,Delhi,Semi-Urban,3,0,0,3,0.0,7.6,775,126,0.1626,2,4,5,0,1,75.7,1,1,1,4.13,58,719.94,0,0,0,0
ORD004664,16815,1549,2024-07-13 07:00:00,590.4,1,Fashion,12.5,Credit Card,Bihar,Semi-Urban,9,1,4,4,0.1111,6.4,762,118,0.1549,2,7,1,0,3,188.5,4,1,0,3.98,646,0.0,0,0,0,0
ORD004665,12041,1452,2024-07-13 08:00:00,1635.09,1,Beauty,24.2,COD,Maharashtra,Semi-Urban,7,0,0,7,0.0,26.3,706,152,0.2153,2,8,2,1,2,211.9,3,1,0,3.41,199,1635.09,0,0,0,0
ORD004666,17992,1470,2024-07-13 09:00:00,4311.93,1,Fashion,4.3,COD,Maharashtra,Semi-Urban,7,0,0,7,0.0,10.6,809,30,0.0371,3,7,4,0,6,197.0,5,1,0,4.58,266,4311.93,1,0,0,0
ORD004667,11141,1737,2024-07-13 10:00:00,785.55,1,Beauty,23.0,COD,Karnataka,Urban,10,1,0,9,0.1,56.1,812,145,0.1786,2,7,8,0,1,48.7,1,1,0,3.86,784,785.55,2,0,0,0
ORD004668,11635,1564,2024-07-13 11:00:00,828.88,1,Fashion,13.3,COD,Delhi,Urban,10,1,1,8,0.1,19.4,768,62,0.0807,0,10,2,0,2,206.7,3,1,0,4.26,1320,828.88,0,0,0,0
ORD004669,15499,1223,2024-07-13 12:00:00,1106.81,2,Footwear,25.8,COD,Karnataka,Semi-Urban,9,2,0,7,0.2222,18.3,756,138,0.1825,3,7,5,0,5,85.8,2,1,0,4.24,509,1106.81,0,0,0,1
ORD004670,14000,1153,2024-07-13 13:00:00,419.4,3,Home,13.9,COD,Bihar,Semi-Urban,8,2,0,6,0.25,64.5,767,97,0.1265,2,8,5,0,2,174.9,4,1,0,4.3,1143,419.4,0,0,0,1
ORD004671,11943,1559,2024-07-13 14:00:00,722.47,4,Electronics,9.0,COD,Karnataka,Semi-Urban,7,0,0,7,0.0,52.6,782,41,0.0524,2,8,3,0,4,62.6,5,1,0,3.74,773,722.47,0,0,0,0
ORD004672,14774,1350,2024-07-13 15:00:00,1059.78,1,Home,25.1,COD,Maharashtra,Urban,8,0,0,8,0.0,0.7,762,35,0.0459,2,5,2,0,3,400.5,3,1,0,3.5,410,1059.78,0,1,0,1
ORD004673,13361,1146,2024-07-13 16:00:00,641.39,1,Footwear,14.3,UPI,Maharashtra,Urban,11,2,0,9,0.1818,23.5,785,108,0.1376,2,5,1,0,2,114.6,5,1,0,3.41,92,0.0,0,0,0,1
ORD004674,16583,1575,2024-07-13 17:00:00,2249.5,4,Electronics,23.0,UPI,Maharashtra,Rural,14,1,0,13,0.0714,23.4,735,16,0.0218,1,9,4,0,6,250.9,4,1,0,3.95,1233,0.0,0,0,0,0
ORD004675,17835,1348,2024-07-13 18:00:00,504.57,2,Beauty,40.4,Debit Card,Karnataka,Semi-Urban,13,0,3,10,0.0,64.5,716,47,0.0656,5,11,4,0,2,96.2,4,1,0,4.37,1900,0.0,1,0,0,0
ORD004676,12980,1181,2024-07-13 19:00:00,1882.97,1,Beauty,16.9,Debit Card,Delhi,Urban,9,0,1,8,0.0,31.2,670,133,0.1985,1,11,3,0,1,120.6,4,1,0,4.41,99,0.0,0,1,0,0
ORD004677,10006,1636,2024-07-13 20:00:00,2646.79,1,Footwear,3.1,COD,West Bengal,Urban,6,0,0,6,0.0,14.8,763,93,0.1219,1,3,1,0,4,97.2,6,1,0,4.46,1355,2646.79,0,0,0,0
ORD004678,13267,1178,2024-07-13 21:00:00,1378.89,1,Electronics,5.0,UPI,Maharashtra,Urban,16,0,4,12,0.0,1.4,797,241,0.3024,2,9,2,0,3,36.5,5,1,0,3.96,1671,0.0,2,0,0,1
ORD004679,16564,1038,2024-07-13 22:00:00,1009.82,1,Home,11.9,UPI,Karnataka,Urban,10,1,4,5,0.1,2.2,781,50,0.064,3,10,7,1,4,168.4,3,1,0,4.45,234,0.0,0,0,1,0
ORD004680,11591,1771,2024-07-13 23:00:00,1271.27,1,Footwear,16.0,COD,West Bengal,Urban,7,1,2,4,0.1429,15.7,719,69,0.096,1,8,5,0,1,339.4,4,1,0,4.3,1366,1271.27,0,0,1,1
ORD004681,14928,1002,2024-07-14 00:00:00,841.9,3,Beauty,13.4,COD,Maharashtra,Semi-Urban,8,2,1,5,0.25,102.6,791,92,0.1163,2,10,2,0,1,198.3,3,1,0,3.76,223,841.9,1,0,1,0
ORD004682,13264,1063,2024-07-14 01:00:00,323.23,1,Footwear,16.2,COD,Maharashtra,Rural,9,3,0,6,0.3333,118.7,776,211,0.2719,2,6,2,0,2,122.4,2,1,0,4.85,830,323.23,2,0,1,1
ORD004683,12606,1028,2024-07-14 02:00:00,609.38,2,Home,0.4,Wallet,Bihar,Rural,7,0,0,7,0.0,16.2,721,76,0.1054,1,8,3,0,2,283.1,5,1,0,3.67,1078,0.0,0,0,1,0
ORD004684,13219,1371,2024-07-14 03:00:00,1089.3,2,Fashion,31.5,UPI,Maharashtra,Rural,10,0,0,10,0.0,53.9,726,56,0.0771,4,11,6,0,8,58.5,5,1,0,4.15,1103,0.0,0,0,1,0
ORD004685,15906,1522,2024-07-14 04:00:00,623.65,2,Fashion,27.2,COD,West Bengal,Semi-Urban,8,0,0,8,0.0,6.0,757,35,0.0462,3,7,4,0,4,122.7,5,1,0,3.74,1774,623.65,0,0,1,1
ORD004686,17836,1096,2024-07-14 05:00:00,855.88,3,Home,7.5,UPI,West Bengal,Urban,10,1,0,9,0.1,9.4,747,41,0.0549,1,4,4,0,3,377.4,5,1,0,3.63,1382,0.0,1,1,1,0
ORD004687,13273,1441,2024-07-14 06:00:00,1461.92,4,Electronics,21.2,UPI,Delhi,Urban,8,0,0,8,0.0,12.0,753,33,0.0438,2,15,1,0,3,112.4,7,1,0,3.93,1372,0.0,1,1,0,0
ORD004688,17611,1202,2024-07-14 07:00:00,1196.33,1,Footwear,7.8,UPI,West Bengal,Urban,9,2,0,7,0.2222,30.0,768,93,0.1211,1,7,4,1,4,89.4,6,1,0,4.48,200,0.0,1,0,0,0
ORD004689,10913,1410,2024-07-14 08:00:00,2069.55,4,Home,7.6,UPI,Karnataka,Semi-Urban,6,1,1,4,0.1667,43.5,761,63,0.0828,4,10,2,0,3,110.3,4,1,0,3.66,1593,0.0,0,0,0,0
ORD004690,12011,1020,2024-07-14 09:00:00,1308.32,2,Fashion,18.9,UPI,Karnataka,Rural,8,0,1,7,0.0,12.4,760,186,0.2447,4,8,3,0,4,176.2,2,1,0,3.99,677,0.0,0,1,0,0
ORD004691,11442,1550,2024-07-14 10:00:00,1355.31,1,Beauty,21.8,Debit Card,Maharashtra,Urban,13,1,0,12,0.0769,15.7,774,129,0.1667,0,8,2,0,2,235.6,1,1,0,3.14,1982,0.0,1,0,0,0
ORD004692,15546,1734,2024-07-14 11:00:00,715.25,2,Home,9.4,COD,Delhi,Urban,15,2,0,13,0.1333,1.9,726,42,0.0579,3,10,5,0,2,114.4,6,1,0,4.27,259,715.25,0,0,0,0
ORD004693,13054,1101,2024-07-14 12:00:00,493.41,2,Home,12.8,UPI,Maharashtra,Urban,8,0,1,7,0.0,8.2,731,135,0.1847,4,10,3,0,4,236.0,3,1,1,4.2,1232,0.0,1,0,0,0
ORD004694,15598,1045,2024-07-14 13:00:00,855.98,3,Home,12.7,COD,Delhi,Semi-Urban,8,0,2,6,0.0,40.8,763,307,0.4024,2,9,2,1,3,66.7,7,1,0,3.51,1077,855.98,0,0,0,0
ORD004695,13546,1065,2024-07-14 14:00:00,708.88,1,Fashion,25.0,UPI,Bihar,Urban,8,2,3,3,0.25,1.1,737,118,0.1601,5,12,2,0,4,83.0,4,1,0,4.54,154,0.0,0,0,0,0
ORD004696,14221,1602,2024-07-14 15:00:00,992.21,1,Fashion,18.4,Debit Card,Delhi,Rural,15,1,2,12,0.0667,35.2,743,272,0.3661,0,7,2,0,2,134.6,2,1,0,3.44,1325,0.0,0,0,0,0
ORD004697,16538,1163,2024-07-14 16:00:00,578.46,1,Home,24.6,COD,Bihar,Urban,7,1,0,6,0.1429,17.7,761,35,0.046,0,6,4,0,3,104.1,4,1,0,4.43,1493,578.46,1,1,0,0
ORD004698,14912,1110,2024-07-14 17:00:00,1818.0,1,Home,15.6,COD,Bihar,Rural,11,0,2,9,0.0,7.9,754,134,0.1777,3,6,4,0,3,150.0,1,1,0,4.15,1418,1818.0,0,0,0,0
ORD004699,12928,1337,2024-07-14 18:00:00,707.31,1,Electronics,17.5,COD,Maharashtra,Urban,5,0,0,5,0.0,15.8,741,125,0.1687,3,12,3,0,2,309.0,1,1,0,5.0,1680,707.31,1,0,0,0
ORD004700,11829,1122,2024-07-14 19:00:00,881.6,1,Beauty,17.2,COD,Karnataka,Urban,7,0,2,5,0.0,15.0,791,139,0.1757,2,5,6,0,6,96.9,4,1,0,3.96,225,881.6,2,0,0,1
ORD004701,10575,1704,2024-07-14 20:00:00,1083.43,2,Footwear,10.0,Credit Card,Delhi,Urban,9,0,0,9,0.0,92.9,730,161,0.2205,0,7,1,0,2,154.7,5,1,0,4.09,775,0.0,0,0,0,0
ORD004702,16468,1446,2024-07-14 21:00:00,2151.47,1,Footwear,22.0,COD,Maharashtra,Rural,11,0,0,11,0.0,30.4,730,186,0.2548,2,8,2,0,5,269.9,1,1,0,4.57,1137,2151.47,0,0,0,1
ORD004703,15511,1610,2024-07-14 22:00:00,3150.18,1,Footwear,18.2,COD,Bihar,Urban,10,2,1,7,0.2,13.3,723,42,0.0581,1,5,3,0,4,75.4,1,1,0,4.64,468,3150.18,0,0,1,0
ORD004704,10929,1290,2024-07-14 23:00:00,3282.84,1,Fashion,14.0,Debit Card,Bihar,Semi-Urban,14,0,2,12,0.0,68.0,766,68,0.0888,1,6,5,0,2,47.1,4,1,0,4.51,881,0.0,1,0,1,0
ORD004705,13759,1670,2024-07-15 00:00:00,508.22,1,Fashion,45.4,COD,West Bengal,Urban,9,1,0,8,0.1111,62.9,790,174,0.2203,0,4,4,0,5,99.9,2,0,0,3.67,139,508.22,1,0,1,1
ORD004706,13699,1411,2024-07-15 01:00:00,876.66,1,Electronics,10.8,COD,West Bengal,Rural,11,3,2,6,0.2727,17.9,729,56,0.0768,1,3,1,0,3,55.2,4,0,0,4.42,1970,876.66,1,0,1,1
ORD004707,11463,1614,2024-07-15 02:00:00,782.09,1,Fashion,9.4,COD,Delhi,Urban,7,0,2,5,0.0,69.7,783,39,0.0498,4,6,4,0,1,36.4,1,0,0,4.14,576,782.09,0,0,1,1
ORD004708,13275,1280,2024-07-15 03:00:00,1369.48,1,Home,3.2,Debit Card,Karnataka,Urban,8,1,2,5,0.125,23.8,723,109,0.1508,1,4,3,0,4,319.7,3,0,0,4.37,579,0.0,0,1,1,0
ORD004709,17653,1042,2024-07-15 04:00:00,1320.24,1,Beauty,16.8,COD,West Bengal,Urban,7,0,0,7,0.0,32.6,658,133,0.2021,0,7,4,0,4,168.5,5,0,0,4.82,299,1320.24,0,2,1,1
ORD004710,14928,1485,2024-07-15 05:00:00,772.94,1,Beauty,15.9,COD,Bihar,Urban,16,1,1,14,0.0625,15.7,750,63,0.084,5,9,1,0,5,89.7,5,0,0,4.65,1819,772.94,1,0,1,1
ORD004711,11054,1595,2024-07-15 06:00:00,737.18,1,Beauty,18.6,COD,Maharashtra,Urban,12,0,2,10,0.0,24.5,716,9,0.0126,0,3,2,0,5,215.8,2,0,0,4.25,1146,737.18,1,1,0,0
ORD004712,17555,1702,2024-07-15 07:00:00,602.77,1,Beauty,12.4,Credit Card,Karnataka,Urban,6,0,1,5,0.0,12.5,749,43,0.0574,1,6,5,0,1,136.1,4,0,0,4.12,1166,0.0,0,0,0,0
ORD004713,15744,1050,2024-07-15 08:00:00,223.07,1,Footwear,4.1,UPI,Delhi,Semi-Urban,7,0,0,7,0.0,4.2,777,95,0.1223,2,5,2,0,2,102.1,1,0,0,3.99,886,0.0,1,1,0,0
ORD004714,11900,1209,2024-07-15 09:00:00,503.26,1,Footwear,25.9,COD,Maharashtra,Semi-Urban,8,0,0,8,0.0,11.0,781,11,0.0141,0,3,6,0,2,72.8,4,0,0,3.89,349,503.26,1,0,0,0
ORD004715,11457,1125,2024-07-15 10:00:00,1844.69,2,Home,23.5,Debit Card,Delhi,Urban,10,0,3,7,0.0,12.5,815,92,0.1129,1,3,1,0,3,444.9,2,0,0,3.69,1422,0.0,0,0,0,1
ORD004716,16980,1491,2024-07-15 11:00:00,2640.76,2,Electronics,10.3,COD,Maharashtra,Rural,5,0,3,2,0.0,37.3,765,21,0.0275,1,3,6,0,3,316.0,4,0,0,4.18,1479,2640.76,0,0,0,0
ORD004717,17069,1508,2024-07-15 12:00:00,2461.96,1,Fashion,38.4,COD,Maharashtra,Rural,10,0,0,10,0.0,12.8,726,59,0.0813,4,6,1,0,3,65.9,5,0,0,4.0,275,2461.96,0,0,0,0
ORD004718,11399,1580,2024-07-15 13:00:00,1892.28,1,Fashion,14.2,COD,Karnataka,Rural,12,2,3,7,0.1667,16.0,815,49,0.0601,3,5,3,0,3,117.2,4,0,0,3.61,1324,1892.28,0,1,0,0
ORD004719,13415,1776,2024-07-15 14:00:00,597.55,2,Footwear,11.8,UPI,Delhi,Semi-Urban,8,1,2,5,0.125,35.7,810,154,0.1901,0,5,2,0,3,44.4,7,0,0,4.76,1207,0.0,0,0,0,0
ORD004720,10442,1257,2024-07-15 15:00:00,539.84,1,Beauty,7.9,UPI,West Bengal,Urban,8,0,0,8,0.0,19.2,776,163,0.2101,1,7,2,0,1,144.4,6,0,0,4.63,558,0.0,0,1,0,1
ORD004721,13650,1187,2024-07-15 16:00:00,369.96,3,Home,11.6,Debit Card,Maharashtra,Urban,4,0,0,4,0.0,10.6,787,23,0.0292,4,11,5,0,5,25.1,4,0,0,3.98,509,0.0,0,0,0,0
ORD004722,16218,1229,2024-07-15 17:00:00,772.85,3,Electronics,3.5,UPI,Maharashtra,Urban,8,1,0,7,0.125,0.2,699,55,0.0787,7,11,2,0,6,546.0,3,0,0,4.13,1010,0.0,0,0,0,0
ORD004723,14652,1188,2024-07-15 18:00:00,1155.47,3,Footwear,3.5,Credit Card,West Bengal,Semi-Urban,10,0,0,10,0.0,34.3,734,62,0.0845,0,4,5,0,5,87.3,4,0,0,4.16,1257,0.0,0,0,0,0
ORD004724,17939,1414,2024-07-15 19:00:00,599.04,2,Home,2.1,COD,Karnataka,Semi-Urban,10,0,0,10,0.0,63.6,773,34,0.044,4,5,2,1,3,445.9,2,0,1,3.67,1837,599.04,1,0,0,0
ORD004725,17833,1009,2024-07-15 20:00:00,1420.34,2,Home,4.3,Credit Card,Karnataka,Semi-Urban,6,1,2,3,0.1667,0.1,788,49,0.0622,3,7,4,0,3,591.7,7,0,0,3.78,1447,0.0,0,0,0,0
ORD004726,11178,1113,2024-07-15 21:00:00,1621.51,2,Footwear,8.4,COD,Karnataka,Semi-Urban,5,2,0,3,0.4,27.5,738,155,0.21,2,8,3,0,3,63.7,3,0,0,3.67,704,1621.51,2,0,0,1
ORD004727,17597,1075,2024-07-15 22:00:00,824.94,2,Home,3.7,COD,Bihar,Urban,12,1,1,10,0.0833,18.0,787,201,0.2554,3,9,1,0,1,123.3,3,0,0,4.05,1357,824.94,1,0,1,1
ORD004728,16133,1675,2024-07-15 23:00:00,490.78,2,Beauty,8.4,COD,Bihar,Semi-Urban,12,1,1,10,0.0833,44.3,726,53,0.073,1,9,8,0,4,142.0,3,0,0,4.08,1171,490.78,0,0,1,0
ORD004729,14458,1501,2024-07-16 00:00:00,2511.3,2,Home,16.6,COD,Karnataka,Urban,7,0,1,6,0.0,4.6,727,21,0.0289,2,6,1,0,3,172.2,4,0,1,3.95,1648,2511.3,0,1,1,1
ORD004730,16591,1084,2024-07-16 01:00:00,1120.0,1,Electronics,21.8,Debit Card,Karnataka,Urban,9,2,0,7,0.2222,10.9,765,102,0.1333,3,7,3,0,2,29.9,3,0,0,3.46,624,0.0,0,0,1,0
ORD004731,11257,1048,2024-07-16 02:00:00,3514.75,1,Home,37.9,COD,West Bengal,Urban,6,0,2,4,0.0,2.5,732,76,0.1038,0,4,1,0,2,120.9,6,0,0,4.56,701,3514.75,1,0,1,1
ORD004732,13634,1494,2024-07-16 03:00:00,1159.13,3,Fashion,18.3,COD,Bihar,Urban,12,1,0,11,0.0833,7.9,776,84,0.1082,1,4,1,0,4,173.9,3,0,0,3.97,674,1159.13,1,1,1,0
ORD004733,11841,1688,2024-07-16 04:00:00,1208.73,1,Home,13.1,COD,Delhi,Rural,6,0,0,6,0.0,16.3,829,94,0.1134,4,6,1,0,3,95.7,3,0,0,4.05,1151,1208.73,0,0,1,1
ORD004734,12309,1386,2024-07-16 05:00:00,614.8,2,Footwear,10.0,Credit Card,Karnataka,Urban,8,0,0,8,0.0,62.6,756,82,0.1085,1,7,3,0,3,82.6,4,0,0,4.05,1468,0.0,0,0,1,0
ORD004735,15946,1388,2024-07-16 06:00:00,850.54,4,Fashion,18.7,UPI,Karnataka,Semi-Urban,10,5,0,5,0.5,5.8,749,151,0.2016,2,5,4,0,3,152.3,2,0,0,3.59,1363,0.0,0,0,0,0
ORD004736,16268,1217,2024-07-16 07:00:00,430.4,2,Footwear,13.7,COD,Karnataka,Rural,8,1,0,7,0.125,29.3,759,58,0.0764,1,3,3,0,6,115.8,7,0,0,3.63,1294,430.4,0,1,0,0
ORD004737,10910,1700,2024-07-16 08:00:00,489.72,4,Electronics,45.6,Debit Card,Maharashtra,Urban,10,1,0,9,0.1,30.7,702,41,0.0584,4,9,4,0,2,57.7,2,0,0,3.93,1280,0.0,0,0,0,0
ORD004738,14340,1345,2024-07-16 09:00:00,1710.77,2,Beauty,13.8,Debit Card,Bihar,Urban,6,0,0,6,0.0,3.2,749,69,0.0921,3,11,4,0,4,171.5,2,0,0,4.58,1375,0.0,0,0,0,0
ORD004739,14637,1229,2024-07-16 10:00:00,925.61,1,Electronics,27.3,UPI,Delhi,Urban,8,0,0,8,0.0,92.6,714,34,0.0476,1,3,2,0,1,77.0,1,0,0,3.49,28,0.0,0,0,0,0
ORD004740,14009,1254,2024-07-16 11:00:00,850.99,2,Fashion,3.4,COD,Maharashtra,Urban,8,1,1,6,0.125,4.7,747,165,0.2209,2,4,2,0,1,22.7,5,0,0,4.65,350,850.99,0,0,0,0
ORD004741,16628,1235,2024-07-16 12:00:00,703.27,1,Beauty,15.4,COD,Maharashtra,Urban,6,0,0,6,0.0,1.5,707,13,0.0184,2,5,2,0,4,211.6,4,0,0,3.84,621,703.27,4,0,0,1
ORD004742,12169,1025,2024-07-16 13:00:00,870.17,1,Home,22.1,UPI,Delhi,Urban,11,0,1,10,0.0,85.7,749,206,0.275,2,9,4,0,5,136.2,3,0,0,4.4,93,0.0,1,0,0,0
ORD004743,12172,1583,2024-07-16 14:00:00,2164.27,1,Fashion,21.3,Credit Card,Delhi,Urban,9,1,0,8,0.1111,11.8,764,57,0.0746,0,7,3,0,3,121.7,3,0,0,3.87,1823,0.0,1,0,0,0
ORD004744,15668,1260,2024-07-16 15:00:00,1195.75,1,Beauty,7.0,Credit Card,Delhi,Urban,7,0,1,6,0.0,8.5,745,44,0.0591,2,8,4,0,3,98.2,4,0,0,4.25,1087,0.0,0,1,0,0
ORD004745,16313,1765,2024-07-16 16:00:00,540.23,1,Footwear,10.7,UPI,Delhi,Urban,6,0,0,6,0.0,8.6,772,62,0.0803,2,4,3,0,2,461.7,6,0,0,3.42,235,0.0,1,0,0,1
ORD004746,10123,1270,2024-07-16 17:00:00,2034.96,1,Beauty,11.4,UPI,Delhi,Rural,9,0,1,8,0.0,0.4,738,112,0.1518,4,8,2,0,2,188.6,1,0,0,4.07,1405,0.0,0,0,0,0
ORD004747,17202,1122,2024-07-16 18:00:00,3087.21,2,Footwear,16.4,UPI,Karnataka,Semi-Urban,8,1,0,7,0.125,27.8,772,273,0.3536,3,9,2,0,7,205.2,5,0,0,4.12,1609,0.0,1,0,0,0
ORD004748,13158,1655,2024-07-16 19:00:00,1475.6,2,Footwear,12.1,Credit Card,Delhi,Urban,9,0,1,8,0.0,35.8,785,103,0.1312,1,7,1,0,6,130.5,3,0,0,4.24,1957,0.0,0,0,0,0
ORD004749,16789,1256,2024-07-16 20:00:00,1872.02,1,Beauty,41.7,COD,Delhi,Semi-Urban,8,0,0,8,0.0,14.7,709,30,0.0423,0,6,3,0,2,39.6,3,0,0,4.03,1556,1872.02,0,0,0,0
ORD004750,15827,1655,2024-07-16 21:00:00,2281.23,1,Electronics,18.9,UPI,Bihar,Urban,10,3,1,6,0.3,6.0,761,237,0.3114,1,10,3,0,4,133.3,4,0,0,4.59,1578,0.0,0,0,0,1
ORD004751,10785,1420,2024-07-16 22:00:00,405.87,2,Electronics,1.6,COD,Karnataka,Urban,11,2,2,7,0.1818,15.0,735,120,0.1633,1,7,2,0,2,185.4,5,0,0,4.31,284,405.87,0,0,1,0
ORD004752,16139,1258,2024-07-16 23:00:00,3356.19,2,Footwear,14.6,Credit Card,Maharashtra,Urban,14,0,1,13,0.0,71.2,786,8,0.0102,1,3,5,0,5,175.3,5,0,0,3.51,1344,0.0,0,0,1,0
ORD004753,16344,1046,2024-07-17 00:00:00,2120.25,3,Fashion,8.1,COD,Karnataka,Semi-Urban,13,3,0,10,0.2308,4.4,764,68,0.089,1,4,4,0,4,11.6,7,0,0,3.74,1874,2120.25,0,0,1,1
ORD004754,12416,1524,2024-07-17 01:00:00,1470.43,1,Beauty,19.5,Debit Card,West Bengal,Urban,6,0,0,6,0.0,1.7,770,186,0.2416,2,9,6,0,2,119.6,7,0,0,4.28,1459,0.0,0,0,1,0
ORD004755,10796,1207,2024-07-17 02:00:00,1017.11,3,Fashion,21.7,COD,Delhi,Urban,11,1,3,7,0.0909,11.1,766,107,0.1397,2,5,3,0,2,38.9,1,0,0,3.91,536,1017.11,0,0,1,1
ORD004756,14172,1310,2024-07-17 03:00:00,491.59,1,Electronics,29.5,COD,Maharashtra,Semi-Urban,6,0,0,6,0.0,59.2,686,64,0.0933,3,8,7,0,3,191.3,3,0,0,4.18,467,491.59,0,0,1,0
ORD004757,14154,1746,2024-07-17 04:00:00,898.89,2,Fashion,7.1,COD,West Bengal,Rural,12,1,1,10,0.0833,11.6,731,68,0.093,1,2,1,0,4,96.3,3,0,0,4.24,1064,898.89,1,0,1,0
ORD004758,16574,1148,2024-07-17 05:00:00,1435.17,1,Home,18.9,Wallet,Maharashtra,Urban,9,4,1,4,0.4444,32.1,794,82,0.1033,2,10,1,0,3,344.2,4,0,0,3.66,696,0.0,1,0,1,0
ORD004759,16781,1437,2024-07-17 06:00:00,565.32,1,Home,19.3,UPI,Karnataka,Urban,9,1,0,8,0.1111,1.0,724,105,0.145,2,8,3,0,1,162.1,7,0,0,4.55,1537,0.0,0,0,0,0
ORD004760,15619,1154,2024-07-17 07:00:00,1051.69,1,Electronics,7.1,COD,West Bengal,Rural,6,0,0,6,0.0,10.3,754,82,0.1088,0,5,4,0,5,118.9,4,0,0,4.63,1449,1051.69,0,0,0,1
ORD004761,11936,1677,2024-07-17 08:00:00,539.09,1,Fashion,35.1,COD,Delhi,Urban,10,0,0,10,0.0,22.0,747,101,0.1352,1,6,5,0,1,55.1,3,0,0,3.84,1884,539.09,0,1,0,0
ORD004762,12156,1089,2024-07-17 09:00:00,870.64,1,Beauty,19.7,COD,Delhi,Urban,8,0,2,6,0.0,18.2,708,58,0.0819,4,8,4,0,2,235.0,5,0,0,4.0,937,870.64,1,0,0,0
ORD004763,13807,1697,2024-07-17 10:00:00,487.08,2,Electronics,11.4,COD,West Bengal,Rural,11,4,0,7,0.3636,20.1,745,39,0.0523,3,8,4,0,2,29.7,5,0,0,4.75,851,487.08,0,1,0,1
ORD004764,17151,1357,2024-07-17 11:00:00,457.3,2,Home,30.1,COD,Karnataka,Semi-Urban,8,0,0,8,0.0,13.8,729,194,0.2661,2,7,3,0,5,70.3,2,0,0,3.37,564,457.3,0,0,0,1
ORD004765,11301,1173,2024-07-17 12:00:00,1344.87,1,Electronics,20.6,COD,West Bengal,Urban,10,2,1,7,0.2,23.8,752,73,0.0971,1,4,6,0,2,44.8,6,0,0,3.16,1223,1344.87,1,1,0,1
ORD004766,14163,1216,2024-07-17 13:00:00,774.44,1,Fashion,6.3,UPI,Karnataka,Semi-Urban,7,2,2,3,0.2857,43.8,749,191,0.255,3,10,5,0,3,238.8,4,0,0,4.08,15,0.0,1,0,0,0
ORD004767,13140,1455,2024-07-17 14:00:00,819.36,1,Fashion,12.3,COD,Maharashtra,Semi-Urban,8,1,0,7,0.125,2.1,745,34,0.0456,3,5,1,0,2,92.8,2,0,0,4.12,954,819.36,0,0,0,0
ORD004768,13236,1775,2024-07-17 15:00:00,749.9,4,Fashion,8.8,Credit Card,Karnataka,Urban,8,1,0,7,0.125,12.3,731,77,0.1053,2,8,3,0,4,66.2,4,0,0,4.38,165,0.0,0,0,0,1
ORD004769,17656,1608,2024-07-17 16:00:00,5618.79,1,Footwear,7.2,COD,West Bengal,Urban,6,0,1,5,0.0,32.0,773,112,0.1449,0,4,2,0,1,80.9,5,0,0,4.38,170,5618.79,0,0,0,1
ORD004770,12352,1628,2024-07-17 17:00:00,1578.8,1,Fashion,13.0,COD,West Bengal,Urban,19,0,1,18,0.0,39.1,799,83,0.1039,2,6,6,0,1,104.6,1,0,0,3.6,1830,1578.8,0,1,0,0
ORD004771,11932,1198,2024-07-17 18:00:00,1683.86,1,Home,4.8,UPI,Maharashtra,Semi-Urban,5,0,2,3,0.0,24.4,721,19,0.0264,3,9,3,0,2,118.3,4,0,0,4.67,1490,0.0,1,0,0,0
ORD004772,12721,1485,2024-07-17 19:00:00,688.66,2,Home,30.1,COD,West Bengal,Semi-Urban,7,1,0,6,0.1429,12.5,746,118,0.1582,0,4,3,0,4,381.5,3,0,0,3.23,1962,688.66,0,0,0,0
ORD004773,10364,1532,2024-07-17 20:00:00,1484.53,1,Footwear,0.8,COD,Bihar,Urban,8,1,0,7,0.125,7.7,749,78,0.1041,1,10,1,0,4,82.2,7,0,0,3.39,1277,1484.53,1,0,0,1
ORD004774,14916,1199,2024-07-17 21:00:00,956.58,1,Home,19.5,COD,West Bengal,Semi-Urban,7,0,0,7,0.0,17.0,762,76,0.0997,2,5,3,1,3,435.2,5,0,0,4.39,1618,956.58,0,0,0,0
ORD004775,15498,1370,2024-07-17 22:00:00,685.35,2,Home,19.1,Credit Card,Bihar,Semi-Urban,8,2,0,6,0.25,10.6,751,67,0.0892,3,9,4,0,5,226.1,2,0,0,3.63,1301,0.0,0,1,1,1
ORD004776,12390,1447,2024-07-17 23:00:00,3489.29,2,Electronics,23.2,COD,West Bengal,Urban,9,2,1,6,0.2222,28.1,724,98,0.1354,1,9,2,0,3,17.0,2,0,0,4.63,230,3489.29,0,0,1,1
ORD004777,10946,1247,2024-07-18 00:00:00,1546.38,2,Fashion,27.0,COD,West Bengal,Semi-Urban,9,3,0,6,0.3333,31.3,751,90,0.1198,1,7,3,0,3,107.1,1,0,0,4.15,1783,1546.38,0,0,1,0
ORD004778,17042,1787,2024-07-18 01:00:00,1500.27,1,Electronics,30.1,UPI,Maharashtra,Semi-Urban,8,1,2,5,0.125,18.9,742,104,0.1402,0,5,1,0,5,127.3,4,0,0,4.15,114,0.0,0,2,1,0
ORD004779,15673,1263,2024-07-18 02:00:00,612.14,1,Electronics,12.6,COD,Bihar,Urban,10,4,5,1,0.4,41.2,731,73,0.0999,0,6,6,0,2,22.5,6,0,0,4.01,938,612.14,0,0,1,1
ORD004780,11377,1057,2024-07-18 03:00:00,511.77,3,Home,14.8,COD,Maharashtra,Rural,12,3,1,8,0.25,3.3,769,39,0.0507,3,7,5,0,2,125.6,3,0,0,4.15,841,511.77,2,1,1,0
ORD004781,11439,1301,2024-07-18 04:00:00,1059.41,3,Beauty,10.9,COD,Bihar,Urban,10,0,0,10,0.0,54.3,792,119,0.1503,2,7,1,0,2,130.0,5,0,0,4.88,101,1059.41,0,0,1,1
ORD004782,13180,1030,2024-07-18 05:00:00,777.35,1,Fashion,5.5,Credit Card,Bihar,Urban,5,1,0,4,0.2,3.4,792,197,0.2487,2,10,2,0,4,121.1,7,0,0,4.04,1104,0.0,1,0,1,0
ORD004783,17730,1497,2024-07-18 06:00:00,1583.8,1,Beauty,13.1,UPI,Delhi,Semi-Urban,8,1,0,7,0.125,28.8,793,10,0.0126,4,14,2,0,1,284.7,4,0,0,4.04,1752,0.0,0,0,0,0
ORD004784,14857,1248,2024-07-18 07:00:00,1648.39,1,Home,17.5,UPI,Bihar,Semi-Urban,7,0,1,6,0.0,12.8,733,41,0.0559,2,6,1,0,3,80.2,2,0,0,4.51,1239,0.0,0,0,0,0
ORD004785,17664,1604,2024-07-18 08:00:00,1140.59,1,Footwear,12.1,Credit Card,Maharashtra,Rural,11,4,0,7,0.3636,14.8,782,63,0.0806,3,10,1,0,1,115.9,2,0,0,4.3,647,0.0,0,0,0,1
ORD004786,10340,1776,2024-07-18 09:00:00,1801.96,2,Electronics,2.6,UPI,Maharashtra,Urban,10,0,0,10,0.0,64.7,746,40,0.0536,4,10,1,0,3,287.4,2,0,0,3.97,559,0.0,0,0,0,0
ORD004787,12989,1270,2024-07-18 10:00:00,1231.49,4,Home,13.7,COD,Karnataka,Urban,7,0,0,7,0.0,19.0,733,177,0.2415,2,5,2,1,2,131.3,1,0,0,4.0,679,1231.49,0,0,0,0
ORD004788,10382,1605,2024-07-18 11:00:00,650.01,1,Home,17.7,UPI,West Bengal,Urban,4,0,1,3,0.0,4.3,774,84,0.1085,2,7,3,0,2,104.1,2,0,0,3.96,1013,0.0,0,0,0,0
ORD004789,15099,1665,2024-07-18 12:00:00,973.63,1,Beauty,9.7,Debit Card,Delhi,Rural,12,0,0,12,0.0,30.8,751,15,0.02,4,7,2,0,3,238.1,2,0,0,3.54,1466,0.0,1,0,0,0
ORD004790,11556,1393,2024-07-18 13:00:00,1189.68,3,Footwear,24.7,UPI,West Bengal,Urban,10,0,1,9,0.0,52.8,739,100,0.1353,3,12,2,0,4,213.7,3,0,0,4.12,1764,0.0,0,0,0,0
ORD004791,10299,1796,2024-07-18 14:00:00,1914.77,1,Electronics,29.0,Credit Card,Maharashtra,Semi-Urban,2,0,0,2,0.0,64.8,775,19,0.0245,1,4,5,0,6,113.6,2,0,0,3.14,677,0.0,0,0,0,0
ORD004792,10138,1501,2024-07-18 15:00:00,1255.1,4,Footwear,26.5,COD,Delhi,Urban,10,3,0,7,0.3,12.9,734,137,0.1866,2,6,2,0,2,60.5,5,0,0,4.49,781,1255.1,1,0,0,1
ORD004793,10358,1591,2024-07-18 16:00:00,778.31,2,Footwear,10.8,UPI,Bihar,Urban,11,3,0,8,0.2727,41.9,756,167,0.2209,6,14,5,0,1,19.9,4,0,0,4.25,954,0.0,0,2,0,0
ORD004794,14931,1083,2024-07-18 17:00:00,1958.05,3,Footwear,19.9,COD,Maharashtra,Urban,13,0,1,12,0.0,32.7,774,62,0.0801,3,6,2,0,2,412.4,3,0,0,3.89,1324,1958.05,0,0,0,0
ORD004795,11522,1364,2024-07-18 18:00:00,1378.09,1,Fashion,14.4,COD,Maharashtra,Rural,12,1,3,8,0.0833,57.1,765,317,0.4144,0,7,3,0,1,60.6,4,0,0,3.86,1436,1378.09,0,0,0,0
ORD004796,13456,1548,2024-07-18 19:00:00,2772.22,1,Footwear,3.0,COD,Maharashtra,Urban,10,0,1,9,0.0,33.9,755,157,0.2079,5,9,4,0,2,59.3,4,0,0,4.0,1462,2772.22,0,0,0,1
ORD004797,11627,1341,2024-07-18 20:00:00,1155.59,1,Home,3.4,COD,Maharashtra,Urban,11,0,1,10,0.0,47.0,738,226,0.3062,2,5,3,0,4,354.6,3,0,0,4.42,1621,1155.59,0,0,0,0
ORD004798,16078,1406,2024-07-18 21:00:00,588.52,1,Fashion,13.3,COD,Delhi,Urban,10,1,0,9,0.1,13.5,725,131,0.1807,2,5,6,0,1,81.7,4,0,0,4.75,1516,588.52,0,0,0,0
ORD004799,11303,1424,2024-07-18 22:00:00,2222.05,1,Fashion,16.7,UPI,West Bengal,Rural,8,0,4,4,0.0,16.6,740,52,0.0703,2,5,2,0,2,294.0,6,0,0,4.72,1454,0.0,0,0,1,0
ORD004800,17804,1743,2024-07-18 23:00:00,775.82,4,Footwear,13.1,COD,West Bengal,Semi-Urban,10,4,0,6,0.4,5.8,819,19,0.0232,2,9,2,0,3,84.5,2,0,0,3.58,563,775.82,0,1,1,1
ORD004801,16626,1092,2024-07-19 00:00:00,1309.31,2,Home,27.4,Credit Card,Bihar,Rural,12,3,3,6,0.25,26.1,741,67,0.0904,1,6,1,0,5,248.5,4,0,0,3.27,1660,0.0,0,0,1,1
ORD004802,15004,1613,2024-07-19 01:00:00,1225.9,2,Electronics,9.1,COD,Maharashtra,Urban,15,2,0,13,0.1333,3.1,749,72,0.0961,1,5,5,0,2,96.4,7,0,0,3.37,1286,1225.9,0,0,1,1
ORD004803,11134,1411,2024-07-19 02:00:00,1127.07,1,Footwear,8.1,Debit Card,Maharashtra,Urban,7,0,0,7,0.0,8.1,752,46,0.0612,3,6,4,0,4,257.1,3,0,0,3.81,917,0.0,0,0,1,0
ORD004804,17009,1431,2024-07-19 03:00:00,990.4,2,Fashion,5.5,COD,West Bengal,Urban,11,2,1,8,0.1818,31.6,715,17,0.0238,4,13,4,0,1,294.9,3,0,0,4.06,137,990.4,0,0,1,1
ORD004805,12186,1677,2024-07-19 04:00:00,406.96,2,Electronics,7.3,Credit Card,Bihar,Semi-Urban,8,2,1,5,0.25,58.8,750,18,0.024,2,3,3,0,4,119.6,4,0,0,4.36,304,0.0,0,1,1,0
ORD004806,15091,1158,2024-07-19 05:00:00,601.09,1,Electronics,17.1,COD,Karnataka,Urban,6,2,0,4,0.3333,40.3,761,20,0.0263,3,7,4,0,4,243.6,2,0,0,3.46,851,601.09,0,0,1,0
ORD004807,16578,1013,2024-07-19 06:00:00,2150.12,3,Fashion,3.3,COD,Delhi,Semi-Urban,10,0,1,9,0.0,21.3,749,111,0.1482,2,7,3,0,3,277.1,4,0,0,3.65,1778,2150.12,0,0,0,0
ORD004808,16652,1372,2024-07-19 07:00:00,1418.39,1,Electronics,30.7,UPI,West Bengal,Urban,7,0,2,5,0.0,67.2,752,106,0.141,1,6,2,0,6,51.9,3,0,0,4.02,11,0.0,0,0,0,0
ORD004809,16416,1224,2024-07-19 08:00:00,3448.1,1,Home,27.3,COD,Delhi,Semi-Urban,8,4,0,4,0.5,25.3,773,171,0.2212,0,5,3,0,3,73.0,4,0,0,4.75,934,3448.1,1,1,0,0
ORD004810,13170,1504,2024-07-19 09:00:00,588.38,1,Home,19.2,UPI,West Bengal,Urban,12,0,0,12,0.0,6.0,774,75,0.0969,2,5,2,0,2,340.7,3,0,0,4.13,1059,0.0,1,0,0,0
ORD004811,13835,1072,2024-07-19 10:00:00,1076.65,2,Footwear,23.0,COD,Bihar,Urban,5,0,4,1,0.0,14.2,739,136,0.184,2,3,5,0,2,56.8,3,0,1,4.01,1027,1076.65,0,0,0,1
ORD004812,12151,1248,2024-07-19 11:00:00,2203.75,2,Footwear,24.8,COD,Maharashtra,Semi-Urban,9,2,4,3,0.2222,50.5,757,188,0.2483,5,8,1,0,2,260.2,3,0,0,3.81,520,2203.75,0,1,0,0
ORD004813,11237,1510,2024-07-19 12:00:00,780.95,1,Electronics,8.4,COD,Karnataka,Urban,9,2,0,7,0.2222,64.7,717,137,0.1911,2,5,1,0,1,318.6,5,0,0,3.91,1587,780.95,1,1,0,1
ORD004814,15880,1602,2024-07-19 13:00:00,819.57,1,Fashion,19.3,COD,Delhi,Rural,9,2,1,6,0.2222,60.7,715,76,0.1063,2,8,1,0,5,147.6,5,0,0,4.28,1036,819.57,1,0,0,1
ORD004815,13735,1215,2024-07-19 14:00:00,919.65,1,Home,10.8,COD,Karnataka,Semi-Urban,11,0,2,9,0.0,1.1,723,141,0.195,0,5,4,0,3,118.8,2,0,0,4.09,1047,919.65,0,0,0,0
ORD004816,16905,1601,2024-07-19 15:00:00,839.49,1,Beauty,18.1,Credit Card,Maharashtra,Urban,9,0,2,7,0.0,25.8,749,60,0.0801,0,3,3,0,2,81.1,4,0,0,3.82,1759,0.0,2,0,0,0
ORD004817,12834,1540,2024-07-19 16:00:00,1508.81,1,Footwear,6.5,UPI,West Bengal,Urban,7,1,1,5,0.1429,17.2,737,268,0.3636,0,3,2,0,5,272.0,7,0,0,3.84,1519,0.0,1,0,0,1
ORD004818,14260,1219,2024-07-19 17:00:00,376.86,1,Home,17.7,Debit Card,Bihar,Urban,7,0,0,7,0.0,14.7,707,99,0.14,0,5,1,0,1,171.4,4,0,0,4.58,1259,0.0,0,0,0,1
ORD004819,10998,1726,2024-07-19 18:00:00,2938.44,1,Electronics,10.9,Debit Card,Maharashtra,Urban,9,1,0,8,0.1111,2.0,769,119,0.1547,1,7,3,0,3,54.1,7,0,0,4.16,117,0.0,0,0,0,0
ORD004820,12567,1220,2024-07-19 19:00:00,616.59,3,Home,27.6,COD,Karnataka,Urban,8,0,1,7,0.0,12.0,779,49,0.0629,1,7,2,0,5,59.6,2,0,0,3.86,1581,616.59,0,0,0,0
ORD004821,11307,1388,2024-07-19 20:00:00,307.88,1,Home,9.0,COD,Karnataka,Urban,10,0,0,10,0.0,15.7,755,89,0.1179,2,5,2,0,2,88.9,2,0,0,4.08,193,307.88,1,0,0,0
ORD004822,16660,1553,2024-07-19 21:00:00,1089.92,2,Electronics,32.3,Credit Card,Karnataka,Semi-Urban,16,1,1,14,0.0625,9.0,732,60,0.082,1,7,3,1,5,148.7,2,0,0,3.66,65,0.0,0,0,0,0
ORD004823,10656,1646,2024-07-19 22:00:00,874.42,1,Footwear,36.0,COD,West Bengal,Urban,6,1,0,5,0.1667,37.7,728,22,0.0302,1,7,3,0,3,175.6,2,0,0,4.25,1165,874.42,0,0,1,1
ORD004824,12660,1041,2024-07-19 23:00:00,985.56,1,Footwear,5.9,Credit Card,Karnataka,Urban,10,1,3,6,0.1,5.7,782,20,0.0256,3,8,3,0,2,55.6,4,0,0,3.6,444,0.0,0,0,1,0
ORD004825,12211,1675,2024-07-20 00:00:00,1322.85,1,Beauty,13.2,COD,West Bengal,Urban,13,1,2,10,0.0769,11.7,752,83,0.1104,5,11,1,0,2,307.3,4,1,0,4.52,1976,1322.85,1,0,1,0
ORD004826,11909,1282,2024-07-20 01:00:00,1614.7,1,Beauty,21.4,COD,Karnataka,Semi-Urban,12,1,2,9,0.0833,18.1,736,90,0.1223,3,9,1,0,1,88.0,3,1,0,3.97,1874,1614.7,0,0,1,0
ORD004827,13730,1057,2024-07-20 02:00:00,3016.92,1,Footwear,28.9,COD,Delhi,Urban,14,3,0,11,0.2143,19.2,748,19,0.0254,1,3,3,0,3,234.4,3,1,0,4.36,1560,3016.92,0,1,1,0
ORD004828,12046,1536,2024-07-20 03:00:00,724.81,3,Footwear,21.7,COD,Delhi,Urban,11,6,0,5,0.5455,4.1,722,183,0.2535,2,8,6,1,1,270.4,2,1,0,4.41,1795,724.81,0,0,1,0
ORD004829,16207,1072,2024-07-20 04:00:00,1745.11,3,Footwear,10.6,UPI,Maharashtra,Urban,8,0,1,7,0.0,1.8,770,72,0.0935,2,10,2,0,2,27.6,6,1,0,4.3,798,0.0,0,1,1,1
ORD004830,13162,1128,2024-07-20 05:00:00,1678.01,1,Footwear,23.9,COD,Maharashtra,Semi-Urban,10,1,0,9,0.1,52.6,736,100,0.1359,1,5,4,0,1,230.4,2,1,0,4.3,1966,1678.01,0,0,1,1
ORD004831,11140,1598,2024-07-20 06:00:00,224.87,1,Home,4.0,COD,Bihar,Urban,13,1,0,12,0.0769,3.3,750,142,0.1893,0,4,1,0,5,66.5,5,1,1,3.74,1322,224.87,0,0,0,0
ORD004832,15985,1425,2024-07-20 07:00:00,665.2,4,Beauty,28.7,COD,Karnataka,Semi-Urban,3,1,0,2,0.3333,25.9,770,67,0.087,3,8,3,1,2,94.3,3,1,0,4.24,1050,665.2,1,0,0,0
ORD004833,10266,1664,2024-07-20 08:00:00,506.65,1,Electronics,1.3,COD,Karnataka,Urban,9,2,1,6,0.2222,31.6,746,79,0.1059,1,4,3,0,3,55.8,4,1,0,3.97,451,506.65,0,0,0,1
ORD004834,11845,1693,2024-07-20 09:00:00,1434.74,2,Fashion,11.8,UPI,West Bengal,Semi-Urban,7,0,1,6,0.0,39.0,768,111,0.1445,5,5,2,0,2,314.1,1,1,0,4.09,439,0.0,0,0,0,1
ORD004835,11708,1124,2024-07-20 10:00:00,1343.05,4,Electronics,28.2,Credit Card,Maharashtra,Semi-Urban,13,0,0,13,0.0,2.4,707,97,0.1372,5,11,3,0,5,292.8,7,1,0,4.42,1904,0.0,0,0,0,0
ORD004836,13630,1066,2024-07-20 11:00:00,1359.34,4,Fashion,4.9,Credit Card,Delhi,Semi-Urban,7,0,0,7,0.0,8.9,761,99,0.1301,1,7,2,0,3,50.7,4,1,0,3.97,1377,0.0,0,0,0,0
ORD004837,13211,1005,2024-07-20 12:00:00,912.92,1,Home,7.7,Credit Card,West Bengal,Semi-Urban,6,0,3,3,0.0,5.5,751,79,0.1052,2,7,1,0,2,61.5,3,1,0,3.68,553,0.0,0,0,0,0
ORD004838,12293,1636,2024-07-20 13:00:00,969.85,1,Beauty,2.8,UPI,Delhi,Urban,6,1,1,4,0.1667,1.2,795,16,0.0201,1,4,5,0,3,121.8,2,1,0,3.8,249,0.0,0,0,0,0
ORD004839,13732,1313,2024-07-20 14:00:00,1077.99,1,Fashion,10.1,UPI,West Bengal,Urban,7,1,2,4,0.1429,24.5,728,109,0.1497,2,12,4,0,3,254.2,4,1,0,4.0,696,0.0,0,0,0,0
ORD004840,13829,1325,2024-07-20 15:00:00,862.07,3,Footwear,7.2,Debit Card,Maharashtra,Semi-Urban,7,1,0,6,0.1429,4.1,763,49,0.0642,3,9,6,0,2,81.4,3,1,0,4.46,22,0.0,0,1,0,0
ORD004841,16538,1564,2024-07-20 16:00:00,1748.14,3,Home,15.2,COD,Karnataka,Urban,13,0,3,10,0.0,5.2,698,108,0.1547,2,9,5,0,3,184.6,2,1,0,3.5,796,1748.14,1,0,0,0
ORD004842,11510,1577,2024-07-20 17:00:00,577.21,2,Fashion,7.8,COD,Karnataka,Urban,7,0,0,7,0.0,14.1,746,17,0.0228,6,11,5,0,2,294.5,1,1,0,4.01,198,577.21,0,0,0,0
ORD004843,10475,1505,2024-07-20 18:00:00,686.02,2,Footwear,17.2,COD,Maharashtra,Rural,12,2,1,9,0.1667,3.1,677,58,0.0857,2,5,2,0,3,64.0,1,1,0,3.74,1524,686.02,0,0,0,0
ORD004844,17684,1081,2024-07-20 19:00:00,1179.44,2,Home,16.7,Debit Card,Delhi,Urban,6,2,1,3,0.3333,24.8,766,200,0.2611,3,7,3,1,1,163.7,3,1,0,4.26,174,0.0,0,1,0,1
ORD004845,10976,1598,2024-07-20 20:00:00,879.4,2,Fashion,9.4,COD,Bihar,Urban,10,0,2,8,0.0,37.9,738,35,0.0474,1,4,2,0,4,51.8,3,1,0,4.17,493,879.4,1,1,0,1
ORD004846,11207,1001,2024-07-20 21:00:00,563.82,2,Footwear,6.9,COD,Bihar,Semi-Urban,8,0,0,8,0.0,23.3,768,46,0.0599,1,9,4,0,4,577.6,2,1,0,3.93,889,563.82,0,1,0,0
ORD004847,15139,1203,2024-07-20 22:00:00,1508.93,2,Beauty,10.0,Credit Card,Maharashtra,Rural,6,0,0,6,0.0,13.7,741,48,0.0648,1,9,2,0,4,109.4,5,1,0,3.82,1499,0.0,0,0,1,0
ORD004848,11960,1661,2024-07-20 23:00:00,777.92,1,Home,10.2,COD,West Bengal,Rural,7,3,0,4,0.4286,44.4,759,105,0.1383,2,4,5,0,1,146.8,1,1,0,4.61,1833,777.92,0,0,1,1
ORD004849,10557,1403,2024-07-21 00:00:00,660.61,1,Fashion,24.1,Credit Card,Karnataka,Semi-Urban,8,0,0,8,0.0,41.8,725,113,0.1559,3,8,5,0,2,124.7,4,1,0,3.84,1555,0.0,0,0,1,0
ORD004850,15113,1102,2024-07-21 01:00:00,987.69,2,Footwear,2.5,COD,Delhi,Urban,6,0,0,6,0.0,60.1,749,105,0.1402,2,7,2,0,2,122.2,3,1,0,4.95,1351,987.69,0,0,1,1
ORD004851,17691,1535,2024-07-21 02:00:00,641.65,1,Beauty,38.9,UPI,Bihar,Semi-Urban,8,1,1,6,0.125,58.9,717,214,0.2985,2,3,3,0,2,66.9,4,1,0,2.7,965,0.0,0,0,1,0
ORD004852,15701,1367,2024-07-21 03:00:00,1074.37,1,Footwear,6.7,UPI,Karnataka,Semi-Urban,8,0,0,8,0.0,41.4,765,38,0.0497,1,2,1,0,3,64.2,4,1,0,3.25,337,0.0,1,0,1,0
ORD004853,17696,1211,2024-07-21 04:00:00,883.76,2,Beauty,24.6,COD,Maharashtra,Urban,9,0,0,9,0.0,20.8,787,77,0.0978,4,10,1,0,2,93.3,3,1,0,4.32,976,883.76,0,1,1,0
ORD004854,10882,1576,2024-07-21 05:00:00,806.3,2,Fashion,0.8,COD,Karnataka,Rural,7,0,0,7,0.0,0.4,729,112,0.1536,2,10,5,0,3,110.9,4,1,0,3.84,1058,806.3,1,0,1,0
ORD004855,12194,1208,2024-07-21 06:00:00,809.32,3,Footwear,14.4,COD,Bihar,Urban,6,2,0,4,0.3333,32.3,758,52,0.0686,0,9,2,0,2,224.7,6,1,0,3.19,931,809.32,1,1,0,0
ORD004856,14761,1762,2024-07-21 07:00:00,1992.95,1,Footwear,6.0,UPI,Delhi,Urban,9,2,0,7,0.2222,16.5,743,32,0.0431,4,11,3,0,3,86.0,3,1,0,4.19,861,0.0,0,1,0,0
ORD004857,17471,1116,2024-07-21 08:00:00,1368.58,2,Electronics,40.6,COD,West Bengal,Urban,11,1,0,10,0.0909,2.2,788,158,0.2005,2,11,3,0,2,268.0,5,1,0,3.87,1918,1368.58,1,0,0,1
ORD004858,12667,1627,2024-07-21 09:00:00,393.26,1,Home,6.5,UPI,West Bengal,Rural,4,1,2,1,0.25,32.7,782,124,0.1586,2,8,2,1,5,97.5,7,1,0,4.31,1383,0.0,1,0,0,1
ORD004859,15867,1748,2024-07-21 10:00:00,1862.72,3,Footwear,22.0,Credit Card,Karnataka,Urban,4,0,0,4,0.0,13.2,772,152,0.1969,1,7,4,1,4,88.1,5,1,0,4.38,1702,0.0,0,0,0,0
ORD004860,16963,1477,2024-07-21 11:00:00,1495.08,1,Beauty,4.1,COD,West Bengal,Urban,8,1,0,7,0.125,11.2,783,70,0.0894,3,7,3,0,2,46.8,1,1,0,4.68,730,1495.08,0,0,0,0
ORD004861,14959,1104,2024-07-21 12:00:00,1443.04,2,Home,9.3,UPI,Bihar,Rural,9,2,1,6,0.2222,41.2,724,85,0.1174,3,9,3,0,4,128.7,6,1,0,3.83,1331,0.0,0,0,0,0
ORD004862,14677,1494,2024-07-21 13:00:00,1868.23,2,Fashion,8.3,COD,Delhi,Urban,12,3,0,9,0.25,8.6,761,40,0.0526,0,6,3,0,4,99.9,3,1,0,4.28,687,1868.23,0,0,0,0
ORD004863,17166,1770,2024-07-21 14:00:00,1106.57,1,Home,34.6,Wallet,West Bengal,Urban,5,0,0,5,0.0,7.8,755,87,0.1152,4,12,2,0,2,224.5,5,1,0,4.34,1631,0.0,0,0,0,0
ORD004864,14790,1045,2024-07-21 15:00:00,1590.89,4,Electronics,16.7,COD,West Bengal,Urban,9,1,0,8,0.1111,6.8,746,33,0.0442,1,4,2,0,1,184.9,3,1,0,4.33,136,1590.89,0,2,0,0
ORD004865,17929,1330,2024-07-21 16:00:00,829.91,3,Fashion,15.2,COD,Maharashtra,Urban,6,1,0,5,0.1667,7.3,763,41,0.0537,5,5,5,0,4,224.1,6,1,0,4.29,1560,829.91,0,0,0,1
ORD004866,15347,1215,2024-07-21 17:00:00,1823.56,1,Footwear,0.8,Wallet,West Bengal,Urban,3,1,0,2,0.3333,20.7,811,272,0.3354,1,5,3,1,1,100.4,3,1,1,4.33,1972,0.0,0,0,0,0
ORD004867,17269,1491,2024-07-21 18:00:00,1249.96,1,Fashion,13.8,Debit Card,West Bengal,Semi-Urban,9,1,1,7,0.1111,41.8,727,176,0.2421,1,7,1,0,1,161.6,3,1,0,3.66,292,0.0,0,1,0,0
ORD004868,11610,1448,2024-07-21 19:00:00,480.02,1,Fashion,20.2,UPI,Bihar,Urban,7,3,0,4,0.4286,80.6,766,69,0.0901,0,2,2,0,1,65.2,3,1,0,4.34,1834,0.0,0,0,0,0
ORD004869,13488,1535,2024-07-21 20:00:00,2042.3,1,Electronics,9.5,COD,West Bengal,Semi-Urban,7,1,2,4,0.1429,0.2,704,49,0.0696,7,13,5,0,3,196.3,5,1,0,4.58,1133,2042.3,0,0,0,0
ORD004870,15335,1510,2024-07-21 21:00:00,1015.01,3,Beauty,17.3,UPI,Maharashtra,Rural,8,1,1,6,0.125,6.3,790,139,0.1759,2,11,5,0,5,599.2,4,1,0,3.33,1395,0.0,0,0,0,0
ORD004871,12454,1457,2024-07-21 22:00:00,933.67,4,Fashion,9.8,COD,Maharashtra,Rural,15,0,1,14,0.0,15.7,791,84,0.1062,4,7,1,0,1,29.9,5,1,0,4.73,1026,933.67,0,0,1,0
ORD004872,14494,1546,2024-07-21 23:00:00,840.84,1,Beauty,4.1,COD,Maharashtra,Semi-Urban,9,0,0,9,0.0,112.3,703,109,0.155,3,9,2,0,4,191.8,3,1,0,4.62,1670,840.84,0,0,1,0
ORD004873,11946,1535,2024-07-22 00:00:00,878.65,1,Home,9.9,Credit Card,West Bengal,Rural,9,2,1,6,0.2222,49.9,772,127,0.1645,3,8,2,0,4,56.8,2,0,0,3.08,756,0.0,0,1,1,1
ORD004874,14810,1539,2024-07-22 01:00:00,1258.63,1,Electronics,18.3,Credit Card,Karnataka,Rural,10,0,1,9,0.0,9.5,772,202,0.2617,3,9,4,0,4,81.2,4,0,0,4.02,1951,0.0,0,1,1,0
ORD004875,14799,1483,2024-07-22 02:00:00,606.35,1,Footwear,9.7,COD,Karnataka,Semi-Urban,7,0,0,7,0.0,10.4,782,104,0.133,2,4,4,0,2,265.9,2,0,0,3.75,108,606.35,0,0,1,0
ORD004876,12808,1015,2024-07-22 03:00:00,427.88,1,Fashion,6.5,UPI,Bihar,Urban,8,2,0,6,0.25,0.7,735,18,0.0245,2,9,6,0,3,78.5,7,0,0,4.67,874,0.0,0,1,1,0
ORD004877,16642,1570,2024-07-22 04:00:00,579.01,1,Beauty,27.5,COD,Karnataka,Rural,10,1,1,8,0.1,32.5,741,65,0.0877,0,5,6,0,2,62.3,2,0,0,3.87,833,579.01,1,0,1,0
ORD004878,13825,1242,2024-07-22 05:00:00,1378.89,1,Fashion,16.9,COD,Bihar,Semi-Urban,9,2,0,7,0.2222,36.6,761,96,0.1261,1,6,2,0,4,111.0,2,0,0,3.98,1748,1378.89,1,0,1,1
ORD004879,13536,1206,2024-07-22 06:00:00,995.09,2,Electronics,19.8,UPI,Bihar,Urban,9,0,0,9,0.0,6.7,727,27,0.0371,2,10,3,0,4,204.3,6,0,0,3.57,985,0.0,0,0,0,1
ORD004880,15810,1270,2024-07-22 07:00:00,2138.62,2,Footwear,6.8,COD,Maharashtra,Rural,7,1,3,3,0.1429,43.6,748,105,0.1404,3,11,3,0,2,174.7,4,0,0,3.88,799,2138.62,0,0,0,0
ORD004881,16068,1760,2024-07-22 08:00:00,1054.74,1,Home,9.6,Debit Card,Delhi,Urban,6,0,4,2,0.0,18.0,760,29,0.0382,1,4,4,0,5,276.7,3,0,0,4.22,148,0.0,0,0,0,1
ORD004882,17117,1778,2024-07-22 09:00:00,1818.03,2,Home,7.8,Credit Card,Bihar,Urban,10,1,1,8,0.1,15.7,802,156,0.1945,2,6,1,0,3,60.3,3,0,1,4.63,1563,0.0,0,0,0,0
ORD004883,13802,1704,2024-07-22 10:00:00,723.65,2,Beauty,12.5,UPI,West Bengal,Urban,14,0,2,12,0.0,13.5,734,58,0.079,1,8,2,0,4,144.5,3,0,0,3.99,423,0.0,0,0,0,0
ORD004884,14177,1729,2024-07-22 11:00:00,844.64,3,Home,23.6,Wallet,Maharashtra,Urban,8,1,0,7,0.125,22.6,790,140,0.1772,3,12,2,0,3,249.1,1,0,0,4.34,639,0.0,0,0,0,0
ORD004885,14699,1114,2024-07-22 12:00:00,1102.92,1,Beauty,43.8,COD,West Bengal,Urban,4,0,1,3,0.0,20.4,765,1,0.0013,2,3,3,0,3,219.8,2,0,0,4.46,751,1102.92,0,1,0,0
ORD004886,11970,1579,2024-07-22 13:00:00,1004.07,3,Footwear,21.6,Debit Card,West Bengal,Semi-Urban,10,2,0,8,0.2,32.2,656,67,0.1021,3,8,3,0,3,368.6,4,0,0,4.49,948,0.0,0,0,0,0
ORD004887,15806,1298,2024-07-22 14:00:00,949.35,3,Fashion,12.2,COD,Karnataka,Urban,15,2,2,11,0.1333,16.2,705,40,0.0567,3,7,2,0,2,102.4,7,0,0,4.69,1577,949.35,0,0,0,0
ORD004888,16142,1482,2024-07-22 15:00:00,649.84,1,Electronics,17.6,UPI,West Bengal,Urban,11,1,0,10,0.0909,6.7,733,80,0.1091,1,10,2,0,1,74.7,2,0,0,3.94,1042,0.0,0,0,0,0
ORD004889,13822,1396,2024-07-22 16:00:00,423.55,1,Footwear,11.9,COD,Bihar,Semi-Urban,6,1,2,3,0.1667,3.8,738,55,0.0745,3,4,3,0,4,184.8,5,0,0,3.95,52,423.55,0,0,0,1
ORD004890,12819,1393,2024-07-22 17:00:00,1601.36,3,Footwear,26.7,COD,West Bengal,Urban,7,1,0,6,0.1429,5.5,802,105,0.1309,1,6,3,0,2,56.5,2,0,0,4.0,593,1601.36,1,1,0,0
ORD004891,10902,1074,2024-07-22 18:00:00,1497.51,2,Home,20.5,Credit Card,West Bengal,Rural,9,2,0,7,0.2222,10.6,750,75,0.1,2,5,2,0,2,153.2,4,0,0,3.89,1452,0.0,0,0,0,0
ORD004892,10364,1481,2024-07-22 19:00:00,758.75,3,Home,3.5,COD,Karnataka,Semi-Urban,8,1,2,5,0.125,70.0,757,13,0.0172,2,4,2,0,1,133.1,1,0,0,4.41,1401,758.75,0,1,0,1
ORD004893,14258,1102,2024-07-22 20:00:00,1376.54,2,Electronics,3.1,COD,West Bengal,Semi-Urban,8,0,2,6,0.0,29.8,788,96,0.1218,0,9,4,0,1,135.5,3,0,1,3.87,1645,1376.54,2,0,0,0
ORD004894,13119,1296,2024-07-22 21:00:00,992.41,2,Fashion,8.2,COD,Bihar,Urban,8,1,0,7,0.125,13.7,715,58,0.0811,1,10,3,0,6,185.7,3,0,0,4.55,601,992.41,0,0,0,0
ORD004895,12558,1177,2024-07-22 22:00:00,2129.63,1,Footwear,9.2,Credit Card,Bihar,Rural,9,2,1,6,0.2222,4.3,776,79,0.1018,2,5,6,0,3,139.2,3,0,0,4.65,1981,0.0,0,1,1,0
ORD004896,17496,1214,2024-07-22 23:00:00,499.02,1,Home,9.5,UPI,West Bengal,Urban,11,0,0,11,0.0,33.1,755,133,0.1762,1,4,4,0,6,84.8,4,0,0,5.0,1435,0.0,0,0,1,0
ORD004897,11863,1314,2024-07-23 00:00:00,1016.34,4,Footwear,21.6,COD,Bihar,Urban,8,0,0,8,0.0,13.8,814,92,0.113,1,4,2,0,4,46.0,4,0,0,4.45,1944,1016.34,1,0,1,0
ORD004898,10115,1038,2024-07-23 01:00:00,968.81,1,Fashion,14.0,COD,Bihar,Semi-Urban,5,0,1,4,0.0,36.7,749,108,0.1442,1,3,3,0,3,195.4,2,0,0,4.22,88,968.81,0,1,1,0
ORD004899,17084,1258,2024-07-23 02:00:00,1207.94,1,Beauty,13.0,COD,Karnataka,Semi-Urban,10,1,1,8,0.1,42.9,739,100,0.1353,2,7,6,0,2,338.7,3,0,0,3.91,1279,1207.94,0,0,1,0
ORD004900,12384,1715,2024-07-23 03:00:00,2758.06,2,Fashion,8.3,UPI,Maharashtra,Urban,8,0,2,6,0.0,22.1,764,45,0.0589,4,10,3,0,2,156.9,5,0,0,4.17,66,0.0,1,0,1,0
ORD004901,14976,1006,2024-07-23 04:00:00,1018.18,2,Footwear,6.4,UPI,Maharashtra,Semi-Urban,8,2,1,5,0.25,42.0,720,143,0.1986,2,4,1,0,2,53.2,5,0,0,3.56,1005,0.0,2,0,1,1
ORD004902,16880,1048,2024-07-23 05:00:00,1712.79,1,Footwear,15.2,Credit Card,Delhi,Urban,12,0,3,9,0.0,21.6,757,221,0.2919,4,7,2,0,3,65.5,6,0,0,5.0,789,0.0,0,0,1,1
ORD004903,13935,1537,2024-07-23 06:00:00,1003.56,1,Electronics,2.0,UPI,Maharashtra,Urban,7,0,1,6,0.0,17.6,690,30,0.0435,3,8,5,0,2,48.8,1,0,0,4.02,1806,0.0,0,0,0,0
ORD004904,14935,1160,2024-07-23 07:00:00,2085.05,1,Footwear,3.1,COD,West Bengal,Semi-Urban,11,0,1,10,0.0,36.4,689,45,0.0653,3,9,2,0,4,122.5,4,0,0,4.43,1860,2085.05,0,0,0,1
ORD004905,16290,1175,2024-07-23 08:00:00,1722.8,1,Home,17.4,Wallet,Bihar,Rural,12,0,0,12,0.0,13.5,782,60,0.0767,0,6,4,0,3,161.6,2,0,0,3.85,1259,0.0,0,0,0,0
ORD004906,17742,1590,2024-07-23 09:00:00,897.86,2,Electronics,24.9,Debit Card,Maharashtra,Rural,7,2,0,5,0.2857,24.2,752,26,0.0346,1,9,3,0,4,127.0,5,0,0,4.06,877,0.0,0,0,0,1
ORD004907,17973,1001,2024-07-23 10:00:00,859.9,1,Footwear,32.0,COD,Karnataka,Rural,12,1,1,10,0.0833,12.1,716,15,0.0209,2,10,3,0,1,330.2,4,0,0,4.24,633,859.9,0,0,0,1
ORD004908,15442,1454,2024-07-23 11:00:00,1468.76,3,Fashion,36.5,Debit Card,Delhi,Urban,8,1,0,7,0.125,69.1,742,139,0.1873,2,9,4,0,4,212.9,3,0,0,4.35,853,0.0,0,0,0,0
ORD004909,12490,1643,2024-07-23 12:00:00,740.08,2,Footwear,6.4,UPI,West Bengal,Urban,12,1,0,11,0.0833,30.6,753,37,0.0491,1,8,4,0,6,332.5,3,0,0,4.68,656,0.0,0,0,0,0
ORD004910,16980,1275,2024-07-23 13:00:00,1229.52,2,Fashion,22.8,COD,Maharashtra,Semi-Urban,9,0,1,8,0.0,51.3,751,28,0.0373,2,11,3,1,3,293.3,5,0,0,3.91,348,1229.52,0,0,0,1
ORD004911,15132,1497,2024-07-23 14:00:00,885.83,1,Fashion,18.8,COD,Bihar,Semi-Urban,9,0,1,8,0.0,18.7,728,76,0.1044,1,5,1,0,3,91.8,5,0,0,3.87,525,885.83,1,1,0,1
ORD004912,10942,1628,2024-07-23 15:00:00,1367.67,1,Footwear,25.1,COD,Karnataka,Urban,8,1,0,7,0.125,54.4,774,108,0.1395,3,9,2,0,4,107.6,7,0,0,4.26,563,1367.67,0,0,0,0
ORD004913,17661,1675,2024-07-23 16:00:00,995.64,1,Fashion,28.0,Credit Card,Maharashtra,Semi-Urban,9,1,3,5,0.1111,20.1,750,169,0.2253,3,6,2,0,2,242.7,7,0,0,3.63,922,0.0,1,0,0,0
ORD004914,11724,1799,2024-07-23 17:00:00,723.75,1,Beauty,37.4,COD,Bihar,Semi-Urban,7,3,0,4,0.4286,35.1,771,76,0.0986,2,5,3,0,2,124.2,6,0,0,4.78,1019,723.75,1,0,0,0
ORD004915,12334,1027,2024-07-23 18:00:00,2128.52,2,Electronics,13.0,COD,Maharashtra,Rural,6,0,0,6,0.0,34.2,750,61,0.0813,2,3,3,0,1,126.8,1,0,0,4.87,141,2128.52,0,0,0,0
ORD004916,12767,1332,2024-07-23 19:00:00,1266.15,1,Footwear,1.3,COD,West Bengal,Urban,7,0,0,7,0.0,2.3,741,72,0.0972,2,6,3,0,2,282.6,3,0,0,4.88,1548,1266.15,0,0,0,0
ORD004917,11137,1000,2024-07-23 20:00:00,1061.94,2,Beauty,8.1,COD,Delhi,Semi-Urban,9,2,1,6,0.2222,11.5,708,152,0.2147,2,7,1,0,1,96.8,7,0,0,4.72,1708,1061.94,0,0,0,1
ORD004918,12527,1187,2024-07-23 21:00:00,1410.91,1,Fashion,7.2,UPI,Bihar,Urban,4,1,1,2,0.25,114.6,738,198,0.2683,3,10,5,0,4,24.1,5,0,0,3.64,1584,0.0,0,1,0,1
ORD004919,14117,1055,2024-07-23 22:00:00,402.34,1,Fashion,7.0,Wallet,Delhi,Urban,8,0,0,8,0.0,6.0,725,53,0.0731,1,7,5,0,1,120.4,5,0,0,3.49,45,0.0,0,0,1,0
ORD004920,13420,1546,2024-07-23 23:00:00,3843.39,4,Electronics,35.3,UPI,Delhi,Urban,8,0,0,8,0.0,11.1,766,70,0.0914,0,3,1,0,1,252.8,2,0,0,3.81,1865,0.0,0,0,1,0
ORD004921,15845,1111,2024-07-24 00:00:00,1113.0,1,Beauty,32.2,Debit Card,Karnataka,Urban,10,1,0,9,0.1,95.1,762,138,0.1811,0,4,2,0,2,181.0,7,0,0,3.53,846,0.0,0,0,1,0
ORD004922,14778,1797,2024-07-24 01:00:00,337.68,1,Beauty,10.8,UPI,Bihar,Urban,8,0,0,8,0.0,10.1,770,98,0.1273,3,11,1,0,2,134.8,2,0,0,4.26,1263,0.0,0,0,1,0
ORD004923,13906,1309,2024-07-24 02:00:00,2249.04,1,Footwear,27.4,COD,Karnataka,Urban,10,1,1,8,0.1,43.5,810,167,0.2062,1,10,2,0,3,273.4,2,0,0,3.34,1838,2249.04,0,0,1,0
ORD004924,13637,1035,2024-07-24 03:00:00,698.66,1,Fashion,17.5,Debit Card,Delhi,Rural,13,1,2,10,0.0769,14.2,765,154,0.2013,1,6,2,0,1,421.3,4,0,0,4.62,1692,0.0,2,1,1,0
ORD004925,12953,1438,2024-07-24 04:00:00,2051.3,2,Home,11.4,COD,West Bengal,Urban,5,0,1,4,0.0,68.1,741,39,0.0526,2,6,5,0,2,31.9,2,0,0,4.18,176,2051.3,0,0,1,0
ORD004926,15929,1728,2024-07-24 05:00:00,1179.61,1,Footwear,12.6,Credit Card,West Bengal,Semi-Urban,8,4,1,3,0.5,22.9,762,143,0.1877,0,5,1,0,3,175.6,3,0,0,3.98,737,0.0,0,0,1,1
ORD004927,12367,1591,2024-07-24 06:00:00,427.41,1,Footwear,10.2,UPI,Maharashtra,Rural,4,0,1,3,0.0,89.2,741,71,0.0958,3,9,5,1,3,146.5,2,0,0,4.07,280,0.0,0,1,0,0
ORD004928,14221,1594,2024-07-24 07:00:00,1282.74,1,Footwear,11.6,Credit Card,Maharashtra,Urban,9,0,0,9,0.0,2.9,752,22,0.0293,1,10,3,0,4,63.4,3,0,0,4.17,1342,0.0,1,0,0,0
ORD004929,10276,1576,2024-07-24 08:00:00,1227.37,3,Electronics,18.2,COD,Bihar,Urban,11,0,2,9,0.0,7.9,751,153,0.2037,1,5,4,0,5,91.6,3,0,0,3.58,1988,1227.37,0,0,0,0
ORD004930,11999,1324,2024-07-24 09:00:00,2188.7,1,Electronics,16.4,Credit Card,West Bengal,Semi-Urban,6,0,1,5,0.0,22.8,735,11,0.015,3,9,2,0,6,237.1,4,0,0,3.75,670,0.0,0,0,0,0
ORD004931,11227,1639,2024-07-24 10:00:00,1500.12,1,Footwear,22.1,UPI,Delhi,Urban,9,1,0,8,0.1111,3.0,708,34,0.048,5,8,3,0,3,30.5,2,0,0,4.72,393,0.0,0,0,0,0
ORD004932,16337,1306,2024-07-24 11:00:00,521.31,1,Home,21.8,COD,West Bengal,Urban,8,0,0,8,0.0,33.8,743,64,0.0861,3,10,4,0,1,137.6,2,0,0,4.56,180,521.31,0,0,0,0
ORD004933,13752,1533,2024-07-24 12:00:00,2000.92,1,Beauty,5.7,Debit Card,Bihar,Semi-Urban,7,0,0,7,0.0,67.3,718,59,0.0822,4,13,4,0,3,104.9,6,0,0,3.84,661,0.0,0,0,0,0
ORD004934,13735,1727,2024-07-24 13:00:00,855.39,1,Beauty,29.2,Credit Card,Maharashtra,Urban,17,1,1,15,0.0588,25.4,800,98,0.1225,4,13,1,0,4,144.4,5,0,0,4.84,1685,0.0,0,1,0,0
ORD004935,17714,1618,2024-07-24 14:00:00,3078.38,1,Fashion,17.4,UPI,Maharashtra,Semi-Urban,12,0,1,11,0.0,30.2,771,117,0.1518,2,4,3,0,1,83.8,3,0,0,3.95,587,0.0,0,1,0,0
ORD004936,10695,1108,2024-07-24 15:00:00,886.37,1,Beauty,16.0,COD,Karnataka,Semi-Urban,9,2,0,7,0.2222,4.3,679,53,0.0781,1,9,3,0,4,23.7,3,0,0,3.76,1608,886.37,0,1,0,0
ORD004937,11309,1371,2024-07-24 16:00:00,966.06,1,Beauty,15.7,COD,Maharashtra,Semi-Urban,3,0,0,3,0.0,25.5,793,118,0.1488,3,7,1,0,6,398.8,5,0,0,3.46,1415,966.06,0,0,0,1
ORD004938,14152,1356,2024-07-24 17:00:00,669.71,1,Home,6.1,UPI,Delhi,Urban,11,1,0,10,0.0909,14.3,670,115,0.1716,2,4,2,0,3,139.1,3,0,0,3.79,528,0.0,0,0,0,1
ORD004939,17901,1180,2024-07-24 18:00:00,813.09,3,Beauty,23.3,Credit Card,Bihar,Urban,7,0,1,6,0.0,35.1,759,76,0.1001,2,14,4,0,5,145.1,2,0,0,3.98,813,0.0,0,0,0,0
ORD004940,17470,1355,2024-07-24 19:00:00,693.84,2,Home,21.5,UPI,Maharashtra,Semi-Urban,17,0,1,16,0.0,9.1,794,23,0.029,2,9,2,0,5,194.4,4,0,0,4.34,1368,0.0,0,1,0,0
ORD004941,13234,1675,2024-07-24 20:00:00,2221.35,1,Electronics,31.2,COD,Maharashtra,Rural,6,0,1,5,0.0,27.3,723,136,0.1881,1,4,4,0,1,135.3,2,0,0,3.61,1222,2221.35,1,1,0,0
ORD004942,14114,1067,2024-07-24 21:00:00,493.29,1,Home,20.4,COD,Delhi,Semi-Urban,10,0,1,9,0.0,2.0,782,189,0.2417,1,6,5,1,1,106.7,3,0,0,3.62,1980,493.29,1,0,0,1
ORD004943,17537,1291,2024-07-24 22:00:00,1777.12,2,Electronics,32.1,UPI,Maharashtra,Semi-Urban,13,1,3,9,0.0769,9.3,729,94,0.1289,2,8,4,0,4,132.5,2,0,0,3.7,1104,0.0,1,1,1,0
ORD004944,12311,1691,2024-07-24 23:00:00,1802.98,3,Home,15.3,UPI,Delhi,Semi-Urban,9,2,0,7,0.2222,22.9,757,118,0.1559,3,8,6,0,1,220.4,5,0,0,4.14,1448,0.0,0,0,1,0
ORD004945,12841,1180,2024-07-25 00:00:00,2506.21,1,Footwear,18.7,COD,Maharashtra,Semi-Urban,8,0,1,7,0.0,21.2,788,104,0.132,1,7,4,0,5,264.3,5,0,0,4.35,818,2506.21,1,0,1,0
ORD004946,14208,1465,2024-07-25 01:00:00,1125.81,2,Electronics,11.1,COD,Delhi,Urban,6,1,0,5,0.1667,21.8,774,30,0.0388,4,10,3,0,2,76.5,5,0,0,4.08,1025,1125.81,0,0,1,0
ORD004947,13559,1433,2024-07-25 02:00:00,592.28,1,Electronics,6.2,COD,Maharashtra,Semi-Urban,13,0,1,12,0.0,15.7,759,51,0.0672,4,8,6,0,3,247.6,1,0,0,3.33,1467,592.28,0,0,1,0
ORD004948,13398,1463,2024-07-25 03:00:00,989.25,1,Beauty,20.5,COD,Bihar,Urban,8,0,1,7,0.0,23.2,777,197,0.2535,0,5,4,0,2,21.9,4,0,0,4.47,1025,989.25,1,0,1,0
ORD004949,10541,1680,2024-07-25 04:00:00,1566.84,4,Electronics,10.3,COD,Karnataka,Urban,6,0,0,6,0.0,8.2,761,28,0.0368,2,5,4,0,4,76.0,1,0,0,4.49,1424,1566.84,0,1,1,0
ORD004950,12694,1533,2024-07-25 05:00:00,1153.83,2,Home,29.3,COD,Karnataka,Rural,12,1,0,11,0.0833,14.8,769,102,0.1326,1,7,4,0,1,222.2,3,0,0,3.89,1325,1153.83,1,0,1,0
ORD004951,14674,1065,2024-07-25 06:00:00,1366.54,3,Footwear,1.0,Credit Card,West Bengal,Semi-Urban,8,0,1,7,0.0,4.3,784,192,0.2449,1,7,5,0,3,47.9,5,0,0,4.62,1116,0.0,0,1,0,1
ORD004952,11088,1020,2024-07-25 07:00:00,2487.84,1,Footwear,5.5,COD,Karnataka,Urban,5,2,0,3,0.4,10.9,744,38,0.0511,2,10,4,1,3,340.8,6,0,0,3.87,1413,2487.84,0,0,0,1
ORD004953,13363,1611,2024-07-25 08:00:00,1554.96,1,Beauty,4.3,COD,Delhi,Rural,7,0,3,4,0.0,26.9,727,48,0.066,3,9,4,0,3,160.9,5,0,0,3.64,894,1554.96,1,0,0,1
ORD004954,10024,1383,2024-07-25 09:00:00,1235.29,2,Home,14.8,COD,Delhi,Urban,9,0,1,8,0.0,20.8,769,33,0.0429,2,5,2,0,2,153.5,3,0,0,4.24,963,1235.29,1,0,0,0
ORD004955,11572,1614,2024-07-25 10:00:00,362.63,1,Home,2.2,UPI,Karnataka,Urban,11,0,0,11,0.0,0.9,704,27,0.0384,1,3,5,0,3,253.3,3,0,0,3.98,518,0.0,1,0,0,0
ORD004956,16144,1558,2024-07-25 11:00:00,685.19,1,Fashion,34.1,COD,Delhi,Rural,11,0,1,10,0.0,30.7,781,13,0.0166,1,5,3,0,1,257.7,3,0,0,4.32,860,685.19,0,0,0,0
ORD004957,12958,1038,2024-07-25 12:00:00,860.23,1,Electronics,37.0,Debit Card,Bihar,Urban,9,0,0,9,0.0,22.7,764,43,0.0563,1,8,3,0,1,165.9,3,0,0,4.06,1925,0.0,2,0,0,0
ORD004958,15668,1284,2024-07-25 13:00:00,334.87,1,Beauty,9.7,COD,Delhi,Semi-Urban,9,0,2,7,0.0,12.4,767,60,0.0782,0,6,3,0,3,49.4,2,0,0,4.2,17,334.87,1,0,0,0
ORD004959,14236,1601,2024-07-25 14:00:00,563.65,1,Footwear,7.7,UPI,Bihar,Urban,9,1,1,7,0.1111,22.8,747,149,0.1995,2,7,5,0,3,120.5,2,0,0,4.81,372,0.0,1,0,0,0
ORD004960,11767,1596,2024-07-25 15:00:00,933.49,2,Fashion,8.4,UPI,Bihar,Rural,5,0,1,4,0.0,1.5,773,37,0.0479,2,5,2,0,2,33.7,4,0,0,4.11,1959,0.0,0,0,0,0
ORD004961,14743,1784,2024-07-25 16:00:00,1029.23,3,Home,14.5,COD,Bihar,Semi-Urban,4,3,0,1,0.75,35.0,791,90,0.1138,2,8,2,0,1,173.1,4,0,0,4.23,969,1029.23,0,0,0,1
ORD004962,12235,1335,2024-07-25 17:00:00,1485.47,1,Electronics,21.1,Wallet,Maharashtra,Urban,7,0,0,7,0.0,23.4,753,58,0.077,4,5,4,0,3,72.8,3,0,0,3.18,1962,0.0,0,0,0,0
ORD004963,17295,1187,2024-07-25 18:00:00,969.54,2,Footwear,2.8,COD,West Bengal,Semi-Urban,10,1,2,7,0.1,6.9,752,23,0.0306,4,11,6,0,5,65.6,4,0,0,4.56,344,969.54,1,0,0,0
ORD004964,10200,1670,2024-07-25 19:00:00,1272.61,1,Fashion,3.8,COD,Delhi,Rural,7,0,0,7,0.0,0.6,716,20,0.0279,0,5,2,1,2,110.4,5,0,0,4.09,1848,1272.61,0,1,0,1
ORD004965,13198,1242,2024-07-25 20:00:00,853.48,3,Home,10.3,COD,Maharashtra,Urban,10,0,0,10,0.0,25.4,736,72,0.0978,3,8,7,0,1,31.3,5,0,0,4.59,1253,853.48,0,0,0,1
ORD004966,10256,1072,2024-07-25 21:00:00,1124.63,1,Footwear,4.5,Credit Card,West Bengal,Urban,6,0,0,6,0.0,50.9,805,89,0.1106,0,3,2,0,1,192.3,3,0,0,4.24,412,0.0,2,0,0,0
ORD004967,13747,1478,2024-07-25 22:00:00,1437.39,2,Footwear,11.9,COD,Maharashtra,Semi-Urban,6,2,1,3,0.3333,3.0,709,37,0.0522,1,3,2,0,2,237.5,1,0,0,4.17,1500,1437.39,0,0,1,1
ORD004968,14642,1560,2024-07-25 23:00:00,2653.35,2,Home,1.4,UPI,Delhi,Urban,7,1,2,4,0.1429,56.7,759,39,0.0514,2,5,5,0,3,25.5,3,0,0,3.66,1708,0.0,0,0,1,0
ORD004969,12241,1100,2024-07-26 00:00:00,805.3,1,Home,24.6,COD,Bihar,Rural,7,0,1,6,0.0,45.4,742,175,0.2358,2,9,1,0,2,158.2,3,0,0,4.34,417,805.3,0,0,1,0
ORD004970,16846,1513,2024-07-26 01:00:00,1195.73,1,Beauty,16.3,UPI,Maharashtra,Urban,10,1,1,8,0.1,16.1,758,133,0.1755,3,8,3,0,2,245.4,6,0,0,3.84,218,0.0,1,0,1,0
ORD004971,13175,1755,2024-07-26 02:00:00,1847.29,4,Footwear,13.8,UPI,West Bengal,Urban,9,2,1,6,0.2222,12.2,755,45,0.0596,2,5,1,0,2,160.2,6,0,0,3.99,1363,0.0,0,0,1,0
ORD004972,13606,1175,2024-07-26 03:00:00,462.31,1,Home,12.9,COD,West Bengal,Semi-Urban,11,0,0,11,0.0,6.7,732,2,0.0027,0,4,3,0,5,69.4,2,0,0,3.74,845,462.31,0,0,1,0
ORD004973,13336,1237,2024-07-26 04:00:00,3636.2,2,Fashion,9.5,COD,West Bengal,Urban,11,1,0,10,0.0909,1.6,727,118,0.1623,1,3,3,1,2,68.7,3,0,0,4.12,953,3636.2,0,0,1,0
ORD004974,14897,1058,2024-07-26 05:00:00,2224.79,4,Electronics,21.6,COD,Maharashtra,Urban,5,1,1,3,0.2,8.0,774,170,0.2196,2,8,2,0,3,153.7,5,0,0,4.65,1630,2224.79,0,0,1,1
ORD004975,15037,1098,2024-07-26 06:00:00,392.72,1,Beauty,11.4,Credit Card,West Bengal,Urban,11,1,3,7,0.0909,42.8,748,52,0.0695,0,4,3,0,3,363.7,1,0,0,4.17,457,0.0,1,0,0,0
ORD004976,17551,1494,2024-07-26 07:00:00,1370.36,3,Home,15.5,Debit Card,Karnataka,Rural,12,5,0,7,0.4167,16.4,737,34,0.0461,5,11,4,0,5,139.4,1,0,0,4.47,1719,0.0,0,0,0,0
ORD004977,17427,1513,2024-07-26 08:00:00,781.59,3,Electronics,10.1,COD,West Bengal,Urban,7,1,0,6,0.1429,1.1,696,171,0.2457,2,15,4,0,4,52.3,2,0,0,4.67,138,781.59,0,0,0,1
ORD004978,10413,1754,2024-07-26 09:00:00,864.02,2,Beauty,21.7,Credit Card,West Bengal,Urban,11,0,1,10,0.0,18.4,715,53,0.0741,2,9,3,0,1,117.1,4,0,0,4.27,1529,0.0,0,0,0,0
ORD004979,12014,1296,2024-07-26 10:00:00,1353.3,1,Footwear,17.0,COD,Maharashtra,Semi-Urban,9,0,1,8,0.0,33.0,718,46,0.0641,2,6,2,0,3,144.2,3,0,0,3.85,80,1353.3,0,0,0,0
ORD004980,11381,1210,2024-07-26 11:00:00,2059.54,1,Electronics,23.6,COD,Delhi,Semi-Urban,12,1,1,10,0.0833,35.0,746,105,0.1408,4,10,3,0,2,347.9,4,0,0,4.13,126,2059.54,1,0,0,0
ORD004981,11098,1122,2024-07-26 12:00:00,829.21,1,Beauty,19.5,UPI,Maharashtra,Semi-Urban,9,0,0,9,0.0,47.7,702,91,0.1296,0,3,1,0,3,228.8,3,0,0,4.17,316,0.0,0,0,0,0
ORD004982,13426,1228,2024-07-26 13:00:00,835.92,2,Home,14.9,Credit Card,Maharashtra,Urban,9,1,2,6,0.1111,31.8,764,103,0.1348,0,3,6,0,3,245.6,4,0,0,4.11,1831,0.0,0,1,0,1
ORD004983,13655,1593,2024-07-26 14:00:00,1371.01,2,Home,14.6,COD,Karnataka,Urban,10,1,4,5,0.1,0.2,731,114,0.156,2,8,4,0,4,142.2,3,0,1,4.14,124,1371.01,0,0,0,1
ORD004984,17938,1655,2024-07-26 15:00:00,1545.61,2,Beauty,9.5,COD,Delhi,Semi-Urban,10,0,0,10,0.0,13.5,706,41,0.0581,3,10,3,0,1,158.3,4,0,0,4.1,1544,1545.61,1,0,0,1
ORD004985,10909,1387,2024-07-26 16:00:00,599.28,1,Footwear,18.8,Credit Card,Maharashtra,Urban,12,2,3,7,0.1667,10.2,805,113,0.1404,4,8,2,0,3,45.4,3,0,0,4.3,365,0.0,0,0,0,0
ORD004986,10187,1139,2024-07-26 17:00:00,3084.68,1,Beauty,8.3,Debit Card,Karnataka,Urban,5,4,0,1,0.8,15.2,761,67,0.088,1,4,5,1,4,144.6,4,0,0,4.33,536,0.0,0,0,0,0
ORD004987,14044,1540,2024-07-26 18:00:00,745.47,2,Fashion,42.2,COD,Maharashtra,Urban,6,0,1,5,0.0,39.3,736,120,0.163,1,8,4,0,3,239.2,4,0,0,4.33,744,745.47,0,0,0,0
ORD004988,13756,1390,2024-07-26 19:00:00,1956.29,2,Beauty,17.6,UPI,Karnataka,Urban,6,1,1,4,0.1667,1.0,727,81,0.1114,1,8,3,0,2,222.0,2,0,0,5.0,1375,0.0,0,1,0,0
ORD004989,12015,1269,2024-07-26 20:00:00,1438.02,3,Beauty,11.3,COD,Bihar,Semi-Urban,10,0,0,10,0.0,27.8,803,9,0.0112,2,9,1,0,4,286.3,7,0,0,3.5,1018,1438.02,0,0,0,1
ORD004990,15409,1758,2024-07-26 21:00:00,1577.81,2,Home,22.9,COD,West Bengal,Urban,15,1,1,13,0.0667,13.0,779,9,0.0116,2,11,2,1,2,154.6,5,0,0,4.19,1275,1577.81,0,0,0,1
ORD004991,12092,1011,2024-07-26 22:00:00,754.18,2,Footwear,3.8,COD,West Bengal,Urban,9,2,0,7,0.2222,162.0,784,54,0.0689,2,5,5,0,3,61.4,5,0,0,3.6,807,754.18,0,0,1,0
ORD004992,13644,1388,2024-07-26 23:00:00,389.82,2,Beauty,19.4,COD,Maharashtra,Urban,12,1,1,10,0.0833,8.6,750,75,0.1,1,6,4,0,4,44.5,3,0,0,3.59,1668,389.82,0,0,1,0
ORD004993,12130,1336,2024-07-27 00:00:00,1082.64,2,Electronics,15.2,COD,Karnataka,Urban,10,0,0,10,0.0,16.8,745,126,0.1691,1,6,3,0,2,53.5,4,1,0,3.87,382,1082.64,0,0,1,0
ORD004994,15242,1505,2024-07-27 01:00:00,1085.32,1,Home,22.7,COD,Bihar,Urban,6,1,1,4,0.1667,73.6,736,64,0.087,2,5,3,0,3,183.4,2,1,0,4.5,387,1085.32,0,0,1,0
ORD004995,10357,1105,2024-07-27 02:00:00,617.2,3,Home,17.3,COD,West Bengal,Semi-Urban,11,1,1,9,0.0909,4.5,721,111,0.154,3,12,1,0,4,202.8,3,1,0,4.77,69,617.2,0,1,1,1
ORD004996,15647,1031,2024-07-27 03:00:00,1902.2,2,Beauty,20.2,COD,Maharashtra,Urban,12,0,0,12,0.0,21.4,755,55,0.0728,2,8,3,0,4,163.6,5,1,0,4.57,1254,1902.2,0,0,1,1
ORD004997,15185,1073,2024-07-27 04:00:00,1063.25,1,Electronics,13.2,COD,Maharashtra,Urban,3,0,2,1,0.0,24.5,716,80,0.1117,1,4,3,0,2,147.1,2,1,0,4.28,1828,1063.25,1,1,1,1
ORD004998,17079,1170,2024-07-27 05:00:00,674.89,1,Beauty,26.4,COD,Karnataka,Urban,8,0,3,5,0.0,24.1,735,31,0.0422,1,5,4,0,2,94.2,4,1,0,4.09,307,674.89,0,1,1,0
ORD004999,15776,1068,2024-07-27 06:00:00,1557.82,1,Electronics,6.0,Credit Card,Delhi,Urban,10,1,0,9,0.1,36.0,715,206,0.2881,3,11,2,0,2,143.8,4,1,0,4.35,976,0.0,0,0,0,0
ORD005000,12422,1361,2024-07-27 07:00:00,1582.83,1,Home,3.5,COD,Maharashtra,Rural,8,1,1,6,0.125,3.6,789,154,0.1952,3,9,4,1,2,127.0,3,1,0,4.51,1183,1582.83,0,0,0,0
